{
	"format_version": "1.8.0",
	"animations": {
		"recoil": {
			"animation_length": 0.62,
			"bones": {
				"gun": {
					"rotation": {
						"0.0": {
							"post": [0, 0, 0],
							"lerp_mode": "catmullrom"
						},
						"0.03": {
							"post": [0.49274, -0.13396, 3.59988],
							"lerp_mode": "catmullrom"
						},
						"0.07": {
							"post": [-2.7, -0.19306, -0.1],
							"lerp_mode": "catmullrom"
						},
						"0.13": {
							"post": [-3.50173, 0.06893, -0.84814],
							"lerp_mode": "catmullrom"
						},
						"0.21": {
							"post": [-2.39619, 0.15109, 1.69825],
							"lerp_mode": "catmullrom"
						},
						"0.3": {
							"post": [-0.8, -0.0036, 0.17499],
							"lerp_mode": "catmullrom"
						},
						"0.4": {
							"post": [0.6, -0.2, 0.1],
							"lerp_mode": "catmullrom"
						},
						"0.5": {
							"post": [-0.2, -0.075, -0.05],
							"lerp_mode": "catmullrom"
						},
						"0.62": [0, 0, 0]
					},
					"position": {
						"0.0": {
							"post": [0, 0, 0],
							"lerp_mode": "catmullrom"
						},
						"0.03": {
							"post": [0, -0.225, 3.2],
							"lerp_mode": "catmullrom"
						},
						"0.08": {
							"post": [0, -0.2, 3.85],
							"lerp_mode": "catmullrom"
						},
						"0.13": {
							"post": [0, -0.05, 2.68],
							"lerp_mode": "catmullrom"
						},
						"0.3": {
							"post": [0, -0.025, 0.1],
							"lerp_mode": "catmullrom"
						},
						"0.4": {
							"post": [0, 0, -0.3],
							"lerp_mode": "catmullrom"
						},
						"0.51": {
							"post": [0, 0, 0.2],
							"lerp_mode": "catmullrom"
						},
						"0.62": [0, 0, 0]
					}
				},
				"camera": {
					"rotation": {
						"0.0": [0, 0, 0],
						"0.03": {
							"pre": [-1, 0, 0],
							"post": [-1, 0, 0],
							"lerp_mode": "catmullrom"
						},
						"0.09": {
							"post": [0.5, 0, 0],
							"lerp_mode": "catmullrom"
						},
						"0.18": {
							"post": [-0.2, 0, 0],
							"lerp_mode": "catmullrom"
						},
						"0.29": {
							"post": [0.1, 0, 0],
							"lerp_mode": "catmullrom"
						},
						"0.44": [0, 0, 0]
					}
				}
			}
		},
		"pump_action": {
			"animation_length": 0.6333,
			"bones": {
				"gun": {
					"rotation": {
						"0.0": [0, 0, 0],
						"0.06": {
							"pre": [0, 0, 1],
							"post": [0, 0, 1],
							"lerp_mode": "catmullrom"
						},
						"0.12": {
							"post": [-1.9981, 0.08722, 4],
							"lerp_mode": "catmullrom"
						},
						"0.18": {
							"post": [-0.8, 0.00269, 1.00152],
							"lerp_mode": "catmullrom"
						},
						"0.28": {
							"post": [0.5, -0.01072, 1.3],
							"lerp_mode": "catmullrom"
						},
						"0.37": {
							"post": [1.59857, 0.06629, -1],
							"lerp_mode": "catmullrom"
						},
						"0.46": {
							"post": [0.3, 0, 0.2],
							"lerp_mode": "catmullrom"
						},
						"0.54": {
							"post": [-0.1, 0, -0.2],
							"lerp_mode": "catmullrom"
						},
						"0.63": [0, 0, 0]
					},
					"position": {
						"0.0": [0, 0, 0],
						"0.07": {
							"pre": [0, 0, 0.5],
							"post": [0, 0, 0.5],
							"lerp_mode": "catmullrom"
						},
						"0.12": {
							"post": [-0.3, 0, 1.5],
							"lerp_mode": "catmullrom"
						},
						"0.24": {
							"post": [-0.3, 0, 0.7],
							"lerp_mode": "catmullrom"
						},
						"0.32": {
							"post": [-0.3, 0, 0.2],
							"lerp_mode": "catmullrom"
						},
						"0.38": {
							"post": [-0.3, 0, 0.3],
							"lerp_mode": "catmullrom"
						},
						"0.46": {
							"post": [-0.2, 0, -0.3],
							"lerp_mode": "catmullrom"
						},
						"0.61": [0, 0, 0]
					}
				},
				"slide": {
					"position": {
						"0.05": [0, 0, 0],
						"0.12": {
							"pre": [0, 0, 13],
							"post": [0, 0, 13],
							"lerp_mode": "catmullrom"
						},
						"0.18": [0, 0, 13],
						"0.27": [0, 0, 13],
						"0.35": {
							"pre": [0, 0, 0],
							"post": [0, 0, 0],
							"lerp_mode": "catmullrom"
						}
					}
				},
				"handguard": {
					"position": {
						"0.05": [0, 0, 0],
						"0.12": {
							"pre": [0, 0, 14],
							"post": [0, 0, 14],
							"lerp_mode": "catmullrom"
						},
						"0.18": [0, 0, 14],
						"0.27": [0, 0, 14],
						"0.35": {
							"pre": [0, 0, 0],
							"post": [0, 0, 0],
							"lerp_mode": "catmullrom"
						}
					}
				},
				"left_arm": {
					"rotation": {
						"0.05": [0, 0, 0],
						"0.12": {
							"pre": [-0.56726, 8.41905, -1.23743],
							"post": [-0.56726, 8.41905, -1.23743],
							"lerp_mode": "catmullrom"
						},
						"0.18": [-0.56726, 8.41905, -1.23743],
						"0.27": [-0.57, 8.42, -1.24],
						"0.35": {
							"pre": [0, 0, 0],
							"post": [0, 0, 0],
							"lerp_mode": "catmullrom"
						},
						"0.42": [0, 0, 0]
					},
					"position": {
						"0.05": [0, 0, 0],
						"0.12": {
							"pre": [4.87426, -4.0261, 12.09381],
							"post": [4.87426, -4.0261, 12.09381],
							"lerp_mode": "catmullrom"
						},
						"0.18": [4.87426, -4.0261, 12.09381],
						"0.27": [4.87, -4.03, 12.09],
						"0.35": {
							"pre": [0, 0, 0],
							"post": [0, 0, 0],
							"lerp_mode": "catmullrom"
						},
						"0.42": [0, 0, 0]
					}
				},
				"camera": {
					"rotation": {
						"0.0": [0, 0, 0],
						"0.1": [0.1, 0, 0],
						"0.15": {
							"pre": [-0.6, 0, -0.3],
							"post": [-0.6, 0, -0.3],
							"lerp_mode": "catmullrom"
						},
						"0.21": {
							"post": [0.2, 0, 0.2],
							"lerp_mode": "catmullrom"
						},
						"0.32": {
							"post": [0.5, 0, 0.3],
							"lerp_mode": "catmullrom"
						},
						"0.41": {
							"post": [-0.2, 0, 0.1],
							"lerp_mode": "catmullrom"
						},
						"0.51": [0, 0, 0]
					}
				}
			},
			"sound_effects": {
				"0.03": {
					"effect": "m870_pump_action"
				}
			}
		},
		"enter_reload": {
			"loop": "hold_on_last_frame",
			"animation_length": 0.4,
			"bones": {
				"gun": {
					"rotation": {
						"0.0": [0, 0, 0],
						"0.18": {
							"pre": [-2.5, -2, -10],
							"post": [-2.5, -2, -10],
							"lerp_mode": "catmullrom"
						},
						"0.29": {
							"post": [-4.61776, -3.64835, -19.90347],
							"lerp_mode": "catmullrom"
						},
						"0.4": [-4.73281, -3.22542, -16.46235]
					},
					"position": {
						"0.0": [0, 0, 0],
						"0.22": {
							"pre": [-1, 1, -1],
							"post": [-1, 1, -1],
							"lerp_mode": "catmullrom"
						},
						"0.39": [-1.1, 1, -0.8]
					}
				},
				"left_arm": {
					"rotation": {
						"0.0": [0, 0, 0],
						"0.13": {
							"pre": [6.13118, -7.37994, 2.99122],
							"post": [6.13118, -7.37994, 2.99122],
							"lerp_mode": "catmullrom"
						},
						"0.32": [8.06536, -11.75967, -19.13092]
					},
					"position": {
						"0.0": [0, 0, 0],
						"0.13": {
							"pre": [0.48416, -6.29476, 0.37634],
							"post": [0.48416, -6.29476, 0.37634],
							"lerp_mode": "catmullrom"
						},
						"0.32": [-6.37605, -36.45078, 3.26474]
					},
					"scale": {
						"0.32": [1, 1, 1],
						"0.34": [0, 0, 0]
					}
				}
			}
		},
		"reload_single": {
			"loop": true,
			"animation_length": 0.65,
			"bones": {
				"gun": {
					"rotation": {
						"0.0": [-4.73281, -3.22542, -16.46235],
						"0.08": {
							"pre": [-5.7322, -3.2603, -18.4621],
							"post": [-5.7322, -3.2603, -18.4621],
							"lerp_mode": "catmullrom"
						},
						"0.19": {
							"post": [-5.7322, -3.2603, -25.9621],
							"lerp_mode": "catmullrom"
						},
						"0.27": {
							"post": [-6.7291, -3.3387, -21.9608],
							"lerp_mode": "catmullrom"
						},
						"0.36": {
							"post": [-5.7322, -3.2603, -23.9621],
							"lerp_mode": "catmullrom"
						},
						"0.47": {
							"post": [-5.7328, -3.2554, -22.9624],
							"lerp_mode": "catmullrom"
						},
						"0.61": [-4.7328, -3.2254, -16.4624]
					},
					"position": {
						"0.0": [-1.1, 1, -0.8],
						"0.1": {
							"pre": [-1.4, 1.1, -0.6],
							"post": [-1.4, 1.1, -0.6],
							"lerp_mode": "catmullrom"
						},
						"0.21": {
							"post": [-1.1, 1.3, -0.9],
							"lerp_mode": "catmullrom"
						},
						"0.28": {
							"post": [-1.4, 1.3, -1.7],
							"lerp_mode": "catmullrom"
						},
						"0.38": {
							"post": [-1.2, 1.2, -1.5],
							"lerp_mode": "catmullrom"
						},
						"0.5": {
							"post": [-1, 1.2, -1.1],
							"lerp_mode": "catmullrom"
						},
						"0.64": [-1.1, 1, -0.8]
					}
				},
				"reloading_arm": {
					"rotation": {
						"0.0": [0, 0, 0],
						"0.07": {
							"pre": [-2.5, 0, 0],
							"post": [-2.5, 0, 0],
							"lerp_mode": "catmullrom"
						},
						"0.16": {
							"post": [-10.13345, 1.56567, -2.11508],
							"lerp_mode": "catmullrom"
						},
						"0.25": {
							"post": [-12.70414, 2.02544, -2.87001],
							"lerp_mode": "catmullrom"
						},
						"0.29": [0.01746, -0.58005, 0.65121],
						"0.39": [0.01746, -0.58005, 0.65121],
						"0.48": {
							"pre": [11.01856, -6.86368, -1.33477],
							"post": [11.01856, -6.86368, -1.33477],
							"lerp_mode": "catmullrom"
						},
						"0.58": [0, 0, 0]
					},
					"position": {
						"0.0": [0, 0, 0],
						"0.09": {
							"pre": [0.98191, 28.11822, 7.51011],
							"post": [0.98191, 28.11822, 7.51011],
							"lerp_mode": "catmullrom"
						},
						"0.16": {
							"post": [-0.54328, 30.34502, 0.07099],
							"lerp_mode": "catmullrom"
						},
						"0.25": {
							"post": [-1.49131, 31.76166, -6.95511],
							"lerp_mode": "catmullrom"
						},
						"0.29": [-1.07249, 43.71598, -9.16912],
						"0.39": [-1.07249, 43.71598, -9.16912],
						"0.48": {
							"pre": [-1.31, 36.83742, -2.4489],
							"post": [-1.31, 36.83742, -2.4489],
							"lerp_mode": "catmullrom"
						},
						"0.62": [0, 0, 0]
					}
				},
				"shell": {
					"scale": {
						"0.28": [1, 1, 1],
						"0.31": [0, 0, 0],
						"0.56": [0, 0, 0],
						"0.58": [1, 1, 1]
					}
				},
				"camera": {
					"rotation": {
						"0.0": [0, 0, 0],
						"0.2": [-0.5, 0, 0.3],
						"0.26": {
							"pre": [0.8, 0, -0.3],
							"post": [0.8, 0, -0.3],
							"lerp_mode": "catmullrom"
						},
						"0.35": {
							"post": [-0.4, 0, 0.2],
							"lerp_mode": "catmullrom"
						},
						"0.45": {
							"post": [0.2, 0, -0.1],
							"lerp_mode": "catmullrom"
						},
						"0.59": [0, 0, 0]
					}
				},
				"left_arm": {
					"rotation": {
						"0.0": [8.06536, -11.75967, -19.13092],
						"0.64": [8.06536, -11.75967, -19.13092]
					},
					"position": {
						"0.0": [-6.37605, -36.45078, 3.26474],
						"0.64": [-6.37605, -36.45078, 3.26474]
					},
					"scale": {
						"0.0": [0, 0, 0],
						"0.64": [0, 0, 0]
					}
				}
			},
			"sound_effects": {
				"0.1": {
					"effect": "m870_insert_shell"
				}
			}
		},
		"exit_reload": {
			"loop": "hold_on_last_frame",
			"animation_length": 0.4,
			"bones": {
				"gun": {
					"rotation": {
						"0.0": [-4.73281, -3.22542, -16.46235],
						"0.18": {
							"pre": [2.73219, -2.4434, -1.82707],
							"post": [2.73219, -2.4434, -1.82707],
							"lerp_mode": "catmullrom"
						},
						"0.29": {
							"post": [-0.26922, 0.5, 1],
							"lerp_mode": "catmullrom"
						},
						"0.4": [0, 0, 0]
					},
					"position": {
						"0.0": [-1.1, 1, -0.8],
						"0.29": [0, 0, 0]
					}
				},
				"left_arm": {
					"rotation": {
						"0.0": [8.06536, -11.75967, -19.13092],
						"0.15": {
							"pre": [5.99581, 0.76206, 3.30947],
							"post": [5.99581, 0.76206, 3.30947],
							"lerp_mode": "catmullrom"
						},
						"0.31": [0, 0, 0]
					},
					"position": {
						"0.0": [-6.37605, -36.45078, 3.26474],
						"0.15": {
							"pre": [6.42042, -9.80282, 2.98277],
							"post": [6.42042, -9.80282, 2.98277],
							"lerp_mode": "catmullrom"
						},
						"0.31": [0, 0, 0]
					},
					"scale": {
						"0.0": [0, 0, 0],
						"0.02": [1, 1, 1]
					}
				}
			}
		}
	}
}