{"format_version":"1.12.0","minecraft:geometry":[{"description":{"identifier":"geometry.unknown","texture_width":256,"texture_height":256,"visible_bounds_width":13,"visible_bounds_height":7,"visible_bounds_offset":[0,-1.5,0]},"bones":[{"name":"root","pivot":[0,0,0]},{"name":"gun","parent":"root","pivot":[0,0,0]},{"name":"slide","parent":"gun","pivot":[0,4.7429,-23.5],"cubes":[{"origin":[-0.98688,5.02632,-23.13427],"size":[1.97375,2,13.2],"uv":{"north":{"uv":[131,121],"uv_size":[2,2]},"up":{"uv":[70,79],"uv_size":[2,13]}}},{"origin":[-0.98688,5.02632,-9.93427],"size":[1.97375,2,1.1],"pivot":[-0.98688,7.02632,-9.93427],"rotation":[-30,0,0],"uv":{"south":{"uv":[66,150],"uv_size":[2,2]},"up":{"uv":[24,115],"uv_size":[2,1]}}},{"origin":[0.69537,5.7568,-23.13427],"size":[1.97375,1.97379,13.2],"pivot":[-0.00902,7.02658,-23.13427],"rotation":[0,0,45],"uv":{"north":{"uv":[68,150],"uv_size":[2,2]},"up":{"uv":[54,129],"uv_size":[2,13]}}},{"origin":[0.98688,5.05253,-9.93427],"size":[1.97375,1.97379,1.1],"pivot":[0.98688,7.02632,-9.93427],"rotation":[-22.5,0,45],"uv":{"south":{"uv":[150,73],"uv_size":[2,2]},"up":{"uv":[138,45],"uv_size":[2,1]}}},{"origin":[-2.38253,2.93066,-23.13427],"size":[4.76542,2.7,14.2],"uv":{"north":{"uv":[66,141],"uv_size":[5,3]},"east":{"uv":[116,100],"uv_size":[14,3]},"south":{"uv":[71,141],"uv_size":[5,3]},"west":{"uv":[116,103],"uv_size":[14,3]},"up":{"uv":[20,101],"uv_size":[5,14]}}},{"origin":[-2.18006,2.17196,-23.13427],"size":[1.97379,1.97375,13.2],"pivot":[1.89373,4.14571,-23.13427],"rotation":[0,0,45],"uv":{"north":{"uv":[150,75],"uv_size":[2,2]},"east":{"uv":[130,100],"uv_size":[13,2]}}},{"origin":[-0.98688,5.05256,-9.93427],"size":[1.97379,1.97375,1.1],"pivot":[-0.98688,7.02632,-9.93427],"rotation":[0,22.5,45],"uv":{"east":{"uv":[64,153],"uv_size":[1,2]},"south":{"uv":[86,150],"uv_size":[2,2]}}},{"origin":[-2.18006,-0.52804,-23.13427],"size":[1.97379,1.97375,14.2],"pivot":[1.89373,1.44571,-23.13427],"rotation":[0,0,45],"uv":{"north":{"uv":[94,150],"uv_size":[2,2]},"south":{"uv":[96,150],"uv_size":[2,2]},"down":{"uv":[110,141],"uv_size":[2,-14]}}}]},{"name":"handguard","parent":"gun","pivot":[0,-0.8213,-56.9],"cubes":[{"origin":[-4.5,1.8,-73.9],"size":[3,1,25],"pivot":[-1.5,2.8,-72.9],"rotation":[0,0,-45],"uv":{"north":{"uv":[117,14],"uv_size":[3,1]},"south":{"uv":[120,33],"uv_size":[3,1]},"west":{"uv":[130,108],"uv_size":[25,1]},"up":{"uv":[76,96],"uv_size":[3,25]},"down":{"uv":[79,121],"uv_size":[3,-25]}}},{"origin":[-3.62132,-0.32132,-48.9],"size":[2,1,9],"pivot":[-3.62132,0.67868,-48.9],"rotation":[0,0,-75],"uv":{"south":{"uv":[153,63],"uv_size":[2,1]},"west":{"uv":[145,111],"uv_size":[9,1]},"up":{"uv":[46,135],"uv_size":[2,9]},"down":{"uv":[102,145],"uv_size":[2,-9]}}},{"origin":[-4.20368,1.61053,-49.48579],"size":[1.1,1,2],"pivot":[-3.10368,2.61053,-47.48579],"rotation":[0,-45,-75],"uv":{"north":{"uv":[66,140],"uv_size":[1,1]},"east":{"uv":[68,153],"uv_size":[2,1]},"west":{"uv":[70,153],"uv_size":[2,1]},"up":{"uv":[153,72],"uv_size":[1,2]},"down":{"uv":[153,76],"uv_size":[1,-2]}}},{"origin":[-3.62132,-0.32132,-51.9],"size":[2.6,1,3],"pivot":[-3.62132,0.67868,-48.9],"rotation":[22.5,0,-75],"uv":{"west":{"uv":[152,122],"uv_size":[3,1]},"up":{"uv":[146,139],"uv_size":[3,3]},"down":{"uv":[147,39],"uv_size":[3,-3]}}},{"origin":[-3.62132,-2.32132,-73.9],"size":[1,3,34],"uv":{"north":{"uv":[106,152],"uv_size":[1,3]},"east":{"uv":[83,14],"uv_size":[34,3]},"south":{"uv":[152,129],"uv_size":[1,3]},"west":{"uv":[83,17],"uv_size":[34,3]}}},{"origin":[1.5,1.8,-73.9],"size":[3,1,25],"pivot":[1.5,2.8,-72.9],"rotation":[0,0,45],"uv":{"north":{"uv":[152,125],"uv_size":[3,1]},"east":{"uv":[127,130],"uv_size":[25,1]},"south":{"uv":[152,126],"uv_size":[3,1]},"up":{"uv":[82,96],"uv_size":[3,25]},"down":{"uv":[85,121],"uv_size":[3,-25]}}},{"origin":[2.03766,2.97656,-73.9],"size":[0.7,1,25],"uv":{"north":{"uv":[146,142],"uv_size":[1,1]},"east":{"uv":[131,16],"uv_size":[25,1]},"south":{"uv":[18,147],"uv_size":[1,1]},"west":{"uv":[131,17],"uv_size":[25,1]},"up":{"uv":[121,130],"uv_size":[1,25]}}},{"origin":[-2.73766,2.97656,-73.9],"size":[0.7,1,25],"uv":{"north":{"uv":[44,149],"uv_size":[1,1]},"east":{"uv":[131,26],"uv_size":[25,1]},"south":{"uv":[34,150],"uv_size":[1,1]},"west":{"uv":[131,27],"uv_size":[25,1]},"up":{"uv":[123,130],"uv_size":[1,25]}}},{"origin":[1.73766,2.97656,-73.9],"size":[1,0.7,25],"pivot":[2.73766,2.97656,-73.81421],"rotation":[0,0,-45],"uv":{"north":{"uv":[43,154],"uv_size":[1,1]},"south":{"uv":[154,47],"uv_size":[1,1]},"up":{"uv":[48,131],"uv_size":[1,25]},"down":{"uv":[49,156],"uv_size":[1,-25]}}},{"origin":[-2.23558,2.76442,-73.9],"size":[0.7,1,25],"pivot":[-1.53558,2.76442,-73.81421],"rotation":[0,0,-45],"uv":{"north":{"uv":[154,48],"uv_size":[1,1]},"east":{"uv":[131,30],"uv_size":[25,1]},"south":{"uv":[154,49],"uv_size":[1,1]},"west":{"uv":[131,31],"uv_size":[25,1]}}},{"origin":[1.5,1.8,-73.9],"size":[1,1,25],"uv":{"north":{"uv":[52,154],"uv_size":[1,1]},"south":{"uv":[53,154],"uv_size":[1,1]},"west":{"uv":[131,86],"uv_size":[25,1]},"up":{"uv":[127,131],"uv_size":[1,25]}}},{"origin":[-2.5,1.8,-73.9],"size":[1,1,25],"uv":{"north":{"uv":[54,154],"uv_size":[1,1]},"east":{"uv":[131,87],"uv_size":[25,1]},"south":{"uv":[154,54],"uv_size":[1,1]},"up":{"uv":[129,131],"uv_size":[1,25]}}},{"origin":[1.62132,-0.32132,-48.9],"size":[2,1,9],"pivot":[3.62132,0.67868,-48.9],"rotation":[0,0,75],"uv":{"east":{"uv":[145,133],"uv_size":[9,1]},"south":{"uv":[153,79],"uv_size":[2,1]},"up":{"uv":[28,137],"uv_size":[2,9]},"down":{"uv":[80,146],"uv_size":[2,-9]}}},{"origin":[3.10368,1.61053,-49.48579],"size":[1.1,1,2],"pivot":[3.10368,2.61053,-47.48579],"rotation":[0,45,75],"uv":{"north":{"uv":[55,154],"uv_size":[1,1]},"east":{"uv":[80,153],"uv_size":[2,1]},"west":{"uv":[82,153],"uv_size":[2,1]},"up":{"uv":[84,153],"uv_size":[1,2]},"down":{"uv":[85,155],"uv_size":[1,-2]}}},{"origin":[1.02132,-0.32132,-51.9],"size":[2.6,1,3],"pivot":[3.62132,0.67868,-48.9],"rotation":[22.5,0,75],"uv":{"east":{"uv":[133,152],"uv_size":[3,1]},"up":{"uv":[41,147],"uv_size":[3,3]},"down":{"uv":[52,150],"uv_size":[3,-3]}}},{"origin":[2.62132,-2.32132,-73.9],"size":[1,3,34],"uv":{"north":{"uv":[152,136],"uv_size":[1,3]},"east":{"uv":[84,56],"uv_size":[34,3]},"south":{"uv":[141,152],"uv_size":[1,3]},"west":{"uv":[84,59],"uv_size":[34,3]}}},{"origin":[-2.91421,-2.61421,-73.9],"size":[3,1,34],"pivot":[-2.91421,-1.61421,-72.9],"rotation":[0,0,45],"uv":{"north":{"uv":[142,152],"uv_size":[3,1]},"south":{"uv":[145,152],"uv_size":[3,1]},"up":{"uv":[26,82],"uv_size":[3,34]},"down":{"uv":[29,116],"uv_size":[3,-34]}}},{"origin":[-0.08579,-2.61421,-73.9],"size":[3,1,34],"pivot":[2.91421,-1.61421,-72.9],"rotation":[0,0,-45],"uv":{"north":{"uv":[148,152],"uv_size":[3,1]},"south":{"uv":[152,148],"uv_size":[3,1]},"up":{"uv":[32,82],"uv_size":[3,34]},"down":{"uv":[84,96],"uv_size":[3,-34]}}},{"origin":[-1.5,-4.44264,-73.9],"size":[3,1,34],"uv":{"north":{"uv":[152,149],"uv_size":[3,1]},"south":{"uv":[151,152],"uv_size":[3,1]},"up":{"uv":[48,85],"uv_size":[3,34]},"down":{"uv":[51,119],"uv_size":[3,-34]}}}]},{"name":"stock","parent":"gun","pivot":[0,0.925,8.1],"rotation":[-2.5,0,0],"cubes":[{"origin":[-2.75002,-0.68894,9.84962],"size":[5.5,4,22],"pivot":[-3.05002,3.31106,7.84962],"rotation":[-22.5,0,0],"uv":{"east":{"uv":[85,42],"uv_size":[22,4]},"south":{"uv":[132,42],"uv_size":[6,4]},"west":{"uv":[87,78],"uv_size":[22,4]}}},{"origin":[-2.75002,-8.4837,30.59555],"size":[5.5,3,37],"pivot":[-3.05002,-4.4837,30.59555],"rotation":[-22.5,0,0],"uv":{"east":{"uv":[83,8],"uv_size":[37,3]},"west":{"uv":[83,11],"uv_size":[37,3]}}},{"origin":[-2.75002,-5.4837,33.29555],"size":[5.5,3,31.2],"pivot":[-3.05002,-4.4837,30.59555],"rotation":[-22.5,0,0],"uv":{"east":{"uv":[85,36],"uv_size":[31,3]},"west":{"uv":[85,39],"uv_size":[31,3]}}},{"origin":[-2.75002,-2.4837,43.19555],"size":[5.5,3,20.3],"pivot":[-3.05002,-4.4837,30.59555],"rotation":[-22.5,0,0],"uv":{"east":{"uv":[104,94],"uv_size":[20,3]},"west":{"uv":[104,97],"uv_size":[20,3]}}},{"origin":[-2.75002,0.5163,53.09555],"size":[5.5,2.6,9.4],"pivot":[-3.05002,-4.4837,30.59555],"rotation":[-22.5,0,0],"uv":{"east":{"uv":[130,71],"uv_size":[9,3]},"west":{"uv":[130,74],"uv_size":[9,3]}}},{"origin":[-1.10026,-0.00782,28.56284],"size":[2.2,1.65,37.35],"pivot":[1.09974,-0.00782,28.91284],"rotation":[-5.75,0,0],"uv":{"east":{"uv":[85,46],"uv_size":[37,2]},"west":{"uv":[93,62],"uv_size":[37,2]},"up":{"uv":[88,96],"uv_size":[2,37]}}},{"origin":[1.63183,-1.15965,28.79686],"size":[1.65,2.3331,37],"pivot":[1.63183,-1.15965,28.79686],"rotation":[-4.0012,-4.1328,-45.8556],"uv":{"north":{"uv":[150,104],"uv_size":[2,2]},"west":{"uv":[93,66],"uv_size":[37,2]},"down":{"uv":[94,133],"uv_size":[2,-37]}}},{"origin":[-2.75002,-0.00758,28.91286],"size":[1.65,2.3331,37],"pivot":[-2.75002,-0.00758,28.91286],"rotation":[-4.0727,4.0624,44.8555],"uv":{"north":{"uv":[150,109],"uv_size":[2,2]},"east":{"uv":[93,68],"uv_size":[37,2]}}},{"origin":[-1.10026,-2.31339,21.25236],"size":[2.2,1.65,8.3],"pivot":[1.09974,-2.31339,21.25236],"rotation":[16.75,0,0],"uv":{"east":{"uv":[138,59],"uv_size":[8,2]},"west":{"uv":[139,112],"uv_size":[8,2]},"up":{"uv":[98,137],"uv_size":[2,8]}}},{"origin":[1.63184,-3.42189,21.58599],"size":[1.65,2.3331,8],"pivot":[1.63184,-3.42189,21.58599],"rotation":[11.8087,11.9649,-44.7582],"uv":{"south":{"uv":[150,131],"uv_size":[2,2]},"west":{"uv":[140,54],"uv_size":[8,2]},"down":{"uv":[14,148],"uv_size":[2,-8]}}},{"origin":[-2.75001,-2.31316,21.2523],"size":[1.65,2.3331,8],"pivot":[-2.75001,-2.31316,21.2523],"rotation":[12.0142,-11.7585,43.7584],"uv":{"east":{"uv":[133,140],"uv_size":[8,2]},"south":{"uv":[145,150],"uv_size":[2,2]}}},{"origin":[-2.76,-19.68435,62.12557],"size":[5.52,10.1,3],"pivot":[-2.95002,-9.68435,65.12557],"rotation":[-4.25,0,0],"uv":{"north":{"uv":[104,100],"uv_size":[6,10]},"east":{"uv":[102,126],"uv_size":[3,10]},"west":{"uv":[98,127],"uv_size":[3,10]}}},{"origin":[-2.74,-4.80758,21.01286],"size":[5.48,4.8,7.9],"pivot":[-2.95002,-0.00758,28.91286],"rotation":[16.75,0,0],"uv":{"east":{"uv":[118,56],"uv_size":[8,5]},"west":{"uv":[123,86],"uv_size":[8,5]}}},{"origin":[-2.76,-6.00758,28.91286],"size":[5.52,6,37],"pivot":[-2.95002,-0.00758,28.91286],"rotation":[-5.75,0,0],"uv":{"east":{"uv":[48,36],"uv_size":[37,6]},"west":{"uv":[48,42],"uv_size":[37,6]}}},{"origin":[-2.7405,-5.23968,18.35153],"size":[5.48,2.8,7],"pivot":[-2.95051,-5.33968,18.35153],"rotation":[-45,0,0],"uv":{"east":{"uv":[136,82],"uv_size":[7,3]},"west":{"uv":[60,137],"uv_size":[7,3]}}},{"origin":[-2.7605,-8.89487,21.66485],"size":[5.52,6.5,5.2],"pivot":[-2.95051,-8.89487,21.86485],"rotation":[-82.5,0,0],"uv":{"east":{"uv":[0,126],"uv_size":[5,7]},"south":{"uv":[120,26],"uv_size":[6,7]},"west":{"uv":[126,26],"uv_size":[5,7]}}},{"origin":[1.74998,2.58397,9.70499],"size":[1,1.4198,14],"pivot":[2.74998,2.58397,9.60499],"rotation":[-21.5015,-6.7914,-16.7091],"uv":{"west":{"uv":[139,134],"uv_size":[14,1]}}},{"origin":[1.15305,3.57535,10.42984],"size":[1.4198,1,14.1],"pivot":[1.20305,4.57535,10.42984],"rotation":[-18.5263,12.9991,33.871],"uv":{"up":{"uv":[59,101],"uv_size":[1,14]}}},{"origin":[-2.5824,3.6025,10.44109],"size":[1.4198,1,14.1],"pivot":[-1.1626,4.6025,10.44109],"rotation":[-18.5263,-12.9991,-33.871],"uv":{"up":{"uv":[44,135],"uv_size":[1,14]}}},{"origin":[-1.1626,3.6025,10.44109],"size":[2.3252,1,14.1],"pivot":[-1.51262,4.6025,10.44109],"rotation":[-22.5,0,0],"uv":{"up":{"uv":[70,120],"uv_size":[3,14]}}},{"origin":[-2.74998,2.58397,9.70499],"size":[1,1.4198,14],"pivot":[-2.74998,2.58397,9.60499],"rotation":[-21.5015,6.7914,16.7091],"uv":{"east":{"uv":[141,115],"uv_size":[14,1]}}},{"origin":[-1.10026,-9.70339,28.43348],"size":[2.2,1.65,37],"pivot":[1.09974,-9.70339,28.43348],"rotation":[-22.5,0,0],"uv":{"down":{"uv":[39,135],"uv_size":[2,-37]}}},{"origin":[-1.10026,-1.90862,7.68755],"size":[2.2,1.65,11],"pivot":[1.09974,-1.90862,5.68755],"rotation":[-22.5,0,0],"uv":{"down":{"uv":[35,146],"uv_size":[2,-11]}}},{"origin":[1.09998,-10.51232,29.06481],"size":[1.65,2.3331,37],"pivot":[2.74998,-8.17922,29.06481],"rotation":[-16.3249,15.6999,42.7342],"uv":{"west":{"uv":[98,20],"uv_size":[37,2]}}},{"origin":[1.09998,-2.71755,8.31888],"size":[1.65,2.3331,11.3],"pivot":[2.74998,-0.38445,6.31888],"rotation":[-16.3249,15.6999,42.7342],"uv":{"west":{"uv":[133,135],"uv_size":[11,2]}}},{"origin":[-2.75002,-10.61755,29.04388],"size":[1.65,2.3331,37],"pivot":[-2.75002,-8.28445,29.31888],"rotation":[-16.3249,-15.6999,-42.7342],"uv":{"east":{"uv":[98,22],"uv_size":[37,2]}}},{"origin":[-2.75002,-2.71755,8.31888],"size":[1.65,2.3331,13.3],"pivot":[-2.75002,-0.38445,6.31888],"rotation":[-16.3249,-15.6999,-42.7342],"uv":{"east":{"uv":[130,104],"uv_size":[13,2]}}},{"origin":[-1.10026,-6.42589,17.16277],"size":[2.2,1.65,5],"pivot":[1.09974,-6.52589,17.16277],"rotation":[-45,0,0],"uv":{"east":{"uv":[99,94],"uv_size":[5,2]},"down":{"uv":[74,149],"uv_size":[2,-5]}}},{"origin":[1.09949,-7.49415,18.30321],"size":[1.65,2.3331,5],"pivot":[2.74949,-5.16105,18.30321],"rotation":[-35.2644,30,35.2644],"uv":{"west":{"uv":[144,10],"uv_size":[5,2]}}},{"origin":[-2.75051,-7.63557,18.24463],"size":[1.65,2.3331,5],"pivot":[-2.75051,-5.30247,18.44463],"rotation":[-35.2644,-30,-35.2644],"uv":{"east":{"uv":[144,42],"uv_size":[5,2]}}},{"origin":[-1.10076,-14.43834,25.59751],"size":[2.2,1.65,5],"pivot":[-1.30076,-12.78834,30.59751],"rotation":[-82.5,0,0],"uv":{"south":{"uv":[108,151],"uv_size":[2,2]}}},{"origin":[-1.10076,-14.43834,25.59751],"size":[2.2,1.65,5],"pivot":[-1.30076,-12.78834,30.59751],"rotation":[-127.5,0,0],"uv":{"east":{"uv":[144,135],"uv_size":[5,2]},"west":{"uv":[145,2],"uv_size":[5,2]},"up":{"uv":[3,145],"uv_size":[2,5]}}},{"origin":[-1.10026,-9.11021,20.22921],"size":[2.2,1.65,5],"pivot":[1.09974,-9.11021,20.22921],"rotation":[-82.5,0,0],"uv":{"south":{"uv":[151,127],"uv_size":[2,2]},"down":{"uv":[10,150],"uv_size":[2,-5]}}},{"origin":[-1.58404,-10.3165,28.58813],"size":[1.65,2.3331,5.2],"pivot":[0.06596,-7.9834,28.78813],"rotation":[-79.4532,44.5119,7.4366],"uv":{"east":{"uv":[60,145],"uv_size":[5,2]},"south":{"uv":[151,141],"uv_size":[2,2]}}},{"origin":[1.09949,-11.22797,21.66485],"size":[1.65,2.3331,5.2],"pivot":[2.74949,-8.89487,21.86485],"rotation":[-79.4532,44.5119,7.4366],"uv":{"south":{"uv":[151,145],"uv_size":[2,2]},"west":{"uv":[145,75],"uv_size":[5,2]}}},{"origin":[-0.06699,-10.51479,28.41424],"size":[1.65,2.3331,5.2],"pivot":[-0.06699,-8.18169,28.81424],"rotation":[-79.4532,-44.5119,-7.4366],"uv":{"south":{"uv":[1,152],"uv_size":[2,2]},"west":{"uv":[145,102],"uv_size":[5,2]}}},{"origin":[-2.75002,-11.42626,21.49095],"size":[1.65,2.3331,5.2],"pivot":[-2.75002,-9.09316,21.89095],"rotation":[-79.4532,-44.5119,-7.4366],"uv":{"east":{"uv":[145,104],"uv_size":[5,2]},"south":{"uv":[6,152],"uv_size":[2,2]}}},{"origin":[-2.09947,-22.99946,61.30039],"size":[2.4855,1.26,3.15],"pivot":[-2.13397,-21.73946,63.82039],"rotation":[-7.4664,7.4037,44.5163],"uv":{"north":{"uv":[86,153],"uv_size":[2,1]},"south":{"uv":[88,153],"uv_size":[2,1]},"down":{"uv":[55,152],"uv_size":[2,-3]}}},{"origin":[1.25259,-3.09688,64.98911],"size":[2.4855,1.26,3.15],"pivot":[1.21809,-1.83688,67.50911],"rotation":[-7.4664,7.4037,44.5163],"uv":{"north":{"uv":[153,92],"uv_size":[2,1]},"south":{"uv":[153,93],"uv_size":[2,1]},"up":{"uv":[149,62],"uv_size":[2,3]}}},{"origin":[-1.24302,-24.38534,64.7867],"size":[2.4855,22.89,3.15],"pivot":[0.61249,-2.75534,65.4167],"rotation":[-10.5,0,0],"uv":{"north":{"uv":[32,116],"uv_size":[2,23]},"south":{"uv":[52,119],"uv_size":[2,23]},"up":{"uv":[74,149],"uv_size":[2,3]},"down":{"uv":[88,152],"uv_size":[2,-3]}}},{"origin":[-3.72852,-3.12087,64.98467],"size":[2.4855,1.26,3.15],"pivot":[-1.24302,-1.86087,67.50467],"rotation":[-7.4664,-7.4037,-44.5163],"uv":{"north":{"uv":[94,153],"uv_size":[2,1]},"south":{"uv":[96,153],"uv_size":[2,1]},"up":{"uv":[90,149],"uv_size":[2,3]}}},{"origin":[-0.37646,-23.02345,61.29594],"size":[2.4855,1.26,3.15],"pivot":[2.10905,-21.76345,63.81594],"rotation":[-7.4664,-7.4037,-44.5163],"uv":{"north":{"uv":[153,98],"uv_size":[2,1]},"south":{"uv":[153,99],"uv_size":[2,1]},"down":{"uv":[104,152],"uv_size":[2,-3]}}},{"origin":[-3,-22.71466,61.67937],"size":[6,19.4,3.15],"pivot":[-0.17157,-19.69466,64.19937],"rotation":[-10.5,0,0],"uv":{"north":{"uv":[64,79],"uv_size":[6,19]},"east":{"uv":[6,103],"uv_size":[3,19]},"south":{"uv":[20,82],"uv_size":[6,19]},"west":{"uv":[98,108],"uv_size":[3,19]}}}]},{"name":"mag","parent":"gun","pivot":[0,-0.7571,-81.025],"cubes":[{"origin":[-0.93988,-3.12092,-81.02788],"size":[1.87976,4.5385,58],"uv":{"north":{"uv":[146,20],"uv_size":[2,5]},"south":{"uv":[28,146],"uv_size":[2,5]},"up":{"uv":[16,78],"uv_size":[2,58]},"down":{"uv":[18,136],"uv_size":[2,-58]}}},{"origin":[-0.93988,0.91758,-81.02788],"size":[1.87976,0.5,4],"pivot":[-0.93988,1.41758,-81.02788],"rotation":[6,0,0],"uv":{"east":{"uv":[150,85],"uv_size":[4,1]},"west":{"uv":[151,64],"uv_size":[4,1]},"up":{"uv":[76,92],"uv_size":[2,4]}}},{"origin":[-0.93988,-3.12331,-80.97561],"size":[1.87976,0.5,4],"pivot":[-0.93988,-2.62331,-80.97561],"rotation":[-6,0,0],"uv":{"east":{"uv":[151,94],"uv_size":[4,1]},"west":{"uv":[151,147],"uv_size":[4,1]},"down":{"uv":[62,151],"uv_size":[2,-4]}}},{"origin":[0.38906,-2.89276,-81.02788],"size":[1.87976,4.5385,58],"pivot":[0.38906,0.86676,-80.08799],"rotation":[0,0,45],"uv":{"north":{"uv":[35,146],"uv_size":[2,5]},"south":{"uv":[37,146],"uv_size":[2,5]},"up":{"uv":[60,79],"uv_size":[2,58]},"down":{"uv":[62,137],"uv_size":[2,-58]}}},{"origin":[-2.26942,-1.79137,-81.02788],"size":[4.5385,1.87976,58],"uv":{"north":{"uv":[145,109],"uv_size":[5,2]},"east":{"uv":[83,0],"uv_size":[58,2]},"south":{"uv":[145,119],"uv_size":[5,2]},"west":{"uv":[83,2],"uv_size":[58,2]}}},{"origin":[-2.26942,-1.79137,-81.02788],"size":[0.5,1.87976,4],"pivot":[-2.26942,0.08839,-81.02788],"rotation":[0,-6,0],"uv":{"east":{"uv":[64,135],"uv_size":[4,2]},"up":{"uv":[19,136],"uv_size":[1,4]},"down":{"uv":[104,140],"uv_size":[1,-4]}}},{"origin":[1.7992,-1.79137,-80.45297],"size":[0.5,1.87976,4],"pivot":[-3.2008,0.08839,-80.45297],"rotation":[0,6,0],"uv":{"west":{"uv":[147,112],"uv_size":[4,2]},"up":{"uv":[67,137],"uv_size":[1,4]},"down":{"uv":[22,152],"uv_size":[1,-4]}}},{"origin":[-2.26942,-3.67114,-81.02788],"size":[4.5385,1.87976,58],"pivot":[2.26907,-1.79137,-81.02788],"rotation":[0,0,45],"uv":{"north":{"uv":[145,121],"uv_size":[5,2]},"east":{"uv":[83,4],"uv_size":[58,2]},"south":{"uv":[145,125],"uv_size":[5,2]},"west":{"uv":[83,6],"uv_size":[58,2]}}}]},{"name":"barrel","parent":"gun","pivot":[0,4.6429,-47.9],"cubes":[{"origin":[-0.93988,2.27908,-48.02788],"size":[1.87976,4.5385,25],"uv":{"north":{"uv":[39,146],"uv_size":[2,5]},"south":{"uv":[146,44],"uv_size":[2,5]},"up":{"uv":[68,98],"uv_size":[2,25]}}},{"origin":[0.38906,2.50724,-48.02788],"size":[1.87976,4.5385,25],"pivot":[0.38906,6.26676,-47.08799],"rotation":[0,0,45],"uv":{"north":{"uv":[146,49],"uv_size":[2,5]},"south":{"uv":[80,146],"uv_size":[2,5]},"up":{"uv":[20,115],"uv_size":[2,25]},"down":{"uv":[22,140],"uv_size":[2,-25]}}},{"origin":[-2.26942,3.60863,-48.02788],"size":[4.5385,1.87976,25],"uv":{"north":{"uv":[145,131],"uv_size":[5,2]},"east":{"uv":[98,34],"uv_size":[25,2]},"south":{"uv":[145,137],"uv_size":[5,2]},"west":{"uv":[105,92],"uv_size":[25,2]}}},{"origin":[-2.26942,1.72886,-48.02788],"size":[4.5385,1.87976,25],"pivot":[2.26907,3.60863,-48.02788],"rotation":[0,0,45],"uv":{"north":{"uv":[146,40],"uv_size":[5,2]},"east":{"uv":[107,42],"uv_size":[25,2]},"south":{"uv":[146,58],"uv_size":[5,2]},"west":{"uv":[107,44],"uv_size":[25,2]}}},{"origin":[-2.04248,2.02027,-110.01509],"size":[4.08465,1.69179,62],"pivot":[2.04217,3.71205,-110.01509],"rotation":[0,0,45],"uv":{"north":{"uv":[147,123],"uv_size":[4,2]},"east":{"uv":[78,48],"uv_size":[62,2]},"west":{"uv":[78,50],"uv_size":[62,2]}}},{"origin":[-2.04248,3.71205,-110.01509],"size":[4.08465,1.69179,62],"uv":{"north":{"uv":[147,144],"uv_size":[4,2]},"east":{"uv":[78,52],"uv_size":[62,2]},"west":{"uv":[78,54],"uv_size":[62,2]}}},{"origin":[0.35016,2.7208,-110.01509],"size":[1.69179,4.08465,62],"pivot":[0.35016,6.10438,-109.16919],"rotation":[0,0,45],"uv":{"north":{"uv":[64,147],"uv_size":[2,4]},"up":{"uv":[46,73],"uv_size":[2,62]},"down":{"uv":[10,140],"uv_size":[2,-62]}}},{"origin":[0.64194,3.2208,-110.04009],"size":[2.2,2.2,1],"pivot":[1.15016,6.60438,-109.19419],"rotation":[0,0,45],"uv":{"north":{"uv":[8,152],"uv_size":[2,2]}}},{"origin":[-0.84589,2.51546,-110.01509],"size":[1.69179,4.08465,62],"uv":{"north":{"uv":[14,148],"uv_size":[2,4]},"up":{"uv":[12,78],"uv_size":[2,62]},"down":{"uv":[14,140],"uv_size":[2,-62]}}},{"origin":[-0.7,6.31546,-107.11509],"size":[1.4,1.08465,1],"uv":{"east":{"uv":[154,72],"uv_size":[1,1]},"west":{"uv":[154,74],"uv_size":[1,1]},"up":{"uv":[154,75],"uv_size":[1,1]}}},{"origin":[-0.25,7.31546,-106.91509],"size":[0.5,1.08465,0.5],"uv":{"north":{"uv":[81,154],"uv_size":[1,1]},"east":{"uv":[154,81],"uv_size":[1,1]},"south":{"uv":[82,154],"uv_size":[1,1]},"west":{"uv":[83,154],"uv_size":[1,1]},"up":{"uv":[154,85],"uv_size":[1,1]}}},{"origin":[-0.7,6.31546,-106.11509],"size":[1.4,1.08465,2],"pivot":[-0.7,7.40011,-106.11509],"rotation":[-30,0,0],"uv":{"east":{"uv":[153,128],"uv_size":[2,1]},"west":{"uv":[153,129],"uv_size":[2,1]},"up":{"uv":[153,130],"uv_size":[1,2]}}},{"origin":[-0.7,5.31546,-108.84714],"size":[1.4,1.08465,2],"pivot":[-0.7,6.40011,-108.84714],"rotation":[30,0,0],"uv":{"east":{"uv":[134,153],"uv_size":[2,1]},"west":{"uv":[153,134],"uv_size":[2,1]},"up":{"uv":[136,153],"uv_size":[1,2]}}},{"origin":[-2.72331,-4.25394,-77.05345],"size":[5.4462,2.25572,3],"pivot":[2.72289,-1.99823,-77.05345],"rotation":[0,0,45],"uv":{"north":{"uv":[146,78],"uv_size":[5,2]},"east":{"uv":[101,108],"uv_size":[3,2]},"south":{"uv":[146,98],"uv_size":[5,2]},"west":{"uv":[149,10],"uv_size":[3,2]}}},{"origin":[-2.72331,-1.99823,-77.05345],"size":[5.4462,2.25571,3],"uv":{"north":{"uv":[146,100],"uv_size":[5,2]},"east":{"uv":[149,42],"uv_size":[3,2]},"south":{"uv":[146,127],"uv_size":[5,2]},"west":{"uv":[149,56],"uv_size":[3,2]}}},{"origin":[0.46688,-3.31989,-77.05345],"size":[2.25571,5.4462,3],"pivot":[0.46688,1.19154,-75.92559],"rotation":[0,0,45],"uv":{"north":{"uv":[108,146],"uv_size":[2,5]},"south":{"uv":[16,147],"uv_size":[2,5]},"up":{"uv":[119,149],"uv_size":[2,3]},"down":{"uv":[133,152],"uv_size":[2,-3]}}},{"origin":[-1.12786,-3.59368,-77.05345],"size":[2.25571,7,3],"uv":{"north":{"uv":[125,141],"uv_size":[2,7]},"east":{"uv":[41,135],"uv_size":[3,7]},"south":{"uv":[55,142],"uv_size":[2,7]},"west":{"uv":[16,136],"uv_size":[3,7]},"down":{"uv":[137,152],"uv_size":[2,-3]}}}]},{"name":"body","parent":"gun","pivot":[0,-1,0],"cubes":[{"origin":[-2.80002,-1.6,-9.2],"size":[5.6,6.732,12],"uv":{"north":{"uv":[76,121],"uv_size":[6,7]},"east":{"uv":[87,82],"uv_size":[12,7]},"south":{"uv":[82,121],"uv_size":[6,7]},"west":{"uv":[87,89],"uv_size":[12,7]}}},{"origin":[-2.79998,-1.6,2.8],"size":[5.6,1.732,6],"uv":{"east":{"uv":[6,143],"uv_size":[6,2]},"west":{"uv":[82,143],"uv_size":[6,2]}}},{"origin":[-2.79998,-0.61854,2.62281],"size":[5.6,4.85,4],"pivot":[-2.99998,4.23146,6.62281],"rotation":[-12.5,0,0],"uv":{"east":{"uv":[24,137],"uv_size":[4,5]},"south":{"uv":[82,128],"uv_size":[6,5]},"west":{"uv":[76,137],"uv_size":[4,5]}}},{"origin":[-2.79998,-1.20662,6.28015],"size":[5.6,4,3.61],"pivot":[-2.99998,2.79338,9.28015],"rotation":[-27.5,0,0],"uv":{"east":{"uv":[88,140],"uv_size":[4,4]},"west":{"uv":[141,2],"uv_size":[4,4]}}},{"origin":[-2.79998,-1.6,8.15],"size":[5.6,4.24,0.65],"pivot":[-2.99998,-1.6,8.8],"rotation":[-13.9,0,0],"uv":{"east":{"uv":[54,150],"uv_size":[1,4]},"south":{"uv":[133,131],"uv_size":[6,4]},"west":{"uv":[40,151],"uv_size":[1,4]}}},{"origin":[-2.80002,-1.6,-25.6],"size":[5.6,3.8,16.4],"uv":{"north":{"uv":[70,134],"uv_size":[6,4]},"east":{"uv":[98,26],"uv_size":[16,4]},"west":{"uv":[98,30],"uv_size":[16,4]},"up":{"uv":[54,85],"uv_size":[6,16]},"down":{"uv":[87,78],"uv_size":[6,-16]}}},{"origin":[-2.80002,2.2,-25.6],"size":[5.6,2.932,2.4],"uv":{"north":{"uv":[140,45],"uv_size":[6,3]},"east":{"uv":[149,139],"uv_size":[2,3]},"south":{"uv":[140,48],"uv_size":[6,3]},"west":{"uv":[141,149],"uv_size":[2,3]}}},{"origin":[1.70002,0.8,-51],"size":[0.5,1.8,25.4],"uv":{"east":{"uv":[109,78],"uv_size":[25,2]},"west":{"uv":[109,80],"uv_size":[25,2]},"up":{"uv":[131,131],"uv_size":[1,25]},"down":{"uv":[45,157],"uv_size":[1,-25]}}},{"origin":[-2.19998,0.8,-51],"size":[0.5,1.8,25.4],"uv":{"east":{"uv":[111,82],"uv_size":[25,2]},"west":{"uv":[111,84],"uv_size":[25,2]},"up":{"uv":[132,131],"uv_size":[1,25]},"down":{"uv":[0,158],"uv_size":[1,-25]}}},{"origin":[-2.79998,2.975,-23.2],"size":[0.5,0.71,1.414],"pivot":[-2.79998,3.7,-23.2],"rotation":[-45,0,0],"uv":{"east":{"uv":[93,154],"uv_size":[1,1]},"west":{"uv":[95,154],"uv_size":[1,1]},"up":{"uv":[154,95],"uv_size":[1,1]}}},{"origin":[-2.79998,2.49513,-9.70487],"size":[0.5,1.414,0.7],"pivot":[-2.79998,3.19513,-9.70487],"rotation":[-45,0,0],"uv":{"north":{"uv":[97,154],"uv_size":[1,1]},"east":{"uv":[102,154],"uv_size":[1,1]},"west":{"uv":[104,154],"uv_size":[1,1]}}},{"origin":[-2.79998,2.2,-23.2],"size":[0.5,0.5,14],"uv":{"east":{"uv":[143,82],"uv_size":[14,1]},"west":{"uv":[143,83],"uv_size":[14,1]},"up":{"uv":[111,141],"uv_size":[1,14]}}},{"origin":[2.29998,2.2,-23.2],"size":[0.5,2.932,14],"uv":{"east":{"uv":[116,106],"uv_size":[14,3]},"west":{"uv":[117,15],"uv_size":[14,3]}}},{"origin":[-2.79998,-3.9331,-9.2],"size":[1.65,2.3331,18],"pivot":[-2.79998,-1.6,2.8],"rotation":[0,0,-45],"uv":{"north":{"uv":[152,10],"uv_size":[2,2]},"east":{"uv":[116,40],"uv_size":[18,2]},"south":{"uv":[12,152],"uv_size":[2,2]}}},{"origin":[-2.79998,-3.9331,-25.6],"size":[1.65,2.3331,2.4],"pivot":[-2.79998,-1.6,1.4],"rotation":[0,0,-45],"uv":{"north":{"uv":[14,152],"uv_size":[2,2]},"east":{"uv":[16,152],"uv_size":[2,2]},"south":{"uv":[18,152],"uv_size":[2,2]}}},{"origin":[-3.07443,-3.80363,-23.2],"size":[0.3,1.8,14],"pivot":[-3.42443,-1.47053,1.4],"rotation":[0,0,-45],"uv":{"east":{"uv":[128,38],"uv_size":[14,2]},"west":{"uv":[127,128],"uv_size":[14,2]},"down":{"uv":[77,156],"uv_size":[1,-14]}}},{"origin":[1.63329,-2.76637,-9.2],"size":[1.65,2.3331,18],"pivot":[1.63329,-0.43327,2.8],"rotation":[0,0,45],"uv":{"north":{"uv":[152,22],"uv_size":[2,2]},"south":{"uv":[24,152],"uv_size":[2,2]},"west":{"uv":[123,33],"uv_size":[18,2]}}},{"origin":[-41.053,-29.8202,-25.6],"size":[1.65,2.3331,2.4],"pivot":[12.947,-65.4871,-13.6],"rotation":[0,0,45],"uv":{"north":{"uv":[26,152],"uv_size":[2,2]},"south":{"uv":[152,44],"uv_size":[2,2]},"west":{"uv":[152,46],"uv_size":[2,2]}}},{"origin":[-39.32604,-29.44324,-23.2],"size":[0.3,1.8,14],"pivot":[13.32396,-65.11014,-13.6],"rotation":[0,0,45],"uv":{"east":{"uv":[130,62],"uv_size":[14,2]},"west":{"uv":[130,64],"uv_size":[14,2]},"down":{"uv":[79,156],"uv_size":[1,-14]}}},{"origin":[-1.14975,-3.24975,-9.2],"size":[2.3,1.65,18],"uv":{"north":{"uv":[149,135],"uv_size":[3,2]},"down":{"uv":[110,127],"uv_size":[3,-18]}}},{"origin":[-1.34975,-3.44975,-25.6],"size":[2.7,1.65,2.4],"uv":{"north":{"uv":[1,150],"uv_size":[3,2]},"east":{"uv":[152,54],"uv_size":[2,2]},"south":{"uv":[150,2],"uv_size":[3,2]},"west":{"uv":[55,152],"uv_size":[2,2]},"down":{"uv":[6,152],"uv_size":[3,-2]}}},{"origin":[1.89998,5.132,-25.6],"size":[0.5,1.4198,2.4],"pivot":[2.89998,5.132,-25.6],"rotation":[0,0,-18],"uv":{"north":{"uv":[154,107],"uv_size":[1,1]},"south":{"uv":[154,109],"uv_size":[1,1]}}},{"origin":[2.29998,5.132,-25.6],"size":[0.5,1.4198,28.4],"pivot":[2.79998,5.132,-25.6],"rotation":[0,0,-18],"uv":{"north":{"uv":[154,110],"uv_size":[1,1]},"east":{"uv":[127,116],"uv_size":[28,1]},"south":{"uv":[154,111],"uv_size":[1,1]},"west":{"uv":[130,66],"uv_size":[28,1]}}},{"origin":[1.2935,6.37564,-25.6],"size":[1.4198,0.5,2.4],"pivot":[1.21258,7.31685,-25.6],"rotation":[0,0,36],"uv":{"north":{"uv":[154,112],"uv_size":[1,1]},"south":{"uv":[113,154],"uv_size":[1,1]}}},{"origin":[1.1935,6.87564,-25.6],"size":[1.4198,0.5,28.4],"pivot":[1.11258,7.31685,-25.6],"rotation":[0,0,36],"uv":{"north":{"uv":[154,113],"uv_size":[1,1]},"south":{"uv":[114,154],"uv_size":[1,1]},"up":{"uv":[31,128],"uv_size":[1,28]},"down":{"uv":[107,156],"uv_size":[1,-28]}}},{"origin":[-2.6324,6.81685,-25.6],"size":[1.4198,0.5,2.4],"pivot":[-1.2126,7.31685,-25.6],"rotation":[0,0,-36],"uv":{"north":{"uv":[117,154],"uv_size":[1,1]},"up":{"uv":[3,154],"uv_size":[1,2]}}},{"origin":[-2.36124,5.98231,-23.2],"size":[0.65,0.5,1.3],"pivot":[-2.36124,6.48231,-23.2],"rotation":[0,45,-36],"uv":{"east":{"uv":[154,118],"uv_size":[1,1]},"up":{"uv":[154,123],"uv_size":[1,1]},"down":{"uv":[154,125],"uv_size":[1,-1]}}},{"origin":[-2.36124,5.98231,-10.5],"size":[0.65,0.5,1.3],"pivot":[-2.36124,6.48231,-9.2],"rotation":[0,-45,-36],"uv":{"east":{"uv":[126,154],"uv_size":[1,1]},"up":{"uv":[154,133],"uv_size":[1,1]},"down":{"uv":[134,155],"uv_size":[1,-1]}}},{"origin":[-2.6324,6.81685,-9.2],"size":[1.4198,0.5,12],"pivot":[-1.2126,7.31685,-9.2],"rotation":[0,0,-36],"uv":{"south":{"uv":[154,136],"uv_size":[1,1]},"up":{"uv":[117,142],"uv_size":[1,12]},"down":{"uv":[118,154],"uv_size":[1,-12]}}},{"origin":[-1.7126,6.81685,-23.2],"size":[0.5,0.5,14],"pivot":[-1.2126,7.31685,-23.2],"rotation":[0,0,-36],"uv":{"east":{"uv":[143,84],"uv_size":[14,1]},"up":{"uv":[115,142],"uv_size":[1,14]},"down":{"uv":[116,156],"uv_size":[1,-14]}}},{"origin":[-2.7324,6.31685,-25.6],"size":[1.4198,0.5,2.4],"pivot":[-1.3126,7.31685,-25.6],"rotation":[0,0,-36],"uv":{"north":{"uv":[139,154],"uv_size":[1,1]},"south":{"uv":[154,139],"uv_size":[1,1]}}},{"origin":[-1.2126,6.81685,-25.6],"size":[2.4252,0.5,28.4],"uv":{"north":{"uv":[35,153],"uv_size":[3,1]},"up":{"uv":[70,92],"uv_size":[3,28]},"down":{"uv":[73,120],"uv_size":[3,-28]}}},{"origin":[-2.79998,5.132,-25.6],"size":[1,1.4198,2.4],"pivot":[-2.79998,5.132,-25.6],"rotation":[0,0,18],"uv":{"north":{"uv":[140,154],"uv_size":[1,1]},"east":{"uv":[15,154],"uv_size":[2,1]},"south":{"uv":[154,140],"uv_size":[1,1]}}},{"origin":[-2.79998,5.132,-9.2],"size":[0.5,1.4198,12],"pivot":[-2.79998,5.132,-25.6],"rotation":[0,0,18],"uv":{"north":{"uv":[154,141],"uv_size":[1,1]},"east":{"uv":[143,96],"uv_size":[12,1]},"south":{"uv":[154,142],"uv_size":[1,1]},"west":{"uv":[143,97],"uv_size":[12,1]}}},{"origin":[1.79998,5.16215,2.42474],"size":[1,1.4198,4.3],"pivot":[2.79998,5.16215,2.42474],"rotation":[-11.9061,-3.835,-17.6],"uv":{"north":{"uv":[154,143],"uv_size":[1,1]},"south":{"uv":[145,154],"uv_size":[1,1]},"west":{"uv":[152,57],"uv_size":[4,1]},"down":{"uv":[110,155],"uv_size":[1,-4]}}},{"origin":[1.20305,6.28815,2.79364],"size":[1.4198,1,4.5],"pivot":[1.25305,7.28815,2.79364],"rotation":[-10.1682,7.309,35.3489],"uv":{"north":{"uv":[154,145],"uv_size":[1,1]},"south":{"uv":[146,154],"uv_size":[1,1]},"west":{"uv":[149,65],"uv_size":[5,1]},"up":{"uv":[9,117],"uv_size":[1,5]}}},{"origin":[-2.6324,6.31685,2.8],"size":[1.4198,1,4.5],"pivot":[-1.2126,7.31685,2.8],"rotation":[-10.1682,-7.309,-35.3489],"uv":{"north":{"uv":[154,146],"uv_size":[1,1]},"east":{"uv":[149,95],"uv_size":[5,1]},"south":{"uv":[148,154],"uv_size":[1,1]},"up":{"uv":[27,147],"uv_size":[1,5]}}},{"origin":[-1.2126,6.31685,2.8],"size":[2.4252,1,4.5],"pivot":[-1.51262,7.31685,2.8],"rotation":[-12.5,0,0],"uv":{"up":{"uv":[41,142],"uv_size":[3,5]}}},{"origin":[-2.79998,5.16215,2.42474],"size":[1,1.4198,4.3],"pivot":[-2.79998,5.16215,2.42474],"rotation":[-11.9061,3.835,17.6],"uv":{"north":{"uv":[149,154],"uv_size":[1,1]},"east":{"uv":[152,60],"uv_size":[4,1]},"south":{"uv":[150,154],"uv_size":[1,1]},"down":{"uv":[67,156],"uv_size":[1,-4]}}},{"origin":[1.79998,4.40489,6.28448],"size":[1,1.4198,4],"pivot":[2.79998,4.40489,6.18448],"rotation":[-26.3395,-8.2034,-16.0774],"uv":{"north":{"uv":[154,150],"uv_size":[1,1]},"south":{"uv":[151,154],"uv_size":[1,1]},"west":{"uv":[152,71],"uv_size":[4,1]},"down":{"uv":[152,76],"uv_size":[1,-4]}}},{"origin":[1.20305,5.3168,7.17976],"size":[1.4198,1,4.1],"pivot":[1.25305,6.3168,7.17976],"rotation":[-22.8383,15.7481,32.7998],"uv":{"north":{"uv":[154,151],"uv_size":[1,1]},"south":{"uv":[154,152],"uv_size":[1,1]},"west":{"uv":[152,80],"uv_size":[4,1]},"up":{"uv":[73,152],"uv_size":[1,4]}}},{"origin":[-2.6324,5.34287,7.19333],"size":[1.4198,1,4.1],"pivot":[-1.2126,6.34287,7.19333],"rotation":[-22.8383,-15.7481,-32.7998],"uv":{"north":{"uv":[153,154],"uv_size":[1,1]},"east":{"uv":[82,152],"uv_size":[4,1]},"south":{"uv":[154,154],"uv_size":[1,1]},"up":{"uv":[75,152],"uv_size":[1,4]}}},{"origin":[-1.2126,5.34287,7.19333],"size":[2.4252,1,4.1],"pivot":[-1.51262,6.34287,7.19333],"rotation":[-27.5,0,0],"uv":{"south":{"uv":[153,41],"uv_size":[3,1]},"up":{"uv":[16,143],"uv_size":[3,4]}}},{"origin":[-2.79998,4.40489,6.28448],"size":[1,1.4198,4],"pivot":[-2.79998,4.40489,6.18448],"rotation":[-26.3395,8.2034,16.0774],"uv":{"north":{"uv":[1,155],"uv_size":[1,1]},"east":{"uv":[152,102],"uv_size":[4,1]},"south":{"uv":[2,155],"uv_size":[1,1]},"down":{"uv":[98,156],"uv_size":[1,-4]}}},{"origin":[-1.66725,-3.91855,6.28518],"size":[3.3345,1.1115,1.1115],"pivot":[-0.55575,-3.91855,6.28518],"rotation":[-45,0,0],"uv":{"north":{"uv":[153,58],"uv_size":[3,1]},"east":{"uv":[6,155],"uv_size":[1,1]},"south":{"uv":[153,59],"uv_size":[3,1]},"west":{"uv":[155,6],"uv_size":[1,1]},"up":{"uv":[60,153],"uv_size":[3,1]},"down":{"uv":[153,63],"uv_size":[3,-1]}}},{"origin":[1.1115,-1.44775,-1.92457],"size":[0.55575,1.66725,4.446],"pivot":[0.55575,-1.44775,-1.92457],"rotation":[-142,0,0],"uv":{"east":{"uv":[148,20],"uv_size":[4,2]},"south":{"uv":[21,154],"uv_size":[1,2]},"west":{"uv":[148,22],"uv_size":[4,2]},"up":{"uv":[99,152],"uv_size":[1,4]},"down":{"uv":[152,108],"uv_size":[1,-4]}}},{"origin":[-1.1115,-3.44845,-1.53555],"size":[2.223,0.55575,5.00175],"uv":{"east":{"uv":[150,52],"uv_size":[5,1]},"west":{"uv":[150,53],"uv_size":[5,1]},"down":{"uv":[25,152],"uv_size":[2,-5]}}},{"origin":[-0.55575,-6.70702,3.98999],"size":[1.1115,3.3345,0.55575],"pivot":[-1.66725,-4.48402,4.54574],"rotation":[-10,0,0],"uv":{"north":{"uv":[38,153],"uv_size":[1,3]},"east":{"uv":[39,153],"uv_size":[1,3]},"south":{"uv":[44,153],"uv_size":[1,3]},"west":{"uv":[46,153],"uv_size":[1,3]},"down":{"uv":[155,8],"uv_size":[1,-1]}}},{"origin":[-1.1115,-5.98455,-2.45671],"size":[2.223,1.66725,0.55575],"uv":{"east":{"uv":[24,154],"uv_size":[1,2]},"south":{"uv":[113,152],"uv_size":[2,2]},"west":{"uv":[25,154],"uv_size":[1,2]}}},{"origin":[-1.1115,-6.443,6.71317],"size":[2.223,1.66725,0.55575],"uv":{"north":{"uv":[152,117],"uv_size":[2,2]},"east":{"uv":[32,154],"uv_size":[1,2]},"west":{"uv":[33,154],"uv_size":[1,2]}}},{"origin":[-1.1115,-9.04117,7.21334],"size":[2.223,3.3345,0.55575],"pivot":[-1.1115,-5.70667,7.76909],"rotation":[-30,0,0],"uv":{"north":{"uv":[143,149],"uv_size":[2,3]},"east":{"uv":[47,153],"uv_size":[1,3]},"south":{"uv":[41,150],"uv_size":[2,3]},"west":{"uv":[63,153],"uv_size":[1,3]}}},{"origin":[-1.1115,-3.1405,2.83953],"size":[2.223,2.77875,5.5575],"pivot":[-1.1115,-3.1405,2.83953],"rotation":[-27.5,0,0],"uv":{"east":{"uv":[140,51],"uv_size":[6,3]},"south":{"uv":[150,44],"uv_size":[2,3]},"west":{"uv":[60,140],"uv_size":[6,3]},"down":{"uv":[119,149],"uv_size":[2,-6]}}},{"origin":[-1.1115,-8.59443,0.54434],"size":[2.223,0.55575,5.5575],"uv":{"east":{"uv":[133,127],"uv_size":[6,1]},"west":{"uv":[146,60],"uv_size":[6,1]},"up":{"uv":[141,143],"uv_size":[2,6]},"down":{"uv":[143,149],"uv_size":[2,-6]}}},{"origin":[-1.1115,-4.92495,-3.42422],"size":[2.223,0.55575,6.11325],"pivot":[-1.1115,-3.81345,-3.42422],"rotation":[-40,0,0],"uv":{"east":{"uv":[146,80],"uv_size":[6,1]},"west":{"uv":[146,129],"uv_size":[6,1]},"up":{"uv":[46,144],"uv_size":[2,6]},"down":{"uv":[66,150],"uv_size":[2,-6]}}},{"origin":[-1.1115,-3.3373,-7.98225],"size":[2.223,2.77875,6.11325],"pivot":[0,-3.3373,-7.98225],"rotation":[-20,0,0],"uv":{"north":{"uv":[46,150],"uv_size":[2,3]},"east":{"uv":[140,78],"uv_size":[6,3]},"south":{"uv":[150,47],"uv_size":[2,3]},"west":{"uv":[82,140],"uv_size":[6,3]},"down":{"uv":[70,150],"uv_size":[2,-6]}}}]},{"name":"left_arm","parent":"gun","pivot":[14.26895,-19.62206,-5.68148],"rotation":[-96.9787,19.04515,36.49338]},{"name":"reloading_arm","parent":"gun","pivot":[5.86895,-78.92206,29.31852],"rotation":[-120.65639,15.27914,15.08822]},{"name":"shell","parent":"reloading_arm","pivot":[4.83494,-139.05298,27.7034],"rotation":[119.58444,20.48189,-5.14214],"cubes":[{"origin":[4.11593,-140.8613,27.7012],"size":[1.43802,3.47195,11],"uv":{"north":{"uv":[20,148],"uv_size":[2,4]},"south":{"uv":[148,44],"uv_size":[2,4]},"up":{"uv":[1,133],"uv_size":[2,12]},"down":{"uv":[3,145],"uv_size":[2,-12]}}},{"origin":[5.13257,-140.68676,27.7012],"size":[1.43802,3.47195,11],"pivot":[5.13257,-137.81073,28.42021],"rotation":[0,0,45],"uv":{"north":{"uv":[148,48],"uv_size":[2,4]},"south":{"uv":[148,52],"uv_size":[2,4]},"up":{"uv":[94,133],"uv_size":[2,12]},"down":{"uv":[96,145],"uv_size":[2,-12]}}},{"origin":[3.09883,-139.8442,27.7012],"size":[3.47195,1.43802,11],"uv":{"north":{"uv":[148,117],"uv_size":[4,2]},"east":{"uv":[131,89],"uv_size":[12,2]},"south":{"uv":[145,148],"uv_size":[4,2]},"west":{"uv":[133,125],"uv_size":[12,2]}}},{"origin":[3.09883,-141.28222,27.7012],"size":[3.47195,1.43802,11],"pivot":[6.57078,-139.8442,27.7012],"rotation":[0,0,45],"uv":{"north":{"uv":[149,0],"uv_size":[4,2]},"east":{"uv":[134,40],"uv_size":[12,2]},"south":{"uv":[149,8],"uv_size":[4,2]},"west":{"uv":[135,18],"uv_size":[12,2]}}}]},{"name":"right_arm","parent":"gun","pivot":[-7.49854,-9.47481,55.46086],"rotation":[-92.77735,-7.76178,5.37425],"cubes":[{"origin":[-12.04854,-63.47481,49.46086],"size":[9,54,12],"uv":{"up":{"uv":[63,41],"uv_size":[6,8]}}}]},{"name":"s_muzzle","parent":"gun","pivot":[0,4.55,-110.05]},{"name":"s_mag","parent":"gun","pivot":[0,-0.7571,-81.025]},{"name":"s_stock","parent":"gun","pivot":[0,0.6,9.4]},{"name":"camera","parent":"root","pivot":[6.5,13,24.5]}]}]}