{
  "item.generic.ak_mag_off": { "subtitle": "item.generic.ak_mag_off", "sounds": [{ "name": "gcaa:generic/ak_mag_off" }]},
  "item.generic.ak_mag_attach": { "subtitle": "item.generic.ak_mag_attach", "sounds": [{ "name": "gcaa:generic/ak_mag_attach" }]},
  "item.generic.ak_charge": { "subtitle": "item.generic.ak_charge", "sounds": [{ "name": "gcaa:generic/ak_charge" }]},
  "item.generic.pistol_slide_back": { "subtitle": "item.generic.pistol_slide_back", "sounds": [{ "name": "gcaa:generic/pistol_slide_back" }]},
  "item.generic.pistol_slide_forward": { "subtitle": "item.generic.pistol_slide_forward", "sounds": [{ "name": "gcaa:generic/pistol_slide_forward" }]},
  "item.generic.smg_mag_attach": { "subtitle": "item.generic.smg_mag_attach", "sounds": [{ "name": "gcaa:generic/smg_mag_attach" }]},
  "item.generic.smg_mag_off": { "subtitle": "item.generic.smg_mag_off", "sounds": [{ "name": "gcaa:generic/smg_mag_off" }]},
  "item.generic.awp_bolt_back": { "subtitle": "item.generic.awp_bolt_back", "sounds": [{ "name": "gcaa:generic/awp_bolt_back" }]},
  "item.generic.awp_bolt_forward": { "subtitle": "item.generic.awp_bolt_forward", "sounds": [{ "name": "gcaa:generic/awp_bolt_forward" }]},
  "item.generic.awp_mag_attach": { "subtitle": "item.generic.awp_mag_attach", "sounds": [{ "name": "gcaa:generic/awp_mag_attach" }]},
  "item.generic.awp_mag_off": { "subtitle": "item.generic.awp_mag_off", "sounds": [{ "name": "gcaa:generic/awp_mag_off" }]},
  "item.generic.m870_insert_shell": { "subtitle": "item.generic.m870_insert_shell", "sounds": [{ "name": "gcaa:generic/m870_insert_shell" }]},
  "item.generic.m870_pump_action": { "subtitle": "item.generic.m870_pump_action", "sounds": [{ "name": "gcaa:generic/m870_pump_action" }]},
  "item.generic.mg_box_attach": { "subtitle": "item.generic.mg_box_attach", "sounds": [{ "name": "gcaa:generic/mg_box_attach" }]},
  "item.generic.mg_box_off": { "subtitle": "item.generic.mg_box_off", "sounds": [{ "name": "gcaa:generic/mg_box_off" }]},
  "item.generic.mg_chain": { "subtitle": "item.generic.mg_chain", "sounds": [{ "name": "gcaa:generic/mg_chain" }]},
  "item.generic.mg_charge_back": { "subtitle": "item.generic.mg_charge_back", "sounds": [{ "name": "gcaa:generic/mg_charge_back" }]},
  "item.generic.mg_charge_forward": { "subtitle": "item.generic.mg_charge_forward", "sounds": [{ "name": "gcaa:generic/mg_charge_forward" }]},
  "item.generic.mg_cover_off": { "subtitle": "item.generic.mg_cover_off", "sounds": [{ "name": "gcaa:generic/mg_cover_off" }]},
  "item.generic.mg_cover_open": { "subtitle": "item.generic.mg_cover_open", "sounds": [{ "name": "gcaa:generic/mg_cover_open" }]},
  "item.generic.gp_25_fire": { "subtitle": "item.generic.gp_25_fire", "sounds": [{ "name": "gcaa:generic/gp_25_fire" }]},
  "item.generic.gp_25_insert_grenade": { "subtitle": "item.generic.gp_25_insert_grenade", "sounds": [{ "name": "gcaa:generic/gp_25_insert_grenade" }]},
  "item.generic.ar_bolt_release": { "subtitle": "item.generic.ar_bolt_release", "sounds": [{ "name": "gcaa:generic/ar_bolt_release" }]},
  "item.generic.ar_mag_attach": { "subtitle": "item.generic.ar_mag_attach", "sounds": [{ "name": "gcaa:generic/ar_mag_attach" }]},
  "item.generic.ar_mag_off": { "subtitle": "item.generic.ar_mag_off", "sounds": [{ "name": "gcaa:generic/ar_mag_off" }]},
  "item.generic.pistol_mag_off": { "subtitle": "item.generic.pistol_mag_off", "sounds": [{ "name": "gcaa:generic/pistol_mag_off" }]},
  "item.generic.pistol_mag_attach": { "subtitle": "item.generic.pistol_mag_attach", "sounds": [{ "name": "gcaa:generic/pistol_mag_attach" }]},

  "item.akm.fire": { "subtitle": "item.akm.fire", "sounds": [{ "name": "gcaa:akm/akm_fire" }]},
  "item.m4a1.fire": { "subtitle": "item.m4a1.fire", "sounds": [{ "name": "gcaa:m4a1/m4a1_fire" }]},
  "item.g19.fire": { "subtitle": "item.g19.fire", "sounds": [{ "name": "gcaa:g19/g19_fire" }]},
  "item.awp.fire": { "subtitle": "item.awp.fire", "sounds": [{ "name": "gcaa:awp/awp_fire" }]},
  "item.awp.fire_suppressed": { "subtitle": "item.awp.fire_suppressed", "sounds": [{ "name": "gcaa:awp/awp_fire_suppressed" }]},
  "item.m870.fire": { "subtitle": "item.m870.fire", "sounds": [{ "name": "gcaa:m870/m870_fire" }]},
  "item.m870.fire_suppressed": { "subtitle": "item.m870.fire_suppressed", "sounds": [{ "name": "gcaa:m870/m870_fire_suppressed" }]},
  "item.python_357.fire": { "subtitle": "item.python_357.fire", "sounds": [{ "name": "gcaa:python_357/python_357_fire" }]},
  "item.m249.fire": { "subtitle": "item.m249.fire", "sounds": [{ "name": "gcaa:m249/m249_fire" }]},
  "item.python_357.bullets_in": { "subtitle": "item.python_357.bullets_in", "sounds": [{ "name": "gcaa:python_357/bullets_in" }]},
  "item.python_357.bullets_out": { "subtitle": "item.python_357.bullets_out", "sounds": [{ "name": "gcaa:python_357/bullets_out" }]},
  "item.python_357.mag_close": { "subtitle": "item.python_357.mag_close", "sounds": [{ "name": "gcaa:python_357/mag_close" }]},
  "item.python_357.mag_open": { "subtitle": "item.python_357.mag_open", "sounds": [{ "name": "gcaa:python_357/mag_open" }]},
  "item.vector_45.fire": { "subtitle": "item.vector_45.fire", "sounds": [{ "name": "gcaa:vector_45/vector_45_fire" }]},
  "item.xm1014.fire": { "subtitle": "item.xm1014.fire", "sounds": [{ "name": "gcaa:xm1014/xm1014_fire" }]},
  "item.xm1014.fire_suppressed": { "subtitle": "item.xm1014.fire_suppressed", "sounds": [{ "name": "gcaa:xm1014/xm1014_fire_suppressed" }]},
  "item.xm1014.insert_shell": { "subtitle": "item.xm1014.insert_shell", "sounds": [{ "name": "gcaa:xm1014/xm1014_insert_shell" }]},

  "effect.headshot.1": { "subtitle": "effect.headshot.1", "sounds": [{ "name": "gcaa:generic/headshot_1" }]},
  "effect.headshot.2": { "subtitle": "effect.headshot.2", "sounds": [{ "name": "gcaa:generic/headshot_2" }]},
  "effect.headshot.3": { "subtitle": "effect.headshot.3", "sounds": [{ "name": "gcaa:generic/headshot_3" }]}
}