{"format_version":"1.12.0","minecraft:geometry":[{"description":{"identifier":"geometry.unknown","texture_width":256,"texture_height":256,"visible_bounds_width":13,"visible_bounds_height":4,"visible_bounds_offset":[0,0,0]},"bones":[{"name":"root","pivot":[0,0,0]},{"name":"gun","parent":"root","pivot":[0,0,0]},{"name":"muzzle","parent":"gun","pivot":[0,6,-100.4],"cubes":[{"origin":[-1.83684,3.34929,-108.20277],"size":[3.67339,1.52145,10.8],"pivot":[1.83655,4.87074,-108.20277],"rotation":[0,0,45],"uv":{"east":{"uv":[166,151],"uv_size":[11,2]},"south":{"uv":[11,187],"uv_size":[4,2]},"west":{"uv":[167,12],"uv_size":[11,2]}}},{"origin":[-1.83684,4.87074,-108.20277],"size":[3.67339,1.52145,10.8],"uv":{"east":{"uv":[167,14],"uv_size":[11,2]},"south":{"uv":[40,187],"uv_size":[4,2]},"west":{"uv":[167,48],"uv_size":[11,2]}}},{"origin":[0.3149,3.9793,-108.20277],"size":[1.52145,3.67339,10.8],"pivot":[0.3149,7.0222,-107.44205],"rotation":[0,0,45],"uv":{"south":{"uv":[29,187],"uv_size":[2,4]},"up":{"uv":[11,164],"uv_size":[2,11]},"down":{"uv":[142,175],"uv_size":[2,-11]}}},{"origin":[-0.76072,3.79463,-108.20277],"size":[1.52145,3.67339,10.8],"uv":{"south":{"uv":[84,187],"uv_size":[2,4]},"up":{"uv":[109,165],"uv_size":[2,11]},"down":{"uv":[117,176],"uv_size":[2,-11]}}},{"origin":[-2.38789,2.66464,-111.14761],"size":[4.77541,1.97789,11],"pivot":[2.38752,4.64252,-111.14761],"rotation":[0,0,45],"uv":{"north":{"uv":[26,185],"uv_size":[5,2]},"east":{"uv":[167,50],"uv_size":[11,2]},"south":{"uv":[185,64],"uv_size":[5,2]},"west":{"uv":[167,79],"uv_size":[11,2]}}},{"origin":[-2.38789,4.64252,-111.14761],"size":[4.77541,1.97789,11],"uv":{"north":{"uv":[185,66],"uv_size":[5,2]},"east":{"uv":[167,81],"uv_size":[11,2]},"south":{"uv":[82,185],"uv_size":[5,2]},"west":{"uv":[167,83],"uv_size":[11,2]}}},{"origin":[0.40937,3.48365,-111.14761],"size":[1.97788,4.77541,11],"pivot":[0.40937,7.43942,-110.15866],"rotation":[0,0,45],"uv":{"north":{"uv":[102,184],"uv_size":[2,5]},"south":{"uv":[108,184],"uv_size":[2,5]},"up":{"uv":[51,166],"uv_size":[2,11]},"down":{"uv":[111,177],"uv_size":[2,-11]}}},{"origin":[0.40937,4.98365,-111.1676],"size":[1.97788,1.9779,11],"pivot":[0.40937,7.43942,-110.25867],"rotation":[0,0,45],"uv":{"north":{"uv":[102,110],"uv_size":[2,2]}}},{"origin":[-0.98894,3.24358,-111.14761],"size":[1.97788,4.77541,11],"uv":{"north":{"uv":[148,184],"uv_size":[2,5]},"south":{"uv":[20,185],"uv_size":[2,5]},"up":{"uv":[160,166],"uv_size":[2,11]},"down":{"uv":[5,178],"uv_size":[2,-11]}}}]},{"name":"barrel","parent":"gun","pivot":[0,5.6929,-61.1],"cubes":[{"origin":[-0.63394,4.16219,-97.50231],"size":[1.26787,3.06116,65],"uv":{"up":{"uv":[88,128],"uv_size":[1,65]},"down":{"uv":[89,193],"uv_size":[1,-65]}}},{"origin":[0.26242,4.31608,-97.50231],"size":[1.26787,3.06116,65],"pivot":[0.26242,6.85183,-96.86837],"rotation":[0,0,45],"uv":{"up":{"uv":[33,130],"uv_size":[1,65]},"down":{"uv":[34,195],"uv_size":[1,-65]}}},{"origin":[-1.5307,5.05895,-97.50231],"size":[3.06116,1.26788,65],"uv":{"east":{"uv":[87,47],"uv_size":[65,1]},"west":{"uv":[133,11],"uv_size":[65,1]}}},{"origin":[-1.5307,3.79108,-97.50231],"size":[3.06116,1.26787,65],"pivot":[1.53046,5.05895,-97.50231],"rotation":[0,0,45],"uv":{"east":{"uv":[131,133],"uv_size":[65,1]},"west":{"uv":[134,35],"uv_size":[65,1]}}},{"origin":[-1.83684,3.41071,-69.78277],"size":[3.67339,1.52145,40],"pivot":[1.83655,4.93216,-69.78277],"rotation":[0,0,45],"uv":{"north":{"uv":[187,167],"uv_size":[4,2]},"east":{"uv":[130,31],"uv_size":[40,2]},"west":{"uv":[130,33],"uv_size":[40,2]}}},{"origin":[-1.83684,4.93216,-69.78277],"size":[3.67339,1.52145,40],"uv":{"north":{"uv":[187,177],"uv_size":[4,2]},"east":{"uv":[132,124],"uv_size":[40,2]},"west":{"uv":[132,126],"uv_size":[40,2]}}},{"origin":[0.3149,4.04072,-69.78277],"size":[1.52145,3.67339,40],"pivot":[0.3149,7.08362,-69.02205],"rotation":[0,0,45],"uv":{"north":{"uv":[100,187],"uv_size":[2,4]},"up":{"uv":[98,127],"uv_size":[2,40]},"down":{"uv":[100,167],"uv_size":[2,-40]}}},{"origin":[-0.76072,3.85605,-69.78277],"size":[1.52145,3.67339,40],"uv":{"north":{"uv":[129,187],"uv_size":[2,4]},"up":{"uv":[102,127],"uv_size":[2,40]},"down":{"uv":[66,168],"uv_size":[2,-40]}}}]},{"name":"railed_handguard","parent":"gun","pivot":[0,-4,1.7],"cubes":[{"origin":[-6.5,-2.15,-51.3],"size":[13,3,22],"uv":{"north":{"uv":[155,5],"uv_size":[13,3]},"east":{"uv":[133,5],"uv_size":[22,3]},"south":{"uv":[155,8],"uv_size":[13,3]},"west":{"uv":[133,8],"uv_size":[22,3]},"up":{"uv":[26,58],"uv_size":[13,22]},"down":{"uv":[60,42],"uv_size":[13,-22]}}},{"origin":[5.85,-0.15,-51.3],"size":[0.65,1,22],"pivot":[6.5,0.85,-51.3],"rotation":[0,0,45],"uv":{"north":{"uv":[152,143],"uv_size":[1,1]},"east":{"uv":[163,137],"uv_size":[22,1]},"south":{"uv":[160,152],"uv_size":[1,1]},"up":{"uv":[57,106],"uv_size":[1,22]}}},{"origin":[-6.29289,-2.65,-51.3],"size":[0.65,1,22],"pivot":[-5.79289,-2.15,-51.3],"rotation":[0,0,45],"uv":{"north":{"uv":[134,180],"uv_size":[1,1]},"south":{"uv":[142,181],"uv_size":[1,1]},"west":{"uv":[165,131],"uv_size":[22,1]},"down":{"uv":[64,186],"uv_size":[1,-22]}}},{"origin":[5.5,-2.8,-51.3],"size":[1,0.65,22],"pivot":[6.5,-2.15,-51.3],"rotation":[0,0,45],"uv":{"north":{"uv":[147,187],"uv_size":[1,1]},"south":{"uv":[155,187],"uv_size":[1,1]},"west":{"uv":[166,39],"uv_size":[22,1]},"down":{"uv":[38,187],"uv_size":[1,-22]}}},{"origin":[0.85355,-6.79645,-51.3],"size":[1,0.65,22],"pivot":[1.85355,-6.29645,-51.3],"rotation":[0,0,45],"uv":{"north":{"uv":[128,190],"uv_size":[1,1]},"south":{"uv":[191,59],"uv_size":[1,1]},"west":{"uv":[167,52],"uv_size":[22,1]},"up":{"uv":[113,166],"uv_size":[1,22]}}},{"origin":[-1.79645,-6.79645,-51.3],"size":[0.65,1,22],"pivot":[-1.14645,-6.29645,-51.3],"rotation":[0,0,45],"uv":{"north":{"uv":[191,92],"uv_size":[1,1]},"east":{"uv":[167,118],"uv_size":[22,1]},"south":{"uv":[93,191],"uv_size":[1,1]},"down":{"uv":[73,189],"uv_size":[1,-22]}}},{"origin":[-6.29289,0.35,-51.3],"size":[0.65,0.65,22],"pivot":[-5.79289,0.85,-51.3],"rotation":[0,0,45],"uv":{"north":{"uv":[90,196],"uv_size":[1,1]},"east":{"uv":[167,120],"uv_size":[22,1]},"south":{"uv":[196,101],"uv_size":[1,1]},"up":{"uv":[74,167],"uv_size":[1,22]}}},{"origin":[2,-6.65,-51.3],"size":[2.5,4.5,22],"pivot":[4.5,-2.15,-51.3],"rotation":[0,0,45],"uv":{"north":{"uv":[143,177],"uv_size":[3,5]},"south":{"uv":[156,177],"uv_size":[3,5]},"west":{"uv":[108,25],"uv_size":[22,5]}}},{"origin":[-4.5,-6.65,-51.3],"size":[2.5,4.5,22],"pivot":[-4.5,-2.15,-51.3],"rotation":[0,0,-45],"uv":{"north":{"uv":[159,177],"uv_size":[3,5]},"east":{"uv":[108,30],"uv_size":[22,5]},"south":{"uv":[4,178],"uv_size":[3,5]}}},{"origin":[-1.5,-6.65,-51.3],"size":[3,4.5,22],"uv":{"north":{"uv":[104,178],"uv_size":[3,5]},"east":{"uv":[112,69],"uv_size":[22,5]},"south":{"uv":[0,179],"uv_size":[3,5]},"west":{"uv":[112,74],"uv_size":[22,5]},"down":{"uv":[128,155],"uv_size":[3,-22]}}}]},{"name":"handguard","parent":"gun","pivot":[4.5,6.4,-62],"cubes":[{"origin":[2.8,-5.4,-51.5],"size":[1.7,2.3,20],"uv":{"north":{"uv":[192,134],"uv_size":[2,2]},"east":{"uv":[149,102],"uv_size":[20,2]},"west":{"uv":[151,25],"uv_size":[20,2]},"down":{"uv":[109,165],"uv_size":[2,-20]}}},{"origin":[-4.5,-5.4,-51.5],"size":[1.7,2.3,20],"uv":{"north":{"uv":[192,141],"uv_size":[2,2]},"east":{"uv":[152,46],"uv_size":[20,2]},"west":{"uv":[152,114],"uv_size":[20,2]},"down":{"uv":[42,170],"uv_size":[2,-20]}}},{"origin":[-6.26777,-7.86777,-51.5],"size":[2.5,2.5,7],"pivot":[-6.26777,-5.36777,-44.5],"rotation":[8.90928,-8.80348,-45.68718],"uv":{"north":{"uv":[23,107],"uv_size":[3,3]},"east":{"uv":[134,167],"uv_size":[7,3]},"south":{"uv":[138,150],"uv_size":[3,3]},"west":{"uv":[167,154],"uv_size":[7,3]},"up":{"uv":[81,121],"uv_size":[3,7]},"down":{"uv":[76,174],"uv_size":[3,-7]}}},{"origin":[-7,-6.1,-44.5],"size":[2.5,2.5,16],"pivot":[-4.5,-3.6,-44.5],"rotation":[0,0,-45],"uv":{"east":{"uv":[144,53],"uv_size":[16,3]},"south":{"uv":[156,185],"uv_size":[3,3]},"west":{"uv":[144,56],"uv_size":[16,3]},"up":{"uv":[18,142],"uv_size":[3,16]},"down":{"uv":[8,160],"uv_size":[3,-16]}}},{"origin":[2.8,-5.3,-31.5],"size":[1.7,7.2,3],"uv":{"east":{"uv":[98,167],"uv_size":[3,7]},"south":{"uv":[60,181],"uv_size":[2,7]},"west":{"uv":[101,167],"uv_size":[3,7]}}},{"origin":[-4.5,-5.3,-31.5],"size":[1.7,7.2,3],"uv":{"east":{"uv":[122,167],"uv_size":[3,7]},"south":{"uv":[136,181],"uv_size":[2,7]},"west":{"uv":[125,167],"uv_size":[3,7]}}},{"origin":[-4.5,-1.1,-53.5],"size":[9,3,1.5],"pivot":[4.5,1.9,-53.5],"rotation":[42.5,0,0],"uv":{"east":{"uv":[115,173],"uv_size":[2,3]},"west":{"uv":[94,189],"uv_size":[2,3]}}},{"origin":[-4.5,1.9,-61.79],"size":[9,4.5,29],"uv":{"north":{"uv":[147,128],"uv_size":[9,5]},"east":{"uv":[97,0],"uv_size":[29,5]},"west":{"uv":[97,5],"uv_size":[29,5]},"up":{"uv":[51,62],"uv_size":[9,29]}}},{"origin":[-4.5,-3.1,-51.5],"size":[9,5,20],"uv":{"north":{"uv":[141,148],"uv_size":[9,5]},"east":{"uv":[117,94],"uv_size":[20,5]},"south":{"uv":[149,36],"uv_size":[9,5]},"west":{"uv":[117,99],"uv_size":[20,5]},"down":{"uv":[84,106],"uv_size":[9,-20]}}},{"origin":[-5,0.9,-61.8],"size":[10,1.5,8.5],"uv":{"north":{"uv":[169,102],"uv_size":[10,2]},"east":{"uv":[172,141],"uv_size":[9,2]},"west":{"uv":[172,143],"uv_size":[9,2]},"up":{"uv":[71,121],"uv_size":[10,9]},"down":{"uv":[122,133],"uv_size":[10,-9]}}},{"origin":[-5,2.9,-34],"size":[10,3.51,1.5],"uv":{"north":{"uv":[152,116],"uv_size":[10,4]},"east":{"uv":[185,187],"uv_size":[2,4]},"south":{"uv":[152,120],"uv_size":[10,4]},"west":{"uv":[187,187],"uv_size":[2,4]},"up":{"uv":[170,139],"uv_size":[10,2]}}},{"origin":[-5,0.83934,-32.93934],"size":[10,2.5,1.5],"pivot":[4.5,1.83934,-32.93934],"rotation":[45,0,0],"uv":{"north":{"uv":[45,160],"uv_size":[10,3]},"east":{"uv":[98,189],"uv_size":[2,3]},"south":{"uv":[160,53],"uv_size":[10,3]},"west":{"uv":[102,189],"uv_size":[2,3]}}},{"origin":[-5,1.13223,-32.23223],"size":[10,1.5,3.8],"uv":{"east":{"uv":[187,183],"uv_size":[4,2]},"south":{"uv":[171,25],"uv_size":[10,2]},"west":{"uv":[188,16],"uv_size":[4,2]},"up":{"uv":[152,139],"uv_size":[10,4]},"down":{"uv":[150,156],"uv_size":[10,-4]}}},{"origin":[-5,-7.42843,-51.97157],"size":[2,7,1.5],"uv":{"north":{"uv":[138,181],"uv_size":[2,7]},"east":{"uv":[140,181],"uv_size":[2,7]},"south":{"uv":[163,181],"uv_size":[2,7]},"west":{"uv":[165,181],"uv_size":[2,7]},"down":{"uv":[144,194],"uv_size":[2,-2]}}},{"origin":[2,-6.1,-44.5],"size":[2.5,2.5,16],"pivot":[4.5,-3.6,-44.5],"rotation":[0,0,-45],"uv":{"east":{"uv":[144,104],"uv_size":[16,3]},"south":{"uv":[115,189],"uv_size":[2,3]},"west":{"uv":[144,107],"uv_size":[16,3]},"up":{"uv":[96,153],"uv_size":[2,16]},"down":{"uv":[0,174],"uv_size":[2,-16]}}},{"origin":[3,-7.42843,-51.97157],"size":[2,7,1.5],"uv":{"north":{"uv":[167,181],"uv_size":[2,7]},"east":{"uv":[169,181],"uv_size":[2,7]},"south":{"uv":[171,181],"uv_size":[2,7]},"west":{"uv":[173,181],"uv_size":[2,7]},"down":{"uv":[148,194],"uv_size":[2,-2]}}},{"origin":[3.76777,-5.36777,-51.5],"size":[2.5,2.5,7],"pivot":[6.26777,-5.36777,-44.5],"rotation":[-8.90928,8.80348,-45.68718],"uv":{"north":{"uv":[117,189],"uv_size":[2,3]},"east":{"uv":[163,167],"uv_size":[7,3]},"south":{"uv":[119,189],"uv_size":[2,3]},"west":{"uv":[168,5],"uv_size":[7,3]},"up":{"uv":[175,181],"uv_size":[2,7]},"down":{"uv":[177,188],"uv_size":[2,-7]}}},{"origin":[-5,1.04645,-53.65355],"size":[10,1.5,4],"pivot":[4.5,2.04645,-53.65355],"rotation":[-45,0,0],"uv":{"east":{"uv":[188,25],"uv_size":[4,2]},"west":{"uv":[188,39],"uv_size":[4,2]},"up":{"uv":[153,134],"uv_size":[10,4]},"down":{"uv":[138,157],"uv_size":[10,-4]}}}]},{"name":"body","parent":"gun","pivot":[0,14,-76.5],"cubes":[{"origin":[-4,7,-31.5],"size":[4,2.5,1.5],"pivot":[0,9.5,-31.5],"rotation":[0,0,-30],"uv":{"north":{"uv":[71,118],"uv_size":[4,3]},"south":{"uv":[156,182],"uv_size":[4,3]},"up":{"uv":[188,41],"uv_size":[4,2]}}},{"origin":[-2.5,5.5,-31.5],"size":[2.5,4,1.5],"pivot":[0,9.5,-31.5],"rotation":[0,0,-60],"uv":{"north":{"uv":[4,183],"uv_size":[3,4]},"south":{"uv":[183,18],"uv_size":[3,4]},"west":{"uv":[48,188],"uv_size":[2,4]}}},{"origin":[-3.4641,6,-31.5],"size":[3,1.5,1.5],"uv":{"north":{"uv":[95,172],"uv_size":[3,2]},"east":{"uv":[192,153],"uv_size":[2,2]}}},{"origin":[0.4641,6,-31.5],"size":[3,1.5,1.5],"uv":{"north":{"uv":[189,187],"uv_size":[3,2]},"west":{"uv":[166,192],"uv_size":[2,2]}}},{"origin":[-3,-2.15,-68],"size":[6,6,82.5],"uv":{"north":{"uv":[73,152],"uv_size":[6,6]},"east":{"uv":[14,0],"uv_size":[83,6]},"west":{"uv":[14,6],"uv_size":[83,6]},"up":{"uv":[14,12],"uv_size":[6,83]},"down":{"uv":[20,95],"uv_size":[6,-83]}}},{"origin":[3,1.85,-24.5],"size":[7,4,12],"pivot":[3,5.85,-24.5],"rotation":[0,0,32.5],"uv":{"north":{"uv":[39,58],"uv_size":[7,4]},"south":{"uv":[122,159],"uv_size":[7,4]},"west":{"uv":[146,74],"uv_size":[12,4]},"up":{"uv":[126,0],"uv_size":[7,12]},"down":{"uv":[127,47],"uv_size":[7,-12]}}},{"origin":[8,2.35,-24.75],"size":[1,1,12.5],"pivot":[8,3.35,-24.5],"rotation":[0,0,77.5],"uv":{"north":{"uv":[113,196],"uv_size":[1,1]},"east":{"uv":[177,33],"uv_size":[13,1]},"south":{"uv":[114,196],"uv_size":[1,1]},"west":{"uv":[177,55],"uv_size":[13,1]},"up":{"uv":[3,179],"uv_size":[1,13]},"down":{"uv":[17,192],"uv_size":[1,-13]}}},{"origin":[8,-0.65,-24],"size":[0.5,3.5,11],"pivot":[8,2.85,-23.5],"rotation":[0,0,32.5],"uv":{"north":{"uv":[71,169],"uv_size":[1,4]},"south":{"uv":[127,176],"uv_size":[1,4]},"west":{"uv":[150,148],"uv_size":[11,4]},"up":{"uv":[58,184],"uv_size":[1,11]}}},{"origin":[-3.5,-2.65,14],"size":[7,8,2.85],"uv":{"north":{"uv":[104,137],"uv_size":[7,8]},"east":{"uv":[104,110],"uv_size":[3,8]},"west":{"uv":[119,160],"uv_size":[3,8]},"down":{"uv":[55,171],"uv_size":[7,-3]}}},{"origin":[-3.495,-2.25,16.75],"size":[6.99,5.5,2.9],"pivot":[3.5,5.35,16.8],"rotation":[-17.5,0,0],"uv":{"east":{"uv":[14,179],"uv_size":[3,5]},"south":{"uv":[155,156],"uv_size":[7,5]},"west":{"uv":[40,179],"uv_size":[3,5]},"down":{"uv":[169,99],"uv_size":[7,-3]}}},{"origin":[-3,-4.65,-11.55],"size":[6,2.5,3],"uv":{"north":{"uv":[148,172],"uv_size":[6,3]},"east":{"uv":[45,186],"uv_size":[3,3]},"south":{"uv":[163,172],"uv_size":[6,3]},"west":{"uv":[186,82],"uv_size":[3,3]}}},{"origin":[-3,-5.38223,-9.78223],"size":[6,2.11,2.11],"pivot":[3,-2.88223,-9.78223],"rotation":[-45,0,0],"uv":{"east":{"uv":[168,192],"uv_size":[2,2]},"south":{"uv":[182,114],"uv_size":[6,2]},"west":{"uv":[172,192],"uv_size":[2,2]},"down":{"uv":[183,38],"uv_size":[6,-2]}}},{"origin":[-3,-2.88223,-11.11066],"size":[6,1,2],"pivot":[3,-0.38223,-11.11066],"rotation":[-45,0,0],"uv":{"east":{"uv":[66,168],"uv_size":[2,1]},"west":{"uv":[170,141],"uv_size":[2,1]},"down":{"uv":[183,76],"uv_size":[6,-2]}}},{"origin":[-2.25,-6.15,-11.5],"size":[4.5,4,21],"uv":{"north":{"uv":[66,169],"uv_size":[5,4]},"east":{"uv":[130,20],"uv_size":[21,4]},"south":{"uv":[55,171],"uv_size":[5,4]},"west":{"uv":[130,24],"uv_size":[21,4]},"down":{"uv":[23,131],"uv_size":[5,-21]}}},{"origin":[-1.25,-10.65,-11.5],"size":[2.5,4.5,0.5],"uv":{"north":{"uv":[148,179],"uv_size":[3,5]},"east":{"uv":[158,190],"uv_size":[1,5]},"south":{"uv":[180,18],"uv_size":[3,5]},"west":{"uv":[14,191],"uv_size":[1,5]}}},{"origin":[-0.75,-11.15,-3.5],"size":[1.5,5.5,0.5],"pivot":[0.75,-5.65,-3.5],"rotation":[-17.5,0,0],"uv":{"north":{"uv":[144,182],"uv_size":[2,6]},"east":{"uv":[50,134],"uv_size":[1,6]},"south":{"uv":[160,182],"uv_size":[2,6]},"west":{"uv":[81,189],"uv_size":[1,6]},"down":{"uv":[172,146],"uv_size":[2,-1]}}},{"origin":[-1.25,-12.79645,-1.31802],"size":[2.5,2.5,0.5],"pivot":[1.25,-10.29645,-1.31802],"rotation":[-45,0,0],"uv":{"north":{"uv":[90,186],"uv_size":[3,3]},"east":{"uv":[181,193],"uv_size":[1,3]},"south":{"uv":[93,186],"uv_size":[3,3]},"west":{"uv":[191,193],"uv_size":[1,3]}}},{"origin":[-1.25,-13.15,-11.5],"size":[2.5,2.5,0.5],"pivot":[1.25,-10.65,-11.5],"rotation":[45,0,0],"uv":{"north":{"uv":[115,186],"uv_size":[3,3]},"east":{"uv":[18,194],"uv_size":[1,3]},"south":{"uv":[118,186],"uv_size":[3,3]},"west":{"uv":[19,194],"uv_size":[1,3]}}},{"origin":[-1.25,-12.41777,-9.73223],"size":[2.5,0.5,7],"uv":{"east":{"uv":[189,118],"uv_size":[7,1]},"west":{"uv":[189,119],"uv_size":[7,1]},"up":{"uv":[2,168],"uv_size":[3,7]},"down":{"uv":[18,175],"uv_size":[3,-7]}}},{"origin":[-2.25,-5.15,9.5],"size":[4.5,3,5],"uv":{"east":{"uv":[95,180],"uv_size":[5,3]},"west":{"uv":[120,180],"uv_size":[5,3]},"down":{"uv":[28,115],"uv_size":[5,-5]}}},{"origin":[-2.75,-5.65,14],"size":[5.5,3,1.8],"uv":{"north":{"uv":[173,60],"uv_size":[6,3]},"east":{"uv":[15,190],"uv_size":[2,3]},"west":{"uv":[20,190],"uv_size":[2,3]},"down":{"uv":[183,147],"uv_size":[6,-2]}}},{"origin":[-2.745,-5.55,15.8],"size":[5.49,3.3,1.4],"pivot":[2.75,-2.65,15.8],"rotation":[-17.5,0,0],"uv":{"east":{"uv":[20,194],"uv_size":[1,3]},"south":{"uv":[131,173],"uv_size":[6,3]},"west":{"uv":[21,194],"uv_size":[1,3]},"down":{"uv":[190,34],"uv_size":[6,-1]}}},{"origin":[-3.6,2.95,-65],"size":[7.2,3.5,79],"uv":{"east":{"uv":[60,12],"uv_size":[79,4]},"west":{"uv":[60,16],"uv_size":[79,4]},"up":{"uv":[0,0],"uv_size":[7,79]},"down":{"uv":[7,79],"uv_size":[7,-79]}}},{"origin":[-3.9,3.2,-26],"size":[1,3,40],"uv":{"north":{"uv":[27,194],"uv_size":[1,3]},"east":{"uv":[107,88],"uv_size":[40,3]},"up":{"uv":[13,144],"uv_size":[1,40]},"down":{"uv":[44,190],"uv_size":[1,-40]}}},{"origin":[-4,2.65,14],"size":[8,4,4.2],"uv":{"north":{"uv":[157,0],"uv_size":[8,4]},"east":{"uv":[14,175],"uv_size":[4,4]},"west":{"uv":[40,175],"uv_size":[4,4]},"up":{"uv":[158,27],"uv_size":[8,4]},"down":{"uv":[158,40],"uv_size":[8,-4]}}},{"origin":[-4,2.82686,18.35035],"size":[8,3.8,1.9],"pivot":[4.1,7.12686,18.35035],"rotation":[-17.5,0,0],"uv":{"east":{"uv":[60,188],"uv_size":[2,4]},"south":{"uv":[158,90],"uv_size":[8,4]},"west":{"uv":[188,123],"uv_size":[2,4]},"up":{"uv":[90,176],"uv_size":[8,2]},"down":{"uv":[176,98],"uv_size":[8,-2]}}},{"origin":[-3.6,2.94968,-67.12132],"size":[7.2,1.379,2.15],"uv":{"north":{"uv":[189,120],"uv_size":[7,1]},"east":{"uv":[26,173],"uv_size":[2,1]},"west":{"uv":[0,174],"uv_size":[2,1]},"down":{"uv":[181,27],"uv_size":[7,-2]}}},{"origin":[-4,3.95,-64.5],"size":[8,1.5,1.5],"pivot":[-4,5.45,-64.5],"rotation":[-45,0,0],"uv":{"north":{"uv":[176,98],"uv_size":[8,2]},"east":{"uv":[174,192],"uv_size":[2,2]},"south":{"uv":[176,100],"uv_size":[8,2]},"west":{"uv":[192,174],"uv_size":[2,2]},"up":{"uv":[115,176],"uv_size":[8,2]},"down":{"uv":[176,163],"uv_size":[8,-2]}}},{"origin":[-3.6,3.45,-65],"size":[7.2,3,1.5],"pivot":[4.1,6.45,-65],"rotation":[-45,0,0],"uv":{"north":{"uv":[169,99],"uv_size":[7,3]},"east":{"uv":[22,190],"uv_size":[2,3]},"west":{"uv":[35,190],"uv_size":[2,3]}}},{"origin":[-3.15,-1.65,-26],"size":[0.5,4,15],"uv":{"north":{"uv":[151,179],"uv_size":[1,4]},"east":{"uv":[134,36],"uv_size":[15,4]},"south":{"uv":[103,192],"uv_size":[1,4]},"up":{"uv":[121,134],"uv_size":[1,15]},"down":{"uv":[78,189],"uv_size":[1,-15]}}},{"origin":[-1.5,-2.65,-24],"size":[3,0.5,10],"uv":{"north":{"uv":[194,47],"uv_size":[3,1]},"east":{"uv":[185,112],"uv_size":[10,1]},"south":{"uv":[194,48],"uv_size":[3,1]},"west":{"uv":[185,113],"uv_size":[10,1]},"down":{"uv":[18,168],"uv_size":[3,-10]}}},{"origin":[-3.5,6.45,-30],"size":[7,2,5.5],"uv":{"north":{"uv":[181,125],"uv_size":[7,2]},"east":{"uv":[183,147],"uv_size":[6,2]},"south":{"uv":[181,134],"uv_size":[7,2]},"west":{"uv":[183,154],"uv_size":[6,2]},"up":{"uv":[131,150],"uv_size":[7,6]}}},{"origin":[3.2,6.45,-24.5],"size":[2.5,2,0.5],"uv":{"north":{"uv":[190,55],"uv_size":[3,2]},"east":{"uv":[94,60],"uv_size":[1,2]},"south":{"uv":[190,64],"uv_size":[3,2]},"up":{"uv":[194,49],"uv_size":[3,1]},"down":{"uv":[194,51],"uv_size":[3,-1]}}},{"origin":[4,5.95,-24.5],"size":[2,0.5,12],"uv":{"north":{"uv":[144,174],"uv_size":[2,1]},"east":{"uv":[139,19],"uv_size":[12,1]},"south":{"uv":[176,78],"uv_size":[2,1]},"up":{"uv":[26,161],"uv_size":[2,12]},"down":{"uv":[86,174],"uv_size":[2,-12]}}},{"origin":[6,5.95,-24.5],"size":[2,0.5,12],"pivot":[6,6.45,-24.5],"rotation":[0,0,45],"uv":{"north":{"uv":[135,176],"uv_size":[2,1]},"south":{"uv":[11,183],"uv_size":[2,1]},"west":{"uv":[179,130],"uv_size":[12,1]},"up":{"uv":[14,163],"uv_size":[2,12]},"down":{"uv":[16,175],"uv_size":[2,-12]}}},{"origin":[3.2,6.45,-13],"size":[2.5,2,0.5],"uv":{"north":{"uv":[190,66],"uv_size":[3,2]},"east":{"uv":[137,173],"uv_size":[1,2]},"south":{"uv":[190,96],"uv_size":[3,2]},"up":{"uv":[194,51],"uv_size":[3,1]},"down":{"uv":[194,58],"uv_size":[3,-1]}}},{"origin":[5.7,6.45,-13],"size":[2,2,0.5],"pivot":[5.7,8.45,-13],"rotation":[0,-45,0],"uv":{"north":{"uv":[176,192],"uv_size":[2,2]},"south":{"uv":[182,192],"uv_size":[2,2]},"west":{"uv":[53,195],"uv_size":[1,2]},"up":{"uv":[63,195],"uv_size":[2,1]},"down":{"uv":[195,65],"uv_size":[2,-1]}}},{"origin":[5.34645,6.45,-24.35355],"size":[2,2,0.5],"pivot":[5.34645,8.45,-24.35355],"rotation":[0,45,0],"uv":{"north":{"uv":[192,187],"uv_size":[2,2]},"south":{"uv":[192,189],"uv_size":[2,2]},"west":{"uv":[61,195],"uv_size":[1,2]},"up":{"uv":[65,195],"uv_size":[2,1]},"down":{"uv":[195,66],"uv_size":[2,-1]}}},{"origin":[-1.795,9.45,-29],"size":[3.59,1,1],"pivot":[1.8,10.45,-29],"rotation":[-45,0,0],"uv":{"north":{"uv":[93,126],"uv_size":[4,1]},"east":{"uv":[115,196],"uv_size":[1,1]},"west":{"uv":[116,196],"uv_size":[1,1]}}},{"origin":[-1,10.45,-29],"size":[2,1,1],"pivot":[1,10.45,-29],"rotation":[-45,0,0],"uv":{"north":{"uv":[195,66],"uv_size":[2,1]},"east":{"uv":[117,196],"uv_size":[1,1]},"west":{"uv":[118,196],"uv_size":[1,1]},"up":{"uv":[195,67],"uv_size":[2,1]}}},{"origin":[-1,10.65711,-28.29289],"size":[4.5,0.5,1],"uv":{"north":{"uv":[191,62],"uv_size":[5,1]},"east":{"uv":[196,118],"uv_size":[1,1]},"south":{"uv":[191,130],"uv_size":[5,1]},"up":{"uv":[191,156],"uv_size":[5,1]},"down":{"uv":[192,10],"uv_size":[5,-1]}}},{"origin":[3,9.65711,-28.29289],"size":[0.5,1.5,1],"pivot":[3.5,11.15711,-28.29289],"rotation":[0,0,-45],"uv":{"north":{"uv":[70,195],"uv_size":[1,2]},"east":{"uv":[71,195],"uv_size":[1,2]},"south":{"uv":[73,195],"uv_size":[1,2]},"west":{"uv":[74,195],"uv_size":[1,2]}}},{"origin":[4.06066,9.59645,-28.29289],"size":[0.5,0.5,1],"uv":{"north":{"uv":[123,196],"uv_size":[1,1]},"east":{"uv":[124,196],"uv_size":[1,1]},"south":{"uv":[125,196],"uv_size":[1,1]},"west":{"uv":[126,196],"uv_size":[1,1]}}},{"origin":[4.06066,4.59645,-28.15892],"size":[0.5,5.5,1],"pivot":[4.56066,10.09645,-28.15892],"rotation":[-30,0,0],"uv":{"north":{"uv":[184,189],"uv_size":[1,6]},"east":{"uv":[10,190],"uv_size":[1,6]},"south":{"uv":[37,190],"uv_size":[1,6]},"west":{"uv":[44,190],"uv_size":[1,6]},"down":{"uv":[130,197],"uv_size":[1,-1]}}},{"origin":[-1.8,8.45,-29],"size":[3.6,2,2.5],"uv":{"east":{"uv":[190,98],"uv_size":[3,2]},"west":{"uv":[190,100],"uv_size":[3,2]},"up":{"uv":[179,183],"uv_size":[4,3]}}},{"origin":[-1.795,8.24289,-29.70711],"size":[3.59,1.5,1],"uv":{"north":{"uv":[188,134],"uv_size":[4,2]},"east":{"uv":[75,195],"uv_size":[1,2]},"west":{"uv":[76,195],"uv_size":[1,2]}}},{"origin":[-1.8,8.45,-26.75],"size":[3.6,2,2],"uv":{"east":{"uv":[192,191],"uv_size":[2,2]},"south":{"uv":[188,143],"uv_size":[4,2]},"west":{"uv":[193,5],"uv_size":[2,2]},"up":{"uv":[144,188],"uv_size":[4,2]}}},{"origin":[1.95,5.95,-13],"size":[1,1.5,27],"uv":{"north":{"uv":[195,76],"uv_size":[1,2]},"east":{"uv":[139,17],"uv_size":[27,2]},"west":{"uv":[140,79],"uv_size":[27,2]},"up":{"uv":[8,160],"uv_size":[1,27]}}},{"origin":[-3.05,5.95,-13],"size":[1,1,27],"uv":{"north":{"uv":[196,130],"uv_size":[1,1]},"east":{"uv":[160,104],"uv_size":[27,1]},"west":{"uv":[160,105],"uv_size":[27,1]},"up":{"uv":[10,160],"uv_size":[1,27]}}},{"origin":[-3.1,6.45,14],"size":[6.2,2.2,2.7],"uv":{"north":{"uv":[184,5],"uv_size":[6,2]},"east":{"uv":[190,106],"uv_size":[3,2]},"west":{"uv":[190,108],"uv_size":[3,2]},"up":{"uv":[173,169],"uv_size":[6,3]}}},{"origin":[-3.1,6.45,17],"size":[6.2,2.7,4],"pivot":[3.1,9.45,17.1],"rotation":[-20,0,0],"uv":{"north":{"uv":[174,20],"uv_size":[6,3]},"east":{"uv":[11,184],"uv_size":[4,3]},"south":{"uv":[26,174],"uv_size":[6,3]},"west":{"uv":[40,184],"uv_size":[4,3]}}},{"origin":[-2.6,9.15,17],"size":[5.2,0.5,4],"pivot":[3.1,9.45,17.1],"rotation":[-20,0,0],"uv":{"north":{"uv":[192,25],"uv_size":[5,1]},"south":{"uv":[192,26],"uv_size":[5,1]},"up":{"uv":[171,161],"uv_size":[5,4]}}},{"origin":[1.893,8.93094,17.0684],"size":[0.707,0.707,4],"pivot":[2.6,9.63794,17.1684],"rotation":[-14.43276,-13.99545,-43.21918],"uv":{"north":{"uv":[196,131],"uv_size":[1,1]},"south":{"uv":[132,196],"uv_size":[1,1]},"west":{"uv":[18,193],"uv_size":[4,1]}}},{"origin":[-3.307,8.93094,17.0684],"size":[0.707,0.707,4],"pivot":[-2.6,9.63794,17.1684],"rotation":[-14.43276,-13.99545,-43.21918],"uv":{"north":{"uv":[133,196],"uv_size":[1,1]},"south":{"uv":[196,133],"uv_size":[1,1]},"up":{"uv":[136,192],"uv_size":[1,4]}}},{"origin":[-2,7.55,-75.5],"size":[4,1,1],"pivot":[2,8.05,-75.5],"rotation":[-45,0,0],"uv":{"north":{"uv":[193,20],"uv_size":[4,1]},"east":{"uv":[136,196],"uv_size":[1,1]},"south":{"uv":[193,23],"uv_size":[4,1]},"west":{"uv":[196,136],"uv_size":[1,1]},"up":{"uv":[193,24],"uv_size":[4,1]},"down":{"uv":[193,28],"uv_size":[4,-1]}}},{"origin":[3.5,9.4,-26.35],"size":[1.5,1,1],"pivot":[5,9.9,-26.35],"rotation":[-45,0,0],"uv":{"north":{"uv":[195,69],"uv_size":[2,1]},"east":{"uv":[137,196],"uv_size":[1,1]},"south":{"uv":[195,78],"uv_size":[2,1]},"up":{"uv":[79,195],"uv_size":[2,1]},"down":{"uv":[195,80],"uv_size":[2,-1]}}},{"origin":[-2.5,-4.59645,2.00355],"size":[5,1,1],"pivot":[2.5,-3.59645,2.00355],"rotation":[-45,0,0],"uv":{"north":{"uv":[192,29],"uv_size":[5,1]},"east":{"uv":[138,196],"uv_size":[1,1]},"south":{"uv":[192,42],"uv_size":[5,1]},"west":{"uv":[196,138],"uv_size":[1,1]},"up":{"uv":[192,70],"uv_size":[5,1]},"down":{"uv":[192,72],"uv_size":[5,-1]}}},{"origin":[-4.2,6.6,-61.8],"size":[8.4,2,28],"uv":{"north":{"uv":[176,163],"uv_size":[8,2]},"east":{"uv":[97,10],"uv_size":[28,2]},"south":{"uv":[177,31],"uv_size":[8,2]},"west":{"uv":[137,112],"uv_size":[28,2]},"down":{"uv":[79,48],"uv_size":[8,-28]}}},{"origin":[-3.7,6.7,-62.5],"size":[7.4,2,29.5],"uv":{"north":{"uv":[181,141],"uv_size":[7,2]},"east":{"uv":[134,44],"uv_size":[30,2]},"south":{"uv":[181,143],"uv_size":[7,2]},"west":{"uv":[134,64],"uv_size":[30,2]},"down":{"uv":[33,115],"uv_size":[7,-30]}}},{"origin":[-2.43223,9.36777,-61.8],"size":[4.8639,1,28],"uv":{"north":{"uv":[192,114],"uv_size":[5,1]},"south":{"uv":[115,192],"uv_size":[5,1]},"up":{"uv":[102,82],"uv_size":[5,28]}}},{"origin":[-4.22721,8.97279,-62.5],"size":[1.8,1,29.5],"pivot":[-2.42721,9.97279,-62.5],"rotation":[0,0,-45],"uv":{"north":{"uv":[195,80],"uv_size":[2,1]},"south":{"uv":[81,195],"uv_size":[2,1]},"up":{"uv":[79,130],"uv_size":[2,30]}}},{"origin":[1.63934,8.26066,-62.5],"size":[1,1.8,29.5],"pivot":[2.63934,9.76066,-62.5],"rotation":[0,0,-45],"uv":{"north":{"uv":[195,81],"uv_size":[1,2]},"south":{"uv":[83,195],"uv_size":[1,2]},"west":{"uv":[134,68],"uv_size":[30,2]}}},{"origin":[-1.75,6.65,-76.5],"size":[3.5,2,14.5],"uv":{"north":{"uv":[160,188],"uv_size":[4,2]},"east":{"uv":[79,60],"uv_size":[15,2]},"west":{"uv":[158,23],"uv_size":[15,2]},"up":{"uv":[62,134],"uv_size":[4,15]},"down":{"uv":[117,149],"uv_size":[4,-15]}}},{"origin":[-2.75,6.65,-72],"size":[1,2,10],"pivot":[-2.75,8.65,-62],"rotation":[0,-6,0],"uv":{"east":{"uv":[171,134],"uv_size":[10,2]},"up":{"uv":[45,150],"uv_size":[1,10]},"down":{"uv":[72,194],"uv_size":[1,-10]}}},{"origin":[1.75,6.65,-72],"size":[1,2,10],"pivot":[2.75,8.65,-62],"rotation":[0,6,0],"uv":{"west":{"uv":[172,68],"uv_size":[10,2]},"up":{"uv":[110,184],"uv_size":[1,10]},"down":{"uv":[150,194],"uv_size":[1,-10]}}},{"origin":[-0.85,11.65,-77.5],"size":[1.7,1.1,2.5],"uv":{"north":{"uv":[195,83],"uv_size":[2,1]},"east":{"uv":[194,58],"uv_size":[3,1]},"west":{"uv":[194,59],"uv_size":[3,1]},"up":{"uv":[66,190],"uv_size":[2,3]}}},{"origin":[-0.75,-3.35,-71.5],"size":[1.5,2,3.5],"uv":{"north":{"uv":[8,193],"uv_size":[2,2]},"east":{"uv":[188,165],"uv_size":[4,2]},"south":{"uv":[11,193],"uv_size":[2,2]},"west":{"uv":[168,188],"uv_size":[4,2]}}},{"origin":[-1.75,-6.85,-71.5],"size":[3.5,3.5,3.5],"uv":{"north":{"uv":[55,175],"uv_size":[4,4]},"east":{"uv":[148,175],"uv_size":[4,4]},"south":{"uv":[66,176],"uv_size":[4,4]},"west":{"uv":[98,176],"uv_size":[4,4]},"up":{"uv":[123,176],"uv_size":[4,4]},"down":{"uv":[131,180],"uv_size":[4,-4]}}},{"origin":[-0.85,8.75,-76],"size":[1.7,4,1],"pivot":[0.85,12.75,-75],"rotation":[25,0,0],"uv":{"east":{"uv":[13,193],"uv_size":[1,4]},"south":{"uv":[176,188],"uv_size":[2,4]},"west":{"uv":[15,193],"uv_size":[1,4]}}},{"origin":[-1.25,6.2,-77.5],"size":[2.5,5.5,3],"uv":{"north":{"uv":[119,168],"uv_size":[3,6]},"east":{"uv":[144,168],"uv_size":[3,6]},"west":{"uv":[60,171],"uv_size":[3,6]},"up":{"uv":[179,186],"uv_size":[3,3]}}},{"origin":[-1.25,0.5,-77.5],"size":[2.5,4.5,5],"uv":{"north":{"uv":[66,180],"uv_size":[3,5]},"east":{"uv":[90,160],"uv_size":[5,5]},"south":{"uv":[125,180],"uv_size":[3,5]},"west":{"uv":[114,160],"uv_size":[5,5]}}},{"origin":[-4.5,-6.71066,-60.06777],"size":[9,2,1],"pivot":[2,-4.21066,-60.06777],"rotation":[45,0,0],"uv":{"north":{"uv":[173,23],"uv_size":[9,2]},"east":{"uv":[91,195],"uv_size":[1,2]},"south":{"uv":[174,27],"uv_size":[9,2]},"west":{"uv":[195,92],"uv_size":[1,2]}}},{"origin":[-4.5,-2.15,-58.3],"size":[9,1,2],"uv":{"east":{"uv":[93,195],"uv_size":[2,1]},"west":{"uv":[195,94],"uv_size":[2,1]},"up":{"uv":[174,36],"uv_size":[9,2]},"down":{"uv":[174,74],"uv_size":[9,-2]}}},{"origin":[-4.5,-3.56421,-59.71421],"size":[9,1,2],"pivot":[2,-2.56421,-59.71421],"rotation":[45,0,0],"uv":{"east":{"uv":[96,195],"uv_size":[2,1]},"west":{"uv":[195,96],"uv_size":[2,1]},"up":{"uv":[174,74],"uv_size":[9,2]},"down":{"uv":[174,92],"uv_size":[9,-2]}}},{"origin":[-4.5,-5.97843,-58.3],"size":[9,1,2],"uv":{"east":{"uv":[195,97],"uv_size":[2,1]},"west":{"uv":[98,195],"uv_size":[2,1]},"up":{"uv":[95,174],"uv_size":[9,2]},"down":{"uv":[119,176],"uv_size":[9,-2]}}},{"origin":[-4.5,-4.56421,-55.88579],"size":[9,2,1],"uv":{"north":{"uv":[174,145],"uv_size":[9,2]},"east":{"uv":[195,98],"uv_size":[1,2]},"south":{"uv":[174,147],"uv_size":[9,2]},"west":{"uv":[195,100],"uv_size":[1,2]}}},{"origin":[-4.5,-2.15,-56.3],"size":[9,1,2],"pivot":[2,-1.15,-56.3],"rotation":[-45,0,0],"uv":{"east":{"uv":[195,106],"uv_size":[2,1]},"west":{"uv":[195,107],"uv_size":[2,1]},"up":{"uv":[174,154],"uv_size":[9,2]},"down":{"uv":[175,7],"uv_size":[9,-2]}}},{"origin":[-4.5,-4.56421,-59.71421],"size":[9,2,1],"uv":{"north":{"uv":[175,7],"uv_size":[9,2]},"east":{"uv":[106,195],"uv_size":[1,2]},"south":{"uv":[175,9],"uv_size":[9,2]},"west":{"uv":[195,108],"uv_size":[1,2]}}},{"origin":[-4.5,-4.94289,-54.8],"size":[9,2,1],"pivot":[2,-2.44289,-56.3],"rotation":[-45,0,0],"uv":{"north":{"uv":[137,175],"uv_size":[9,2]},"east":{"uv":[195,110],"uv_size":[1,2]},"south":{"uv":[163,175],"uv_size":[9,2]},"west":{"uv":[111,195],"uv_size":[1,2]}}},{"origin":[-3.75,-7.31777,-60.26777],"size":[7.5,2.5,1.5],"pivot":[1.25,-4.81777,-60.26777],"rotation":[45,0,0],"uv":{"north":{"uv":[162,121],"uv_size":[8,3]},"east":{"uv":[111,190],"uv_size":[2,3]},"west":{"uv":[190,121],"uv_size":[2,3]}}},{"origin":[-3.75,-3.81777,-60.26777],"size":[7.5,1.5,2.5],"pivot":[1.25,-2.31777,-60.26777],"rotation":[45,0,0],"uv":{"east":{"uv":[190,124],"uv_size":[3,2]},"west":{"uv":[125,190],"uv_size":[3,2]},"up":{"uv":[162,158],"uv_size":[8,3]}}},{"origin":[-3.75,-6.58553,-58.5],"size":[7.5,1.5,2.5],"uv":{"east":{"uv":[131,190],"uv_size":[3,2]},"west":{"uv":[134,190],"uv_size":[3,2]},"down":{"uv":[163,88],"uv_size":[8,-3]}}},{"origin":[-3.75,-2.05,-58.5],"size":[7.5,1.5,2.5],"uv":{"east":{"uv":[144,190],"uv_size":[3,2]},"west":{"uv":[190,151],"uv_size":[3,2]},"up":{"uv":[163,134],"uv_size":[8,3]}}},{"origin":[-3.75,-4.81777,-60.26777],"size":[7.5,2.5,1.5],"uv":{"north":{"uv":[164,64],"uv_size":[8,3]},"east":{"uv":[137,190],"uv_size":[2,3]},"west":{"uv":[154,190],"uv_size":[2,3]}}},{"origin":[-3.75,-4.81777,-55.73223],"size":[7.5,2.5,1.5],"uv":{"east":{"uv":[156,190],"uv_size":[2,3]},"south":{"uv":[134,164],"uv_size":[8,3]},"west":{"uv":[160,190],"uv_size":[2,3]}}},{"origin":[-3.75,-5.55,-55],"size":[7.5,2.5,1.5],"pivot":[1.25,-3.05,-56],"rotation":[-45,0,0],"uv":{"east":{"uv":[190,161],"uv_size":[2,3]},"south":{"uv":[165,0],"uv_size":[8,3]},"west":{"uv":[162,190],"uv_size":[2,3]}}},{"origin":[-3.75,-2.05,-56],"size":[7.5,1.5,2.5],"pivot":[1.25,-0.55,-56],"rotation":[-45,0,0],"uv":{"east":{"uv":[190,157],"uv_size":[3,2]},"west":{"uv":[164,190],"uv_size":[3,2]},"up":{"uv":[165,60],"uv_size":[8,3]}}},{"origin":[-1.25,8.2,-77],"size":[2.5,3.5,2.5],"pivot":[-1.25,11.7,-74.5],"rotation":[25,0,0],"uv":{"east":{"uv":[151,183],"uv_size":[3,4]},"south":{"uv":[0,184],"uv_size":[3,4]},"west":{"uv":[48,184],"uv_size":[3,4]}}},{"origin":[-1.5,7.15,-74],"size":[3,1.5,12],"pivot":[1.5,8.65,-74],"rotation":[5,0,0],"uv":{"east":{"uv":[164,44],"uv_size":[12,2]},"west":{"uv":[165,112],"uv_size":[12,2]},"up":{"uv":[66,94],"uv_size":[3,12]}}},{"origin":[-2.42721,7.97279,-62.5],"size":[4.854,2,29.5],"uv":{"north":{"uv":[185,121],"uv_size":[5,2]},"south":{"uv":[185,151],"uv_size":[5,2]},"up":{"uv":[18,95],"uv_size":[5,30]}}},{"origin":[1.7,7.6,-61.8],"size":[2.5,1,28],"pivot":[4.2,8.6,-61.8],"rotation":[0,0,45],"uv":{"north":{"uv":[195,112],"uv_size":[2,1]},"south":{"uv":[195,113],"uv_size":[2,1]},"up":{"uv":[14,135],"uv_size":[2,28]},"down":{"uv":[16,163],"uv_size":[2,-28]}}},{"origin":[-5.99289,6.89289,-61.8],"size":[2.5,1,28],"pivot":[-3.49289,7.89289,-61.8],"rotation":[0,0,135],"uv":{"north":{"uv":[195,112],"uv_size":[2,1]},"south":{"uv":[195,113],"uv_size":[2,1]},"up":{"uv":[14,135],"uv_size":[2,28]},"down":{"uv":[16,163],"uv_size":[2,-28]}}},{"origin":[-0.25,12.5,-76.5],"size":[0.5,1.3,0.5],"uv":{"north":{"uv":[196,139],"uv_size":[1,1]},"east":{"uv":[141,196],"uv_size":[1,1]},"south":{"uv":[142,196],"uv_size":[1,1]},"west":{"uv":[143,196],"uv_size":[1,1]},"up":{"uv":[196,145],"uv_size":[1,1]}}},{"origin":[-1.9243,3.30204,-77.52605],"size":[3.84831,1.5939,5],"pivot":[1.92401,4.89594,-77.52605],"rotation":[0,0,45],"uv":{"north":{"uv":[188,175],"uv_size":[4,2]},"east":{"uv":[185,157],"uv_size":[5,2]},"south":{"uv":[11,189],"uv_size":[4,2]},"west":{"uv":[186,12],"uv_size":[5,2]}}},{"origin":[-1.9243,4.89594,-77.52605],"size":[3.84831,1.5939,5],"uv":{"north":{"uv":[189,23],"uv_size":[4,2]},"east":{"uv":[186,14],"uv_size":[5,2]},"south":{"uv":[24,189],"uv_size":[4,2]},"west":{"uv":[186,18],"uv_size":[5,2]}}},{"origin":[0.3299,3.96204,-77.52605],"size":[1.5939,3.84831,5],"pivot":[0.3299,7.14984,-76.7291],"rotation":[0,0,45],"uv":{"north":{"uv":[18,189],"uv_size":[2,4]},"south":{"uv":[40,189],"uv_size":[2,4]},"up":{"uv":[79,185],"uv_size":[2,5]},"down":{"uv":[111,190],"uv_size":[2,-5]}}},{"origin":[-2.86546,-3.00243,-71.87713],"size":[5.73049,2.37346,4],"pivot":[2.86502,-0.62897,-71.87713],"rotation":[0,0,45],"uv":{"north":{"uv":[184,9],"uv_size":[6,2]},"east":{"uv":[189,27],"uv_size":[4,2]},"south":{"uv":[184,96],"uv_size":[6,2]},"west":{"uv":[189,36],"uv_size":[4,2]}}},{"origin":[-2.86546,-0.62897,-71.87713],"size":[5.73049,2.37346,4],"uv":{"north":{"uv":[184,98],"uv_size":[6,2]},"east":{"uv":[189,45],"uv_size":[4,2]},"west":{"uv":[189,68],"uv_size":[4,2]}}},{"origin":[0.49125,-2.01963,-71.87713],"size":[2.37346,5.73049,4],"pivot":[0.49125,2.7273,-70.6904],"rotation":[0,0,45],"uv":{"north":{"uv":[18,183],"uv_size":[2,6]},"south":{"uv":[98,183],"uv_size":[2,6]},"up":{"uv":[42,189],"uv_size":[2,4]},"down":{"uv":[45,193],"uv_size":[2,-4]}}},{"origin":[-1.18673,-2.3077,-71.87713],"size":[2.37346,5.73049,4],"uv":{"north":{"uv":[123,183],"uv_size":[2,6]},"south":{"uv":[15,184],"uv_size":[2,6]},"up":{"uv":[189,72],"uv_size":[2,4]},"down":{"uv":[73,193],"uv_size":[2,-4]}}},{"origin":[-1.71928,-1.60146,-80.02628],"size":[3.43829,1.42408,8.4],"pivot":[1.71901,-0.17738,-80.02628],"rotation":[0,0,45],"uv":{"north":{"uv":[194,72],"uv_size":[3,1]},"east":{"uv":[188,30],"uv_size":[8,1]},"west":{"uv":[188,34],"uv_size":[8,1]}}},{"origin":[-1.71928,-0.17738,-80.02628],"size":[3.43829,1.42408,8.4],"uv":{"north":{"uv":[194,74],"uv_size":[3,1]},"east":{"uv":[188,95],"uv_size":[8,1]},"west":{"uv":[189,43],"uv_size":[8,1]}}},{"origin":[0.29475,-1.01178,-80.02628],"size":[1.42408,3.43829,8.4],"pivot":[0.29475,1.83638,-79.31424],"rotation":[0,0,45],"uv":{"north":{"uv":[78,194],"uv_size":[1,3]},"up":{"uv":[65,187],"uv_size":[1,8]},"down":{"uv":[86,195],"uv_size":[1,-8]}}},{"origin":[-0.71204,-1.18462,-80.02628],"size":[1.42408,3.43829,8.4],"uv":{"north":{"uv":[100,194],"uv_size":[1,3]},"up":{"uv":[106,187],"uv_size":[1,8]},"down":{"uv":[153,195],"uv_size":[1,-8]}}},{"origin":[-1.45671,13.28173,-77.5],"size":[1.596,0.57,2.5],"pivot":[-1.68471,13.85173,-76.36],"rotation":[0,0,45],"uv":{"north":{"uv":[115,195],"uv_size":[2,1]},"south":{"uv":[195,116],"uv_size":[2,1]},"up":{"uv":[170,190],"uv_size":[2,3]},"down":{"uv":[191,15],"uv_size":[2,-3]}}},{"origin":[0.46173,11.83075,-77.5],"size":[1.596,0.57,2.5],"pivot":[0.23373,12.40075,-76.36],"rotation":[0,0,-45],"uv":{"north":{"uv":[117,195],"uv_size":[2,1]},"south":{"uv":[195,117],"uv_size":[2,1]},"up":{"uv":[191,18],"uv_size":[2,3]},"down":{"uv":[24,194],"uv_size":[2,-3]}}},{"origin":[-1.92654,13.28746,-77.5],"size":[0.57,1.596,2.5],"uv":{"north":{"uv":[112,195],"uv_size":[1,2]},"east":{"uv":[191,48],"uv_size":[3,2]},"south":{"uv":[121,195],"uv_size":[1,2]},"west":{"uv":[191,50],"uv_size":[3,2]}}},{"origin":[-1.85976,14.15224,-77.5],"size":[1.596,0.57,2.5],"pivot":[-2.08776,14.72224,-76.36],"rotation":[0,0,-45],"uv":{"north":{"uv":[123,195],"uv_size":[2,1]},"south":{"uv":[125,195],"uv_size":[2,1]},"up":{"uv":[26,191],"uv_size":[2,3]},"down":{"uv":[29,194],"uv_size":[2,-3]}}},{"origin":[1.35654,13.28746,-77.5],"size":[0.57,1.596,2.5],"uv":{"north":{"uv":[127,195],"uv_size":[1,2]},"east":{"uv":[191,72],"uv_size":[3,2]},"south":{"uv":[129,195],"uv_size":[1,2]},"west":{"uv":[191,74],"uv_size":[3,2]}}},{"origin":[0.86478,15.60322,-77.5],"size":[1.596,0.57,2.5],"pivot":[0.63678,16.17322,-76.36],"rotation":[0,0,45],"uv":{"north":{"uv":[130,195],"uv_size":[2,1]},"south":{"uv":[132,195],"uv_size":[2,1]},"up":{"uv":[75,191],"uv_size":[2,3]},"down":{"uv":[191,79],"uv_size":[2,-3]}}},{"origin":[-0.798,15.442,-77.5],"size":[1.596,0.57,2.5],"uv":{"north":{"uv":[195,132],"uv_size":[2,1]},"south":{"uv":[137,195],"uv_size":[2,1]},"up":{"uv":[77,191],"uv_size":[2,3]},"down":{"uv":[191,82],"uv_size":[2,-3]}}}]},{"name":"stock","parent":"gun","pivot":[0,1.7,18.7],"cubes":[{"origin":[-2.505,4.4,19.2],"size":[5.01,3,8],"pivot":[0.5,5.4,20.2],"rotation":[-35,0,0],"uv":{"east":{"uv":[166,73],"uv_size":[8,3]},"west":{"uv":[166,90],"uv_size":[8,3]},"up":{"uv":[50,151],"uv_size":[5,8]}}},{"origin":[-2.5,-0.2,18.2],"size":[5,5,19],"pivot":[0.5,2.8,20.2],"rotation":[-15,0,0],"uv":{"east":{"uv":[122,114],"uv_size":[19,5]},"west":{"uv":[122,119],"uv_size":[19,5]},"up":{"uv":[104,118],"uv_size":[5,19]}}},{"origin":[-2.495,-4.7,31.7],"size":[4.99,2.3,9],"pivot":[0.5,-1.7,32.7],"rotation":[-19,0,0],"uv":{"east":{"uv":[172,175],"uv_size":[9,2]},"west":{"uv":[175,172],"uv_size":[9,2]},"down":{"uv":[28,154],"uv_size":[5,-9]}}},{"origin":[-1.5,-14.87157,39.51421],"size":[3,2,2],"pivot":[-0.5,-11.87157,40.51421],"rotation":[-45,0,0],"uv":{"north":{"uv":[82,191],"uv_size":[3,2]},"east":{"uv":[22,193],"uv_size":[2,2]},"west":{"uv":[35,193],"uv_size":[2,2]},"down":{"uv":[191,169],"uv_size":[3,-2]}}},{"origin":[-1.9,-14.87157,39.91421],"size":[3.8,1.5,1.5],"pivot":[-0.1,-11.87157,40.91421],"rotation":[-45,0,0],"uv":{"north":{"uv":[75,189],"uv_size":[4,2]},"east":{"uv":[193,36],"uv_size":[2,2]},"west":{"uv":[40,193],"uv_size":[2,2]},"down":{"uv":[189,92],"uv_size":[4,-2]}}},{"origin":[-2.495,-4.2,16.1],"size":[4.99,4.5,15],"uv":{"east":{"uv":[132,128],"uv_size":[15,5]},"west":{"uv":[133,0],"uv_size":[15,5]}}},{"origin":[-1.5,-5.2,16.1],"size":[3,1,18],"uv":{"down":{"uv":[5,155],"uv_size":[3,-18]}}},{"origin":[-1.5,-4.6143,16.1],"size":[1.414,1.414,18],"pivot":[-1.5,-3.2003,16.1],"rotation":[0,0,45],"uv":{"down":{"uv":[155,187],"uv_size":[1,-18]}}},{"origin":[1.5,-4.6143,16.1],"size":[1.414,1.414,18],"pivot":[1.5,-3.2003,16.1],"rotation":[0,0,45],"uv":{"west":{"uv":[174,29],"uv_size":[18,1]}}},{"origin":[-2.505,-4.7,36.1],"size":[5.01,5,20],"uv":{"east":{"uv":[117,104],"uv_size":[20,5]},"west":{"uv":[117,109],"uv_size":[20,5]},"up":{"uv":[35,115],"uv_size":[5,20]}}},{"origin":[-2.5,0.3,44.1],"size":[5,5,12],"uv":{"east":{"uv":[134,74],"uv_size":[12,5]},"west":{"uv":[131,134],"uv_size":[12,5]}}},{"origin":[-1.5,5.3,44.1],"size":[3,1,12],"uv":{"north":{"uv":[194,153],"uv_size":[3,1]},"up":{"uv":[23,153],"uv_size":[3,12]}}},{"origin":[1.5,4.886,44.1],"size":[1.414,1.414,12],"pivot":[1.5,6.3,44.1],"rotation":[0,0,45],"uv":{"north":{"uv":[196,151],"uv_size":[1,1]},"up":{"uv":[69,180],"uv_size":[1,12]}}},{"origin":[-1.5,4.886,44.1],"size":[1.414,1.414,12],"pivot":[-1.5,6.3,44.1],"rotation":[0,0,45],"uv":{"north":{"uv":[196,156],"uv_size":[1,1]},"east":{"uv":[183,22],"uv_size":[12,1]}}},{"origin":[-2.495,2.3,37.6],"size":[4.99,3,6.5],"pivot":[2.5,5.3,44.1],"rotation":[52.5,0,0],"uv":{"east":{"uv":[170,31],"uv_size":[7,3]},"west":{"uv":[170,53],"uv_size":[7,3]},"up":{"uv":[134,157],"uv_size":[5,7]}}},{"origin":[-3,-15.2,56.1],"size":[6,22,2],"uv":{"north":{"uv":[51,106],"uv_size":[6,22]},"east":{"uv":[86,140],"uv_size":[2,22]},"south":{"uv":[84,106],"uv_size":[6,22]},"west":{"uv":[21,142],"uv_size":[2,22]},"up":{"uv":[184,161],"uv_size":[6,2]},"down":{"uv":[184,165],"uv_size":[6,-2]}}},{"origin":[-3,2.8,58.1],"size":[6,4,1],"uv":{"east":{"uv":[16,193],"uv_size":[1,4]},"south":{"uv":[166,142],"uv_size":[6,4]},"west":{"uv":[42,193],"uv_size":[1,4]},"up":{"uv":[190,126],"uv_size":[6,1]}}},{"origin":[-3,-2.2,58.1],"size":[6,5,1],"pivot":[-3,2.8,59.1],"rotation":[-12.5,0,0],"uv":{"east":{"uv":[85,191],"uv_size":[1,5]},"south":{"uv":[73,158],"uv_size":[6,5]},"west":{"uv":[6,192],"uv_size":[1,5]}}},{"origin":[-2.5,-13.7,39.1],"size":[5,9,17],"uv":{"north":{"uv":[68,145],"uv_size":[5,9]},"east":{"uv":[95,64],"uv_size":[17,9]},"west":{"uv":[95,73],"uv_size":[17,9]}}},{"origin":[-1.5,-14.7,39.1],"size":[3,1,17],"uv":{"down":{"uv":[55,157],"uv_size":[3,-17]}}},{"origin":[-1.5,-14.1143,39.1],"size":[1.414,1.414,17],"pivot":[-1.5,-12.7003,39.1],"rotation":[0,0,45],"uv":{"north":{"uv":[196,172],"uv_size":[1,1]},"down":{"uv":[36,190],"uv_size":[1,-17]}}},{"origin":[1.5,-14.1143,39.1],"size":[1.414,1.414,17],"pivot":[1.5,-12.7003,39.1],"rotation":[0,0,45],"uv":{"north":{"uv":[196,176],"uv_size":[1,1]},"west":{"uv":[176,44],"uv_size":[17,1]}}}]},{"name":"charge","parent":"gun","pivot":[0,13,-76.5],"cubes":[{"origin":[-10,4,-24],"size":[6.5,1.5,1.5],"uv":{"north":{"uv":[181,165],"uv_size":[7,2]},"east":{"uv":[193,44],"uv_size":[2,2]},"south":{"uv":[181,175],"uv_size":[7,2]},"up":{"uv":[179,181],"uv_size":[7,2]},"down":{"uv":[182,25],"uv_size":[7,-2]}}},{"origin":[-4.5,5.25,-13],"size":[0.5,2.5,1.5],"uv":{"north":{"uv":[110,194],"uv_size":[1,3]},"east":{"uv":[100,191],"uv_size":[2,3]},"south":{"uv":[122,194],"uv_size":[1,3]},"west":{"uv":[104,191],"uv_size":[2,3]},"up":{"uv":[134,195],"uv_size":[1,2]}}},{"origin":[-4,7.25,-13],"size":[6.5,0.5,1.5],"uv":{"north":{"uv":[189,145],"uv_size":[7,1]},"south":{"uv":[189,146],"uv_size":[7,1]},"west":{"uv":[142,195],"uv_size":[2,1]},"up":{"uv":[182,45],"uv_size":[7,2]},"down":{"uv":[182,70],"uv_size":[7,-2]}}},{"origin":[-4.5,4.25,-22.5],"size":[1,1,11],"uv":{"east":{"uv":[185,53],"uv_size":[11,1]},"south":{"uv":[196,178],"uv_size":[1,1]},"up":{"uv":[70,184],"uv_size":[1,11]},"down":{"uv":[71,195],"uv_size":[1,-11]}}}]},{"name":"cover","parent":"gun","pivot":[0,9.55,-26],"cubes":[{"origin":[-4.4,7.55,-20],"size":[1.6,3,7.5],"uv":{"north":{"uv":[151,191],"uv_size":[2,3]},"east":{"uv":[166,146],"uv_size":[8,3]},"south":{"uv":[191,169],"uv_size":[2,3]},"up":{"uv":[86,177],"uv_size":[2,8]}}},{"origin":[-3.3,9.4,-26],"size":[9.3,0.5,0.5],"pivot":[6.5,9.9,-26],"rotation":[-45,0,0],"uv":{"north":{"uv":[187,4],"uv_size":[9,1]},"east":{"uv":[197,12],"uv_size":[1,1]},"south":{"uv":[187,60],"uv_size":[9,1]},"west":{"uv":[13,197],"uv_size":[1,1]},"up":{"uv":[187,61],"uv_size":[9,1]},"down":{"uv":[187,64],"uv_size":[9,-1]}}},{"origin":[1.35355,11.29645,-23.3],"size":[0.65,1,29.5],"pivot":[1.85355,12.29645,-23.3],"rotation":[0,0,45],"uv":{"north":{"uv":[197,13],"uv_size":[1,1]},"south":{"uv":[197,14],"uv_size":[1,1]},"west":{"uv":[153,138],"uv_size":[30,1]},"up":{"uv":[108,154],"uv_size":[1,30]}}},{"origin":[-2.85,8.55,-26],"size":[0.9,2,1.5],"uv":{"east":{"uv":[193,90],"uv_size":[2,2]},"west":{"uv":[193,96],"uv_size":[2,2]},"up":{"uv":[159,195],"uv_size":[1,2]},"down":{"uv":[160,197],"uv_size":[1,-2]}}},{"origin":[4.7,9.14051,-26.01061],"size":[1,1.415,1.415],"pivot":[5.7,10.54051,-26.01061],"rotation":[-45,0,0],"uv":{"north":{"uv":[15,197],"uv_size":[1,1]},"east":{"uv":[197,15],"uv_size":[1,1]},"west":{"uv":[17,197],"uv_size":[1,1]},"down":{"uv":[197,19],"uv_size":[1,-1]}}},{"origin":[-2.85,9.1101,-25.9399],"size":[0.9,1.415,1.415],"pivot":[-1.95,10.6101,-25.9399],"rotation":[-45,0,0],"uv":{"north":{"uv":[19,197],"uv_size":[1,1]},"east":{"uv":[197,19],"uv_size":[1,1]},"west":{"uv":[197,20],"uv_size":[1,1]},"down":{"uv":[197,22],"uv_size":[1,-1]}}},{"origin":[1.95,8.55,-26],"size":[0.9,2,1.5],"uv":{"east":{"uv":[193,106],"uv_size":[2,2]},"west":{"uv":[193,108],"uv_size":[2,2]},"up":{"uv":[184,195],"uv_size":[1,2]},"down":{"uv":[185,197],"uv_size":[1,-2]}}},{"origin":[-1.64645,11.64645,-23.3],"size":[1,0.65,29.5],"pivot":[-1.14645,12.29645,-23.3],"rotation":[0,0,45],"uv":{"north":{"uv":[197,25],"uv_size":[1,1]},"east":{"uv":[156,132],"uv_size":[30,1]},"south":{"uv":[197,26],"uv_size":[1,1]},"down":{"uv":[81,189],"uv_size":[1,-30]}}},{"origin":[2.85,8.55,-24.5],"size":[3.3,2,12],"uv":{"north":{"uv":[191,177],"uv_size":[3,2]},"south":{"uv":[179,191],"uv_size":[3,2]},"up":{"uv":[5,155],"uv_size":[3,12]}}},{"origin":[6.15711,8.54989,-24.5],"size":[0.7,1.293,12],"uv":{"north":{"uv":[27,197],"uv_size":[1,1]},"south":{"uv":[197,27],"uv_size":[1,1]},"west":{"uv":[184,173],"uv_size":[12,1]}}},{"origin":[-1.5,11.15,-23.3],"size":[3,1.5,29.5],"uv":{"north":{"uv":[191,179],"uv_size":[3,2]},"east":{"uv":[135,60],"uv_size":[30,2]},"south":{"uv":[191,183],"uv_size":[3,2]},"west":{"uv":[135,62],"uv_size":[30,2]},"up":{"uv":[90,106],"uv_size":[3,30]}}},{"origin":[4.7,8.55,-26],"size":[1,2,1.5],"uv":{"east":{"uv":[111,193],"uv_size":[2,2]},"west":{"uv":[115,193],"uv_size":[2,2]},"up":{"uv":[187,195],"uv_size":[1,2]},"down":{"uv":[195,189],"uv_size":[1,-2]}}},{"origin":[6.15,9.55,-24.5],"size":[1,1,12],"pivot":[6.15,10.55,-24.5],"rotation":[0,0,45],"uv":{"north":{"uv":[28,197],"uv_size":[1,1]},"south":{"uv":[197,28],"uv_size":[1,1]},"up":{"uv":[56,184],"uv_size":[1,12]}}},{"origin":[3,7.55,-12.5],"size":[2.4,3,6.7],"pivot":[5.4,9.55,-12.5],"rotation":[0,-22.5,0],"uv":{"west":{"uv":[131,170],"uv_size":[7,3]},"up":{"uv":[76,182],"uv_size":[2,7]}}},{"origin":[1.95,9.1101,-25.9399],"size":[0.9,1.415,1.415],"pivot":[2.85,10.6101,-25.9399],"rotation":[-45,0,0],"uv":{"north":{"uv":[29,197],"uv_size":[1,1]},"east":{"uv":[197,29],"uv_size":[1,1]},"west":{"uv":[197,31],"uv_size":[1,1]},"down":{"uv":[197,34],"uv_size":[1,-1]}}},{"origin":[-2,10.45,-23.5],"size":[4,0.7,30],"uv":{"north":{"uv":[193,28],"uv_size":[4,1]},"east":{"uv":[158,40],"uv_size":[30,1]},"south":{"uv":[193,46],"uv_size":[4,1]},"west":{"uv":[160,56],"uv_size":[30,1]},"up":{"uv":[0,107],"uv_size":[4,30]}}},{"origin":[-3,10.45,-19],"size":[8,0.7,5],"uv":{"north":{"uv":[189,52],"uv_size":[8,1]},"east":{"uv":[192,115],"uv_size":[5,1]},"south":{"uv":[189,84],"uv_size":[8,1]},"west":{"uv":[192,121],"uv_size":[5,1]},"up":{"uv":[153,143],"uv_size":[8,5]}}},{"origin":[-2.85,7.55,-24.5],"size":[5.7,3,41.5],"uv":{"north":{"uv":[45,174],"uv_size":[6,3]},"east":{"uv":[107,82],"uv_size":[42,3]},"south":{"uv":[82,174],"uv_size":[6,3]},"west":{"uv":[107,85],"uv_size":[42,3]},"up":{"uv":[69,65],"uv_size":[6,42]}}},{"origin":[0.08431,13.29792,14.13934],"size":[0.3,0.5,0.3],"pivot":[0.08431,13.29792,14.13934],"rotation":[0,0,45],"uv":{"north":{"uv":[197,34],"uv_size":[1,1]},"east":{"uv":[35,197],"uv_size":[1,1]},"south":{"uv":[36,197],"uv_size":[1,1]}}},{"origin":[-0.65,14.03184,14.13934],"size":[0.3,0.5,0.3],"pivot":[-0.65,14.03184,14.13934],"rotation":[0,0,45],"uv":{"north":{"uv":[197,41],"uv_size":[1,1]},"east":{"uv":[42,197],"uv_size":[1,1]},"south":{"uv":[197,42],"uv_size":[1,1]},"west":{"uv":[43,197],"uv_size":[1,1]}}},{"origin":[-0.29645,14.08539,14.13934],"size":[0.5925,0.3,0.3],"uv":{"north":{"uv":[47,197],"uv_size":[1,1]},"south":{"uv":[197,48],"uv_size":[1,1]},"up":{"uv":[50,197],"uv_size":[1,1]},"down":{"uv":[197,51],"uv_size":[1,-1]}}},{"origin":[-0.38431,13.29792,14.13934],"size":[0.3,0.5,0.3],"pivot":[-0.08431,13.29792,14.13934],"rotation":[0,0,-45],"uv":{"north":{"uv":[51,197],"uv_size":[1,1]},"south":{"uv":[197,52],"uv_size":[1,1]},"west":{"uv":[53,197],"uv_size":[1,1]}}},{"origin":[0.35,14.03184,14.13934],"size":[0.3,0.5,0.3],"pivot":[0.65,14.03184,14.13934],"rotation":[0,0,-45],"uv":{"north":{"uv":[56,197],"uv_size":[1,1]},"east":{"uv":[57,197],"uv_size":[1,1]},"south":{"uv":[197,57],"uv_size":[1,1]},"west":{"uv":[58,197],"uv_size":[1,1]}}},{"origin":[-0.65,12.73934,14.13934],"size":[0.3,1.2925,0.3],"uv":{"north":{"uv":[197,59],"uv_size":[1,1]},"east":{"uv":[60,197],"uv_size":[1,1]},"south":{"uv":[197,60],"uv_size":[1,1]},"west":{"uv":[61,197],"uv_size":[1,1]}}},{"origin":[0.35,12.73934,14.13934],"size":[0.3,1.2925,0.3],"uv":{"north":{"uv":[63,197],"uv_size":[1,1]},"east":{"uv":[64,197],"uv_size":[1,1]},"south":{"uv":[197,64],"uv_size":[1,1]},"west":{"uv":[65,197],"uv_size":[1,1]}}},{"origin":[-0.40355,12.58579,14.13934],"size":[0.8,0.8,0.3],"uv":{"north":{"uv":[197,66],"uv_size":[1,1]},"south":{"uv":[197,68],"uv_size":[1,1]},"up":{"uv":[197,69],"uv_size":[1,1]}}},{"origin":[3.47789,11.35767,7.78021],"size":[0.95965,2.31697,1.5],"pivot":[3.47789,13.27696,8.26003],"rotation":[0,-90,0],"uv":{"north":{"uv":[189,195],"uv_size":[1,2]},"up":{"uv":[195,193],"uv_size":[1,2]},"down":{"uv":[195,197],"uv_size":[1,-2]}}},{"origin":[1.95771,11.86483,14.7599],"size":[0.5,0.5,3.5],"pivot":[1.95771,12.36483,14.7599],"rotation":[-90,-45,90],"uv":{"east":{"uv":[193,124],"uv_size":[4,1]},"west":{"uv":[125,193],"uv_size":[4,1]},"up":{"uv":[43,193],"uv_size":[1,4]},"down":{"uv":[62,197],"uv_size":[1,-4]}}},{"origin":[2.95771,12.36483,8.7599],"size":[0.5,0.5,5.5],"pivot":[2.95771,12.86483,8.7599],"rotation":[-90,-45,90],"uv":{"east":{"uv":[191,21],"uv_size":[6,1]},"west":{"uv":[191,38],"uv_size":[6,1]},"up":{"uv":[114,190],"uv_size":[1,6]},"down":{"uv":[147,196],"uv_size":[1,-6]}}},{"origin":[3.47789,11.47427,8.45878],"size":[0.95965,2.31697,1.5],"pivot":[3.47789,13.39357,8.9386],"rotation":[-90,-45,90],"uv":{"north":{"uv":[196,0],"uv_size":[1,2]},"up":{"uv":[3,196],"uv_size":[1,2]},"down":{"uv":[196,5],"uv_size":[1,-2]}}},{"origin":[2.31931,12.03642,9.21986],"size":[2.31697,0.95965,1.5],"pivot":[3.95771,14.07232,9.21986],"rotation":[0,-90,0],"uv":{"north":{"uv":[195,155],"uv_size":[2,1]},"east":{"uv":[195,159],"uv_size":[2,1]},"west":{"uv":[4,196],"uv_size":[2,1]}}},{"origin":[1.64074,11.07665,9.89838],"size":[2.31697,0.95965,1.5],"pivot":[3.95771,12.0363,9.89838],"rotation":[-90,-45,90],"uv":{"north":{"uv":[196,6],"uv_size":[2,1]},"east":{"uv":[196,7],"uv_size":[2,1]},"west":{"uv":[196,10],"uv_size":[2,1]}}},{"origin":[-1.92211,11.35767,13.28021],"size":[0.95965,2.31697,1],"pivot":[-1.92211,13.27696,13.76003],"rotation":[0,-90,0],"uv":{"north":{"uv":[10,196],"uv_size":[1,2]},"up":{"uv":[197,72],"uv_size":[1,1]},"down":{"uv":[73,198],"uv_size":[1,-1]}}},{"origin":[-1.92211,11.47415,13.95865],"size":[0.95965,2.31697,1],"pivot":[-1.92211,13.39344,14.43848],"rotation":[-90,-45,90],"uv":{"north":{"uv":[24,196],"uv_size":[1,2]},"up":{"uv":[197,73],"uv_size":[1,1]},"down":{"uv":[74,198],"uv_size":[1,-1]}}},{"origin":[-3.08069,12.03642,14.71968],"size":[2.31697,0.95965,1],"pivot":[-1.44229,14.07232,14.71968],"rotation":[0,-90,0],"uv":{"north":{"uv":[196,30],"uv_size":[2,1]},"east":{"uv":[197,74],"uv_size":[1,1]},"west":{"uv":[75,197],"uv_size":[1,1]}}},{"origin":[-3.75926,11.07665,15.39838],"size":[2.31697,0.95965,1],"pivot":[-1.44229,12.0363,15.39838],"rotation":[-90,-45,90],"uv":{"north":{"uv":[196,54],"uv_size":[2,1]},"east":{"uv":[197,75],"uv_size":[1,1]},"west":{"uv":[76,197],"uv_size":[1,1]}}},{"origin":[3.47789,11.35767,13.28021],"size":[0.95965,2.31697,2.5],"pivot":[3.47789,13.27696,13.76003],"rotation":[0,-90,0],"uv":{"north":{"uv":[37,196],"uv_size":[1,2]},"south":{"uv":[44,196],"uv_size":[1,2]},"up":{"uv":[8,195],"uv_size":[1,3]},"down":{"uv":[9,198],"uv_size":[1,-3]}}},{"origin":[3.47789,11.47415,13.95865],"size":[0.95965,2.31697,2.5],"pivot":[3.47789,13.39344,14.43848],"rotation":[-90,-45,90],"uv":{"north":{"uv":[52,196],"uv_size":[1,2]},"south":{"uv":[196,60],"uv_size":[1,2]},"up":{"uv":[11,195],"uv_size":[1,3]},"down":{"uv":[12,198],"uv_size":[1,-3]}}},{"origin":[2.31931,12.03642,14.71968],"size":[2.31697,0.95965,2.5],"pivot":[3.95771,14.07232,14.71968],"rotation":[0,-90,0],"uv":{"north":{"uv":[196,62],"uv_size":[2,1]},"east":{"uv":[195,16],"uv_size":[3,1]},"south":{"uv":[63,196],"uv_size":[2,1]},"west":{"uv":[195,17],"uv_size":[3,1]}}},{"origin":[1.64074,11.07677,15.39825],"size":[2.31697,0.95965,2.5],"pivot":[3.95771,12.03642,15.39825],"rotation":[-90,-45,90],"uv":{"north":{"uv":[196,63],"uv_size":[2,1]},"east":{"uv":[22,195],"uv_size":[3,1]},"south":{"uv":[65,196],"uv_size":[2,1]},"west":{"uv":[195,22],"uv_size":[3,1]}}},{"origin":[2.1536,12.09497,13.25],"size":[0.5,1,0.7],"pivot":[0.93608,13.64497,12.2],"rotation":[-45,0,0],"uv":{"north":{"uv":[197,76],"uv_size":[1,1]},"east":{"uv":[77,197],"uv_size":[1,1]},"west":{"uv":[78,197],"uv_size":[1,1]}}},{"origin":[-2.6536,12.09497,13.25],"size":[0.5,1,0.7],"pivot":[-1.06392,13.64497,12.2],"rotation":[-45,0,0],"uv":{"north":{"uv":[197,80],"uv_size":[1,1]},"east":{"uv":[197,81],"uv_size":[1,1]},"west":{"uv":[83,197],"uv_size":[1,1]}}},{"origin":[2.1536,13.06005,9.71005],"size":[0.5,0.25,0.8],"uv":{"east":{"uv":[197,85],"uv_size":[1,1]},"south":{"uv":[86,197],"uv_size":[1,1]},"west":{"uv":[197,86],"uv_size":[1,1]}}},{"origin":[-2.6536,13.06005,9.71005],"size":[0.5,0.25,0.8],"uv":{"east":{"uv":[197,88],"uv_size":[1,1]},"south":{"uv":[90,197],"uv_size":[1,1]},"west":{"uv":[197,90],"uv_size":[1,1]}}},{"origin":[2.1536,13.85,12.6],"size":[0.5,0.4,1],"pivot":[0.93608,14.55,12.2],"rotation":[-45,0,0],"uv":{"east":{"uv":[93,197],"uv_size":[1,1]},"west":{"uv":[197,94],"uv_size":[1,1]},"down":{"uv":[96,198],"uv_size":[1,-1]}}},{"origin":[-2.6536,13.85,12.6],"size":[0.5,0.4,1],"pivot":[0.93608,14.55,12.2],"rotation":[-45,0,0],"uv":{"east":{"uv":[97,197],"uv_size":[1,1]},"west":{"uv":[98,197],"uv_size":[1,1]},"down":{"uv":[100,198],"uv_size":[1,-1]}}},{"origin":[2.1536,11.86005,12.48995],"size":[0.5,1.5,0.7],"uv":{"north":{"uv":[67,196],"uv_size":[1,2]},"east":{"uv":[68,196],"uv_size":[1,2]},"west":{"uv":[79,196],"uv_size":[1,2]}}},{"origin":[-2.6536,11.86005,12.48995],"size":[0.5,1.5,0.7],"uv":{"north":{"uv":[80,196],"uv_size":[1,2]},"east":{"uv":[81,196],"uv_size":[1,2]},"west":{"uv":[82,196],"uv_size":[1,2]}}},{"origin":[2.1536,12.86005,9.81005],"size":[0.5,0.4,1],"pivot":[0.93608,13.56005,9.81005],"rotation":[45,0,0],"uv":{"east":{"uv":[197,103],"uv_size":[1,1]},"west":{"uv":[197,104],"uv_size":[1,1]},"down":{"uv":[197,106],"uv_size":[1,-1]}}},{"origin":[-2.6536,12.86005,9.81005],"size":[0.5,0.4,1],"pivot":[0.93608,13.56005,9.81005],"rotation":[45,0,0],"uv":{"east":{"uv":[197,106],"uv_size":[1,1]},"west":{"uv":[197,107],"uv_size":[1,1]},"down":{"uv":[197,109],"uv_size":[1,-1]}}},{"origin":[2.1536,10.85754,9.56256],"size":[0.5,1,0.7],"pivot":[0.93608,12.40754,9.56256],"rotation":[45,0,0],"uv":{"east":{"uv":[197,109],"uv_size":[1,1]},"south":{"uv":[110,197],"uv_size":[1,1]},"west":{"uv":[197,110],"uv_size":[1,1]}}},{"origin":[-2.6536,10.85754,9.56256],"size":[0.5,1,0.7],"pivot":[-1.06392,12.40754,9.56256],"rotation":[45,0,0],"uv":{"east":{"uv":[197,112],"uv_size":[1,1]},"south":{"uv":[113,197],"uv_size":[1,1]},"west":{"uv":[197,113],"uv_size":[1,1]}}},{"origin":[-2.27071,10.47929,7],"size":[0.5,0.5,9],"pivot":[-2.37071,10.47929,7],"rotation":[0,0,-45],"uv":{"north":{"uv":[115,197],"uv_size":[1,1]},"east":{"uv":[187,88],"uv_size":[9,1]},"south":{"uv":[197,115],"uv_size":[1,1]},"west":{"uv":[187,89],"uv_size":[9,1]}}},{"origin":[2.32929,10.47929,7],"size":[0.5,0.5,9],"pivot":[2.22929,10.47929,7],"rotation":[0,0,-45],"uv":{"north":{"uv":[116,197],"uv_size":[1,1]},"south":{"uv":[197,116],"uv_size":[1,1]},"up":{"uv":[53,186],"uv_size":[1,9]},"down":{"uv":[63,195],"uv_size":[1,-9]}}},{"origin":[-2.65355,13.10355,14],"size":[0.5,3,2],"pivot":[-2.65355,13.10355,16],"rotation":[45,0,0],"uv":{"east":{"uv":[60,192],"uv_size":[2,3]},"south":{"uv":[26,195],"uv_size":[1,3]},"west":{"uv":[192,92],"uv_size":[2,3]}}},{"origin":[2.15355,13.10355,14],"size":[0.5,3,2],"pivot":[2.15355,13.10355,16],"rotation":[45,0,0],"uv":{"east":{"uv":[93,192],"uv_size":[2,3]},"south":{"uv":[33,195],"uv_size":[1,3]},"west":{"uv":[98,192],"uv_size":[2,3]}}},{"origin":[-2.65355,11.86355,13.19],"size":[0.5,1.24,2.81],"uv":{"east":{"uv":[34,195],"uv_size":[3,1]},"south":{"uv":[197,117],"uv_size":[1,1]},"west":{"uv":[195,36],"uv_size":[3,1]}}},{"origin":[2.15355,11.86355,13.19],"size":[0.5,1.24,2.81],"uv":{"east":{"uv":[195,37],"uv_size":[3,1]},"south":{"uv":[197,118],"uv_size":[1,1]},"west":{"uv":[195,44],"uv_size":[3,1]}}},{"origin":[-2.65355,11.80228,7.00167],"size":[0.5,1.3,4.42],"pivot":[-2.65355,13.10233,7.00167],"rotation":[28.7,0,0],"uv":{"east":{"uv":[193,125],"uv_size":[4,1]},"west":{"uv":[193,127],"uv_size":[4,1]},"up":{"uv":[84,193],"uv_size":[1,4]}}},{"origin":[2.15355,11.80293,7.00249],"size":[0.5,1.3,4.42],"pivot":[-2.65355,13.10105,7.00334],"rotation":[28.7,0,0],"uv":{"east":{"uv":[193,157],"uv_size":[4,1]},"west":{"uv":[193,158],"uv_size":[4,1]},"up":{"uv":[119,193],"uv_size":[1,4]}}},{"origin":[2.15355,13.76987,10.87868],"size":[0.5,1.455,3],"uv":{"east":{"uv":[195,45],"uv_size":[3,1]},"west":{"uv":[195,55],"uv_size":[3,1]},"up":{"uv":[45,195],"uv_size":[1,3]},"down":{"uv":[46,198],"uv_size":[1,-3]}}},{"origin":[-2.65355,13.76987,10.87868],"size":[0.5,1.455,3],"uv":{"east":{"uv":[195,56],"uv_size":[3,1]},"west":{"uv":[58,195],"uv_size":[3,1]},"up":{"uv":[48,195],"uv_size":[1,3]},"down":{"uv":[49,198],"uv_size":[1,-3]}}},{"origin":[2.15355,11.86229,7.00169],"size":[0.5,1.24,3.5],"uv":{"north":{"uv":[123,197],"uv_size":[1,1]},"east":{"uv":[160,193],"uv_size":[4,1]},"south":{"uv":[197,123],"uv_size":[1,1]},"west":{"uv":[193,169],"uv_size":[4,1]}}},{"origin":[-2.65355,11.86233,7.00167],"size":[0.5,1.24,3.5],"uv":{"north":{"uv":[124,197],"uv_size":[1,1]},"east":{"uv":[193,170],"uv_size":[4,1]},"south":{"uv":[197,124],"uv_size":[1,1]},"west":{"uv":[193,171],"uv_size":[4,1]}}},{"origin":[-2.65355,10.90355,7],"size":[0.5,0.96,9],"uv":{"north":{"uv":[125,197],"uv_size":[1,1]},"east":{"uv":[187,104],"uv_size":[9,1]},"south":{"uv":[197,125],"uv_size":[1,1]},"west":{"uv":[187,105],"uv_size":[9,1]},"up":{"uv":[64,186],"uv_size":[1,9]}}},{"origin":[2.15355,10.90355,7],"size":[0.5,0.96,9],"uv":{"north":{"uv":[126,197],"uv_size":[1,1]},"east":{"uv":[187,128],"uv_size":[9,1]},"south":{"uv":[197,126],"uv_size":[1,1]},"west":{"uv":[187,129],"uv_size":[9,1]},"up":{"uv":[97,186],"uv_size":[1,9]}}},{"origin":[-0.8,12.37097,13.29026],"size":[1.6,0.5,2],"uv":{"east":{"uv":[196,92],"uv_size":[2,1]},"south":{"uv":[93,196],"uv_size":[2,1]},"west":{"uv":[196,93],"uv_size":[2,1]},"up":{"uv":[179,193],"uv_size":[2,2]}}},{"origin":[-0.8,12.21976,8.30244],"size":[1.6,0.5,0.5],"uv":{"north":{"uv":[196,95],"uv_size":[2,1]},"east":{"uv":[127,197],"uv_size":[1,1]}}},{"origin":[-0.8,12.65,8.3],"size":[1.6,0.5,5],"pivot":[0,12.65,9.3],"rotation":[-4,0,0],"uv":{"north":{"uv":[196,99],"uv_size":[2,1]},"east":{"uv":[192,122],"uv_size":[5,1]},"west":{"uv":[123,192],"uv_size":[5,1]},"up":{"uv":[125,185],"uv_size":[2,5]},"down":{"uv":[127,190],"uv_size":[2,-5]}}},{"origin":[-2.3,10.55,7],"size":[4.6,0.5,9],"uv":{"north":{"uv":[192,123],"uv_size":[5,1]},"south":{"uv":[131,192],"uv_size":[5,1]},"up":{"uv":[35,147],"uv_size":[5,9]}}}]},{"name":"moving_part","parent":"cover","pivot":[-2.9,7,-9.5],"cubes":[{"origin":[-3.41,7,-10],"size":[0.5,1.5,22.5],"uv":{"east":{"uv":[144,110],"uv_size":[23,2]},"south":{"uv":[162,195],"uv_size":[1,2]},"west":{"uv":[147,88],"uv_size":[23,2]},"down":{"uv":[53,186],"uv_size":[1,-23]}}},{"origin":[-3.85,8.5,-9],"size":[0.5,0.5,10.5],"pivot":[-3.35,8.5,-8.5],"rotation":[0,0,45],"uv":{"north":{"uv":[197,23],"uv_size":[1,1]},"east":{"uv":[185,137],"uv_size":[10,1]},"south":{"uv":[197,24],"uv_size":[1,1]},"up":{"uv":[31,185],"uv_size":[1,10]},"down":{"uv":[54,195],"uv_size":[1,-10]}}},{"origin":[-3.4,7,2.5],"size":[0.5,1.5,10],"pivot":[-3.4,8.5,12.5],"rotation":[-7.5,0,0],"uv":{"east":{"uv":[172,70],"uv_size":[10,2]},"up":{"uv":[68,185],"uv_size":[1,10]}}},{"origin":[-3.4,8.30526,-2.41445],"size":[0.5,1.5,5],"pivot":[-3.4,9.80526,2.58555],"rotation":[15,0,0],"uv":{"east":{"uv":[186,50],"uv_size":[5,2]},"up":{"uv":[17,192],"uv_size":[1,5]}}},{"origin":[-3.4,7.03433,-10.17037],"size":[0.5,1.5,5],"pivot":[-3.4,8.53433,-5.17037],"rotation":[-15,0,0],"uv":{"east":{"uv":[186,78],"uv_size":[5,2]},"up":{"uv":[95,192],"uv_size":[1,5]}}},{"origin":[-3.4,7.62132,-10.5],"size":[0.5,2,2],"pivot":[-3.4,9.12132,-10],"rotation":[-45,0,0],"uv":{"north":{"uv":[173,195],"uv_size":[1,2]},"east":{"uv":[193,98],"uv_size":[2,2]},"west":{"uv":[193,100],"uv_size":[2,2]},"down":{"uv":[179,197],"uv_size":[1,-2]}}}]},{"name":"s_scope","parent":"cover","pivot":[0,12.75,-3.5]},{"name":"mag","parent":"gun","pivot":[0,13,-76],"cubes":[{"origin":[-7,-25,-24.5],"size":[20,22.5,12],"uv":{"north":{"uv":[26,12],"uv_size":[20,23]},"south":{"uv":[26,35],"uv_size":[20,23]},"up":{"uv":[75,62],"uv_size":[20,12]},"down":{"uv":[75,86],"uv_size":[20,-12]}}},{"origin":[-17,-7.5,-24.51],"size":[10,5,12.02],"pivot":[-7,-2.5,-24],"rotation":[0,0,-45],"uv":{"north":{"uv":[143,134],"uv_size":[10,5]},"south":{"uv":[144,48],"uv_size":[10,5]},"up":{"uv":[107,94],"uv_size":[10,12]}}},{"origin":[-14.07214,-25,-24.5],"size":[7.07214,15.42786,12],"uv":{"north":{"uv":[97,112],"uv_size":[7,15]},"east":{"uv":[87,20],"uv_size":[12,15]},"south":{"uv":[28,115],"uv_size":[7,15]},"down":{"uv":[81,140],"uv_size":[7,-12]}}},{"origin":[13,-26,-25.5],"size":[1,24.5,14],"uv":{"north":{"uv":[79,160],"uv_size":[1,25]},"east":{"uv":[46,12],"uv_size":[14,25]},"south":{"uv":[80,160],"uv_size":[1,25]},"west":{"uv":[46,37],"uv_size":[14,25]},"up":{"uv":[146,174],"uv_size":[1,14]},"down":{"uv":[107,192],"uv_size":[1,-14]}}}]},{"name":"bullet_0","parent":"mag","pivot":[11,-5.25,-22.55],"cubes":[{"origin":[10.5,-5.75,-23.55],"size":[1,1,2.5],"pivot":[11,-5.25,-23.05],"rotation":[0,0,45],"uv":{"north":{"uv":[181,196],"uv_size":[1,1]},"east":{"uv":[194,161],"uv_size":[3,1]},"west":{"uv":[162,194],"uv_size":[3,1]},"up":{"uv":[128,194],"uv_size":[1,3]},"down":{"uv":[139,197],"uv_size":[1,-3]}}},{"origin":[10.25,-6,-21.05],"size":[1.5,1.5,7.5],"pivot":[11,-5.25,-20.55],"rotation":[0,0,45],"uv":{"north":{"uv":[193,55],"uv_size":[2,2]},"east":{"uv":[178,76],"uv_size":[8,2]},"south":{"uv":[193,64],"uv_size":[2,2]},"west":{"uv":[178,78],"uv_size":[8,2]},"up":{"uv":[76,174],"uv_size":[2,8]},"down":{"uv":[11,183],"uv_size":[2,-8]}}}]},{"name":"bullet_1","parent":"mag","pivot":[11,-3,-22.55],"cubes":[{"origin":[10.5,-3.5,-23.55],"size":[1,1,2.5],"pivot":[11,-3,-23.05],"rotation":[0,0,45],"uv":{"north":{"uv":[196,182],"uv_size":[1,1]},"east":{"uv":[194,162],"uv_size":[3,1]},"west":{"uv":[194,163],"uv_size":[3,1]},"up":{"uv":[140,194],"uv_size":[1,3]},"down":{"uv":[145,197],"uv_size":[1,-3]}}},{"origin":[10.25,-3.75,-21.05],"size":[1.5,1.5,7.5],"pivot":[11,-3,-20.55],"rotation":[0,0,45],"uv":{"north":{"uv":[66,193],"uv_size":[2,2]},"east":{"uv":[178,80],"uv_size":[8,2]},"south":{"uv":[193,66],"uv_size":[2,2]},"west":{"uv":[178,82],"uv_size":[8,2]},"up":{"uv":[18,175],"uv_size":[2,8]},"down":{"uv":[152,183],"uv_size":[2,-8]}}}]},{"name":"bullet_2","parent":"mag","pivot":[10.8,-0.95,-22.55],"cubes":[{"origin":[10.3,-1.45,-23.55],"size":[1,1,2.5],"pivot":[10.8,-0.95,-23.05],"rotation":[0,0,45],"uv":{"north":{"uv":[196,186],"uv_size":[1,1]},"east":{"uv":[165,194],"uv_size":[3,1]},"west":{"uv":[194,165],"uv_size":[3,1]},"up":{"uv":[151,194],"uv_size":[1,3]},"down":{"uv":[152,197],"uv_size":[1,-3]}}},{"origin":[10.05,-1.7,-21.05],"size":[1.5,1.5,7.5],"pivot":[10.8,-0.95,-20.55],"rotation":[0,0,45],"uv":{"north":{"uv":[193,68],"uv_size":[2,2]},"east":{"uv":[90,178],"uv_size":[8,2]},"south":{"uv":[73,193],"uv_size":[2,2]},"west":{"uv":[178,110],"uv_size":[8,2]},"up":{"uv":[70,176],"uv_size":[2,8]},"down":{"uv":[102,184],"uv_size":[2,-8]}}}]},{"name":"bullet_3","parent":"mag","pivot":[10.3,0.85,-22.55],"cubes":[{"origin":[9.8,0.35,-23.55],"size":[1,1,2.5],"pivot":[10.3,0.85,-23.05],"rotation":[0,0,45],"uv":{"north":{"uv":[196,188],"uv_size":[1,1]},"east":{"uv":[194,166],"uv_size":[3,1]},"west":{"uv":[194,167],"uv_size":[3,1]},"up":{"uv":[168,194],"uv_size":[1,3]},"down":{"uv":[169,197],"uv_size":[1,-3]}}},{"origin":[9.55,0.1,-21.05],"size":[1.5,1.5,7.5],"pivot":[10.3,0.85,-20.55],"rotation":[0,0,45],"uv":{"north":{"uv":[193,76],"uv_size":[2,2]},"east":{"uv":[115,178],"uv_size":[8,2]},"south":{"uv":[193,78],"uv_size":[2,2]},"west":{"uv":[178,116],"uv_size":[8,2]},"up":{"uv":[109,176],"uv_size":[2,8]},"down":{"uv":[20,185],"uv_size":[2,-8]}}}]},{"name":"bullet_4","parent":"mag","pivot":[9.95,2.8,-22.55],"cubes":[{"origin":[9.45,2.3,-23.55],"size":[1,1,2.5],"pivot":[9.95,2.8,-23.05],"rotation":[0,0,45],"uv":{"north":{"uv":[196,193],"uv_size":[1,1]},"east":{"uv":[194,168],"uv_size":[3,1]},"west":{"uv":[172,194],"uv_size":[3,1]},"up":{"uv":[175,194],"uv_size":[1,3]},"down":{"uv":[176,197],"uv_size":[1,-3]}}},{"origin":[9.2,2.05,-21.05],"size":[1.5,1.5,7.5],"pivot":[9.95,2.8,-20.55],"rotation":[0,0,45],"uv":{"north":{"uv":[79,193],"uv_size":[2,2]},"east":{"uv":[178,149],"uv_size":[8,2]},"south":{"uv":[193,80],"uv_size":[2,2]},"west":{"uv":[179,0],"uv_size":[8,2]},"up":{"uv":[22,177],"uv_size":[2,8]},"down":{"uv":[26,185],"uv_size":[2,-8]}}}]},{"name":"bullet_5","parent":"mag","pivot":[9.1,4.3,-22.55],"cubes":[{"origin":[8.6,3.8,-23.55],"size":[1,1,2.5],"pivot":[9.1,4.3,-23.05],"rotation":[0,0,45],"uv":{"north":{"uv":[196,195],"uv_size":[1,1]},"east":{"uv":[194,174],"uv_size":[3,1]},"west":{"uv":[194,175],"uv_size":[3,1]},"up":{"uv":[177,194],"uv_size":[1,3]},"down":{"uv":[194,180],"uv_size":[1,-3]}}},{"origin":[8.35,3.55,-21.05],"size":[1.5,1.5,7.5],"pivot":[9.1,4.3,-20.55],"rotation":[0,0,45],"uv":{"north":{"uv":[82,193],"uv_size":[2,2]},"east":{"uv":[45,179],"uv_size":[8,2]},"south":{"uv":[193,82],"uv_size":[2,2]},"west":{"uv":[55,179],"uv_size":[8,2]},"up":{"uv":[28,177],"uv_size":[2,8]},"down":{"uv":[30,185],"uv_size":[2,-8]}}}]},{"name":"bullet_6","parent":"mag","pivot":[7.95,5.6,-22.55],"cubes":[{"origin":[7.45,5.1,-23.55],"size":[1,1,2.5],"pivot":[7.95,5.6,-23.05],"rotation":[0,0,45],"uv":{"north":{"uv":[197,0],"uv_size":[1,1]},"east":{"uv":[194,180],"uv_size":[3,1]},"west":{"uv":[194,183],"uv_size":[3,1]},"up":{"uv":[182,194],"uv_size":[1,3]},"down":{"uv":[183,197],"uv_size":[1,-3]}}},{"origin":[7.2,4.85,-21.05],"size":[1.5,1.5,7.5],"pivot":[7.95,5.6,-20.55],"rotation":[0,0,45],"uv":{"north":{"uv":[88,193],"uv_size":[2,2]},"east":{"uv":[179,60],"uv_size":[8,2]},"south":{"uv":[90,193],"uv_size":[2,2]},"west":{"uv":[179,102],"uv_size":[8,2]},"up":{"uv":[82,177],"uv_size":[2,8]},"down":{"uv":[84,185],"uv_size":[2,-8]}}}]},{"name":"bullet_7","parent":"mag","pivot":[6.8,6.85,-22.55],"cubes":[{"origin":[6.3,6.35,-23.55],"size":[1,1,2.5],"pivot":[6.8,6.85,-23.05],"rotation":[0,0,45],"uv":{"north":{"uv":[197,2],"uv_size":[1,1]},"east":{"uv":[194,184],"uv_size":[3,1]},"west":{"uv":[185,194],"uv_size":[3,1]},"up":{"uv":[194,186],"uv_size":[1,3]},"down":{"uv":[188,197],"uv_size":[1,-3]}}},{"origin":[6.05,6.1,-21.05],"size":[1.5,1.5,7.5],"pivot":[6.8,6.85,-20.55],"rotation":[0,0,45],"uv":{"north":{"uv":[144,195],"uv_size":[1,2]},"east":{"uv":[179,128],"uv_size":[8,2]},"south":{"uv":[148,195],"uv_size":[1,2]},"west":{"uv":[135,179],"uv_size":[8,2]},"up":{"uv":[2,188],"uv_size":[1,8]},"down":{"uv":[50,196],"uv_size":[1,-8]}}}]},{"name":"bullet_8","parent":"mag","pivot":[5,7.4,-22.55],"cubes":[{"origin":[4.5,6.9,-23.55],"size":[1,1,2.5],"pivot":[5,7.4,-23.05],"rotation":[0,0,45],"uv":{"north":{"uv":[4,197],"uv_size":[1,1]},"east":{"uv":[194,189],"uv_size":[3,1]},"west":{"uv":[194,190],"uv_size":[3,1]},"up":{"uv":[192,194],"uv_size":[1,3]},"down":{"uv":[193,197],"uv_size":[1,-3]}}},{"origin":[4.25,6.65,-21.05],"size":[1.5,1.5,7.5],"pivot":[5,7.4,-20.55],"rotation":[0,0,45],"uv":{"north":{"uv":[149,195],"uv_size":[1,2]},"east":{"uv":[163,179],"uv_size":[8,2]},"south":{"uv":[195,149],"uv_size":[1,2]},"west":{"uv":[179,169],"uv_size":[8,2]},"up":{"uv":[113,188],"uv_size":[1,8]},"down":{"uv":[141,196],"uv_size":[1,-8]}}}]},{"name":"bullet_9","parent":"mag","pivot":[2.75,7.4,-22.55],"cubes":[{"origin":[2.25,6.9,-23.55],"size":[1,1,2.5],"pivot":[2.75,7.4,-23.05],"rotation":[0,0,45],"uv":{"north":{"uv":[5,197],"uv_size":[1,1]},"east":{"uv":[194,191],"uv_size":[3,1]},"west":{"uv":[194,192],"uv_size":[3,1]},"up":{"uv":[194,194],"uv_size":[1,3]},"down":{"uv":[0,198],"uv_size":[1,-3]}}},{"origin":[2,6.65,-21.05],"size":[1.5,1.5,7.5],"pivot":[2.75,7.4,-20.55],"rotation":[0,0,45],"uv":{"north":{"uv":[150,195],"uv_size":[1,2]},"east":{"uv":[171,179],"uv_size":[8,2]},"south":{"uv":[195,151],"uv_size":[1,2]},"west":{"uv":[179,177],"uv_size":[8,2]},"up":{"uv":[178,188],"uv_size":[1,8]},"down":{"uv":[7,197],"uv_size":[1,-8]}}}]},{"name":"bullet_10","parent":"mag","pivot":[0.45,7.15,-22.55],"cubes":[{"origin":[-0.05,6.65,-23.55],"size":[1,1,2.5],"pivot":[0.45,7.15,-23.05],"rotation":[0,0,45],"uv":{"north":{"uv":[7,197],"uv_size":[1,1]},"east":{"uv":[3,195],"uv_size":[3,1]},"west":{"uv":[195,5],"uv_size":[3,1]},"up":{"uv":[1,195],"uv_size":[1,3]},"down":{"uv":[195,9],"uv_size":[1,-3]}}},{"origin":[-0.3,6.4,-21.05],"size":[1.5,1.5,7.5],"pivot":[0.45,7.15,-20.55],"rotation":[0,0,45],"uv":{"north":{"uv":[153,195],"uv_size":[1,2]},"east":{"uv":[179,179],"uv_size":[8,2]},"south":{"uv":[154,195],"uv_size":[1,2]},"west":{"uv":[180,16],"uv_size":[8,2]},"up":{"uv":[28,189],"uv_size":[1,8]},"down":{"uv":[47,197],"uv_size":[1,-8]}}}]},{"name":"left_arm","parent":"gun","pivot":[21.66895,-24.72206,0.71852],"rotation":[-94.13773,26.96381,40.19905],"cubes":[{"origin":[17.21895,-78.72206,-5.28148],"size":[9,54,12],"uv":{"north":{"uv":[38,0],"uv_size":[6,38]},"east":{"uv":[16,0],"uv_size":[8,38]},"south":{"uv":[6,38],"uv_size":[6,38]},"west":{"uv":[24,0],"uv_size":[8,38]},"up":{"uv":[64,0],"uv_size":[6,8]},"down":{"uv":[64,16],"uv_size":[6,-8]}}}]},{"name":"right_arm","parent":"gun","pivot":[-3.09854,-13.87481,48.46086],"rotation":[-92.7551,-2.7676,5.132],"cubes":[{"origin":[-7.64854,-67.87481,42.46086],"size":[9,54,12],"uv":{"north":{"uv":[32,0],"uv_size":[6,38]},"east":{"uv":[0,0],"uv_size":[8,38]},"south":{"uv":[0,38],"uv_size":[6,38]},"west":{"uv":[8,0],"uv_size":[8,38]},"up":{"uv":[63,41],"uv_size":[6,8]}}}]},{"name":"grip","parent":"gun","pivot":[0,-4,3],"cubes":[{"origin":[-2,-10.15,-1.5],"size":[4,4,9],"uv":{"north":{"uv":[104,174],"uv_size":[4,4]},"east":{"uv":[122,155],"uv_size":[9,4]},"south":{"uv":[0,175],"uv_size":[4,4]},"west":{"uv":[156,128],"uv_size":[9,4]}}},{"origin":[-2.005,-24.65,-1.5],"size":[4.01,14.5,8.5],"pivot":[2.25,-10.15,-1.5],"rotation":[22.5,0,0],"uv":{"north":{"uv":[46,134],"uv_size":[4,15]},"east":{"uv":[99,20],"uv_size":[9,15]},"south":{"uv":[58,134],"uv_size":[4,15]},"west":{"uv":[75,106],"uv_size":[9,15]},"down":{"uv":[35,165],"uv_size":[4,-9]}}},{"origin":[-2,-20.29344,11.90189],"size":[4,10.5,2.8],"pivot":[2.25,-20.29344,11.90189],"rotation":[37.5,0,0],"uv":{"east":{"uv":[55,157],"uv_size":[3,11]},"south":{"uv":[118,149],"uv_size":[4,11]},"west":{"uv":[144,157],"uv_size":[3,11]},"down":{"uv":[94,186],"uv_size":[4,-3]}}},{"origin":[-2,-8.75,7.35],"size":[4,2.7,2],"pivot":[2.25,-6.15,9.35],"rotation":[-45,0,0],"uv":{"east":{"uv":[190,7],"uv_size":[2,3]},"south":{"uv":[119,183],"uv_size":[4,3]},"west":{"uv":[8,190],"uv_size":[2,3]}}}]},{"name":"handle","parent":"gun","pivot":[-0.25699,7.49289,-31.5],"cubes":[{"origin":[-10.63031,13.8091,-43.68436],"size":[2.5,2.5,13.5],"pivot":[-8.73031,14.3091,-43.58436],"rotation":[0,-30,45],"uv":{"north":{"uv":[148,189],"uv_size":[2,3]},"east":{"uv":[149,41],"uv_size":[14,3]},"south":{"uv":[182,189],"uv_size":[2,3]},"west":{"uv":[149,85],"uv_size":[14,3]},"up":{"uv":[82,159],"uv_size":[2,14]},"down":{"uv":[84,173],"uv_size":[2,-14]}}},{"origin":[-8.4397,14.56849,-44.89435],"size":[0.7,0.7,1],"pivot":[-8.2397,15.06849,-44.89435],"rotation":[0,-30,45],"uv":{"east":{"uv":[196,108],"uv_size":[1,1]},"west":{"uv":[196,109],"uv_size":[1,1]},"up":{"uv":[196,110],"uv_size":[1,1]},"down":{"uv":[196,112],"uv_size":[1,-1]}}},{"origin":[-6.4641,7.2,-33],"size":[6.5,1,1.5],"pivot":[-0.9641,8.2,-33],"rotation":[0,0,45],"uv":{"north":{"uv":[151,27],"uv_size":[7,1]},"south":{"uv":[189,87],"uv_size":[7,1]},"up":{"uv":[180,88],"uv_size":[7,2]},"down":{"uv":[180,141],"uv_size":[7,-2]}}},{"origin":[-6.3641,10.7,-35],"size":[1.5,1.5,5],"pivot":[-4.8641,11.7,-35],"rotation":[0,0,45],"uv":{"north":{"uv":[192,162],"uv_size":[2,2]},"east":{"uv":[185,106],"uv_size":[5,2]},"south":{"uv":[164,192],"uv_size":[2,2]},"west":{"uv":[185,108],"uv_size":[5,2]},"up":{"uv":[22,185],"uv_size":[2,5]},"down":{"uv":[66,190],"uv_size":[2,-5]}}},{"origin":[-5.71144,11.84023,-42.88126],"size":[0.7,0.7,8],"pivot":[-5.51144,12.34023,-42.88126],"rotation":[0,0,45],"uv":{"east":{"uv":[187,140],"uv_size":[8,1]},"west":{"uv":[187,185],"uv_size":[8,1]},"up":{"uv":[122,186],"uv_size":[1,8]},"down":{"uv":[38,195],"uv_size":[1,-8]}}},{"origin":[-5.41766,11.54645,-42.7],"size":[0.7,0.7,5],"pivot":[-5.21766,12.04645,-42.7],"rotation":[0,-115,45],"uv":{"north":{"uv":[196,103],"uv_size":[1,1]},"east":{"uv":[46,90],"uv_size":[5,1]},"west":{"uv":[50,159],"uv_size":[5,1]},"up":{"uv":[95,160],"uv_size":[1,5]},"down":{"uv":[43,184],"uv_size":[1,-5]}}}]},{"name":"s_grip","parent":"gun","pivot":[0,-6.15,3]},{"name":"s_stock","parent":"gun","pivot":[0,0,18]},{"name":"s_mag","parent":"gun","pivot":[7.75,0.4,-18.55],"rotation":[0,0,32.5]},{"name":"s_muzzle","parent":"gun","pivot":[0,5.7,-97.4]},{"name":"s_handguard","parent":"gun","pivot":[0,-3.6,-40]},{"name":"camera","parent":"root","pivot":[7.4,18.8,33]}]}]}