{
	"format_version": "1.8.0",
	"animations": {
		"shoot": {
			"animation_length": 0.0917,
			"bones": {
				"slide": {
					"position": {
						"0.0": [0, 0, 0],
						"0.05": {
							"pre": [0, 0, 20],
							"post": [0, 0, 20],
							"lerp_mode": "catmullrom"
						},
						"0.1": [0, 0, 0]
					}
				}
			}
		},
		"reload": {
			"loop": "hold_on_last_frame",
			"animation_length": 2.49,
			"bones": {
				"main": {
					"rotation": {
						"0.0": [0, 0, 0],
						"0.06": [0, 0, 0]
					},
					"position": {
						"0.0": [0, 0, 0],
						"0.06": [0, 0, 0]
					}
				},
				"gun": {
					"rotation": {
						"0.0": [0, 0, 0],
						"0.13": {
							"pre": [-1.111, -0.11334, -1.99631],
							"post": [-1.111, -0.11334, -1.99631],
							"lerp_mode": "catmullrom"
						},
						"0.32": {
							"post": [-7.87973, -1.29058, -11.96867],
							"lerp_mode": "catmullrom"
						},
						"0.51": {
							"post": [-2.58442, -1.48105, -20.45898],
							"lerp_mode": "catmullrom"
						},
						"0.61": {
							"post": [-6.42258, -1.49244, -20.5105],
							"lerp_mode": "catmullrom"
						},
						"0.74": {
							"post": [-2.301, -0.69588, -23.52025],
							"lerp_mode": "catmullrom"
						},
						"1.1": {
							"post": [-5.41121, -1.36284, -10.86799],
							"lerp_mode": "catmullrom"
						},
						"1.41": {
							"post": [-10.25383, -2.00236, -15.83559],
							"lerp_mode": "catmullrom"
						},
						"1.6": {
							"post": [-9.38739, -1.10603, -10.91472],
							"lerp_mode": "catmullrom"
						},
						"1.74": [-9.51497, 0.334, -22.97102],
						"1.81": [-8.99096, 0.33261, -9.51239],
						"1.94": [-8.76634, 0.53142, -18.45848],
						"2.14": {
							"pre": [-6.23893, 0.91056, -15.98894],
							"post": [-6.23893, 0.91056, -15.98894],
							"lerp_mode": "catmullrom"
						},
						"2.34": {
							"post": [1.82034, 2.74157, 1.42467],
							"lerp_mode": "catmullrom"
						},
						"2.49": [0, 0, 0]
					},
					"position": {
						"0.0": [0, 0, 0],
						"0.16": {
							"pre": [-1.4, 1.3, -4],
							"post": [-1.4, 1.3, -4],
							"lerp_mode": "catmullrom"
						},
						"0.29": {
							"post": [-1, 1.2, -5.3],
							"lerp_mode": "catmullrom"
						},
						"0.51": {
							"post": [-1.2, 1.4, -5.2],
							"lerp_mode": "catmullrom"
						},
						"0.63": {
							"post": [-0.8, -0.51, -6.93],
							"lerp_mode": "catmullrom"
						},
						"0.78": {
							"post": [-1.29, 0.1, -6.12],
							"lerp_mode": "catmullrom"
						},
						"1.19": {
							"post": [-2.5, 1.3, -4.3],
							"lerp_mode": "catmullrom"
						},
						"1.55": {
							"post": [-3.1, 1.5, -4.2],
							"lerp_mode": "catmullrom"
						},
						"1.74": [-3.2, 0.8, -4.6],
						"1.81": [-4.81, 0.52, -4.5],
						"2.05": {
							"pre": [-4, -0.2, -3.6],
							"post": [-4, -0.2, -3.6],
							"lerp_mode": "catmullrom"
						},
						"2.32": {
							"post": [0, 0, 0],
							"lerp_mode": "catmullrom"
						}
					}
				},
				"mag": {
					"rotation": {
						"0.53": [0, 0, 0],
						"0.66": [-36, 0, 0],
						"0.87": [44, 0, 0],
						"1.14": [-16, 0, 0],
						"1.64": [-16, 0, 0],
						"1.75": [-16, 0, 0],
						"1.8": {
							"pre": [0, 0, 0],
							"post": [0, 0, 0],
							"lerp_mode": "catmullrom"
						}
					},
					"position": {
						"0.53": [0, -0.2, 0],
						"0.66": [2, -3.2, -2],
						"0.75": [2.14, -23.06, -17.86],
						"0.81": [3.57, -39.13, -23.43],
						"0.87": [7, -61.2, -25],
						"1.14": [5, -82, -5.4],
						"1.27": {
							"pre": [5, -32, -5.4],
							"post": [5, -32, -5.4],
							"lerp_mode": "catmullrom"
						},
						"1.43": [2, -7, -2.4],
						"1.55": [0, -2, -0.4],
						"1.64": [0, 0, 0],
						"1.75": {
							"pre": [0, 0, 0],
							"post": [0, 0, 0],
							"lerp_mode": "catmullrom"
						}
					}
				},
				"left_arm": {
					"rotation": {
						"0.03": [0, 0, 0],
						"0.13": {
							"pre": [-9.60266, -0.17828, -29.88126],
							"post": [-9.60266, -0.17828, -29.88126],
							"lerp_mode": "catmullrom"
						},
						"0.24": {
							"post": [-27.59004, -5.0342, -64.44155],
							"lerp_mode": "catmullrom"
						},
						"0.38": {
							"post": [-25.4022, -5.05206, -70.82657],
							"lerp_mode": "catmullrom"
						},
						"0.53": [-28.7922, -6.73019, -72.98961],
						"0.66": [-57.51854, -20.39451, -70.42893],
						"0.87": [9.57306, -9.90938, -63.30071],
						"1.14": [-38.22826, -10.39657, -64.48029],
						"1.27": [-40.98798, -16.99954, -72.94247],
						"1.43": [-41.76726, -20.7949, -77.25157],
						"1.55": [-41.69788, -22.63114, -79.16419],
						"1.64": [-41.25778, -22.28656, -78.74078],
						"1.75": [-39.96287, -11.52466, -67.276],
						"1.81": [-23.97713, -13.15794, -66.99421],
						"1.98": [-19.43705, -8.42922, -54.56411],
						"2.12": {
							"pre": [-11.08893, -9.56803, -35.08196],
							"post": [-11.08893, -9.56803, -35.08196],
							"lerp_mode": "catmullrom"
						},
						"2.27": {
							"post": [-6.05811, -3.437, -15.11995],
							"lerp_mode": "catmullrom"
						},
						"2.42": {
							"post": [0, 0, 0],
							"lerp_mode": "catmullrom"
						}
					},
					"position": {
						"0.03": [0, 0, 0],
						"0.13": {
							"pre": [7, -12, 3],
							"post": [7, -12, 3],
							"lerp_mode": "catmullrom"
						},
						"0.24": {
							"post": [14, -9, 19],
							"lerp_mode": "catmullrom"
						},
						"0.38": [10, -3, 25],
						"0.53": [10, -5, 25],
						"0.66": [1.56049, -31.38265, 1.75454],
						"0.87": [7.56049, -38.38265, 12.75454],
						"1.14": [11.5, -105, 15],
						"1.27": {
							"pre": [9.5, -52, 10],
							"post": [9.5, -52, 10],
							"lerp_mode": "catmullrom"
						},
						"1.43": [6.5, -27, 13],
						"1.55": [4.5, -22, 15],
						"1.64": [4.5, -20, 16],
						"1.75": [4.5, -20, 16],
						"1.81": [1.7, -7.2, 28],
						"1.98": [2.7, -9.2, 30],
						"2.12": {
							"pre": [2.7, -14.2, 19],
							"post": [2.7, -14.2, 19],
							"lerp_mode": "catmullrom"
						},
						"2.27": {
							"post": [-1.3, -7.2, 4],
							"lerp_mode": "catmullrom"
						},
						"2.42": {
							"post": [0, 0, 0],
							"lerp_mode": "catmullrom"
						}
					}
				},
				"camera": {
					"rotation": {
						"0.0": [0, 0, 0],
						"0.14": [-1, 0, 0],
						"0.38": [-0.5, 0, 0],
						"0.55": [0, 0.8, 0],
						"0.64": {
							"pre": [1, 0.6, -0.6],
							"post": [1, 0.6, -0.6],
							"lerp_mode": "catmullrom"
						},
						"0.84": {
							"post": [-0.5, 0.2, 0.3],
							"lerp_mode": "catmullrom"
						},
						"1.0": {
							"post": [0.1, 0, -0.1],
							"lerp_mode": "catmullrom"
						},
						"1.2": {
							"post": [0.5, 0, 0.1],
							"lerp_mode": "catmullrom"
						},
						"1.43": {
							"post": [1, 0, 0],
							"lerp_mode": "catmullrom"
						},
						"1.7": {
							"post": [1.2, 0.6, 0],
							"lerp_mode": "catmullrom"
						},
						"1.82": {
							"post": [-0.5, -0.7, -1.6],
							"lerp_mode": "catmullrom"
						},
						"1.94": {
							"post": [-0.09, 0.11, 1],
							"lerp_mode": "catmullrom"
						},
						"2.03": {
							"post": [0.3, 0, -0.6],
							"lerp_mode": "catmullrom"
						},
						"2.12": {
							"post": [0.17, -0.01, 0.3],
							"lerp_mode": "catmullrom"
						},
						"2.25": {
							"post": [-0.1, 0, -0.1],
							"lerp_mode": "catmullrom"
						},
						"2.43": {
							"post": [0, 0, 0],
							"lerp_mode": "catmullrom"
						}
					}
				}
			},
			"sound_effects": {
				"0.53": {
					"effect": "ak_mag_off"
				},
				"1.79": {
					"effect": "ak_mag_attach"
				}
			}
		},
		"full_reload": {
			"loop": "hold_on_last_frame",
			"animation_length": 3.62,
			"bones": {
				"main": {
					"rotation": {
						"0.0": [0, 0, 0],
						"0.06": [0, 0, 0]
					},
					"position": {
						"0.0": [0, 0, 0],
						"0.06": [0, 0, 0]
					}
				},
				"gun": {
					"rotation": {
						"0.0": [0, 0, 0],
						"0.13": {
							"pre": [-1.111, -0.11334, -1.99631],
							"post": [-1.111, -0.11334, -1.99631],
							"lerp_mode": "catmullrom"
						},
						"0.32": {
							"post": [-7.87973, -1.29058, -11.96867],
							"lerp_mode": "catmullrom"
						},
						"0.51": {
							"post": [-2.58442, -1.48105, -20.45898],
							"lerp_mode": "catmullrom"
						},
						"0.61": {
							"post": [-6.42258, -1.49244, -20.5105],
							"lerp_mode": "catmullrom"
						},
						"0.74": {
							"post": [-2.301, -0.69588, -23.52025],
							"lerp_mode": "catmullrom"
						},
						"1.1": {
							"post": [-5.41121, -1.36284, -10.86799],
							"lerp_mode": "catmullrom"
						},
						"1.41": {
							"post": [-11.92621, -0.69736, -8.44804],
							"lerp_mode": "catmullrom"
						},
						"1.6": {
							"post": [-9.331, -1.51265, -13.38208],
							"lerp_mode": "catmullrom"
						},
						"1.74": [-9.51497, 0.334, -22.97102],
						"1.81": [-8.99096, 0.33261, -9.51239],
						"1.94": [-8.76634, 0.53142, -18.45848],
						"2.04": [-8.73521, 0.91182, -15.98739],
						"2.33": {
							"pre": [-1.13065, 6.08604, 23.75841],
							"post": [-1.13065, 6.08604, 23.75841],
							"lerp_mode": "catmullrom"
						},
						"2.47": {
							"post": [-1.39596, 6.03091, 21.24498],
							"lerp_mode": "catmullrom"
						},
						"2.63": {
							"post": [-3.89596, 6.03091, 21.24498],
							"lerp_mode": "catmullrom"
						},
						"2.75": {
							"post": [-3.51987, 6.25733, 24.75783],
							"lerp_mode": "catmullrom"
						},
						"2.83": {
							"post": [-7.45502, 6.47648, 9.53735],
							"lerp_mode": "catmullrom"
						},
						"3.01": {
							"post": [-6.54837, 7.39204, 17.03627],
							"lerp_mode": "catmullrom"
						},
						"3.18": {
							"post": [-6.54837, 7.39204, 17.03627],
							"lerp_mode": "catmullrom"
						},
						"3.28": {
							"post": [-4.85275, 7.56056, 18.53955],
							"lerp_mode": "catmullrom"
						},
						"3.5": {
							"post": [-0.11052, 0.50769, -1.62836],
							"lerp_mode": "catmullrom"
						},
						"3.62": [0, 0, 0]
					},
					"position": {
						"0.0": [0, 0, 0],
						"0.16": {
							"pre": [-1.4, 1.3, -4],
							"post": [-1.4, 1.3, -4],
							"lerp_mode": "catmullrom"
						},
						"0.29": {
							"post": [-1, 1.2, -5.3],
							"lerp_mode": "catmullrom"
						},
						"0.51": {
							"post": [-1.2, 1.4, -5.2],
							"lerp_mode": "catmullrom"
						},
						"0.63": {
							"post": [-0.8, -0.51, -6.93],
							"lerp_mode": "catmullrom"
						},
						"0.78": {
							"post": [-1.29, 0.1, -6.12],
							"lerp_mode": "catmullrom"
						},
						"1.19": {
							"post": [-2.5, 1.3, -4.3],
							"lerp_mode": "catmullrom"
						},
						"1.55": {
							"post": [-3.1, 1.5, -4.2],
							"lerp_mode": "catmullrom"
						},
						"1.74": [-3.2, 0.8, -4.6],
						"1.81": [-4.81, 0.52, -4.5],
						"1.97": {
							"pre": [-4, -0.2, -3.6],
							"post": [-4, -0.2, -3.6],
							"lerp_mode": "catmullrom"
						},
						"2.04": {
							"post": [-4, -0.2, -3.6],
							"lerp_mode": "catmullrom"
						},
						"2.23": {
							"post": [-3, -2.2, -3.6],
							"lerp_mode": "catmullrom"
						},
						"2.5": {
							"post": [-2, -3.2, -1.6],
							"lerp_mode": "catmullrom"
						},
						"2.66": {
							"post": [-1.9, -4.2, -1.2],
							"lerp_mode": "catmullrom"
						},
						"2.75": {
							"post": [-1.8, -4.4, -1.2],
							"lerp_mode": "catmullrom"
						},
						"2.88": {
							"post": [-1, -4.5, 0.8],
							"lerp_mode": "catmullrom"
						},
						"3.08": {
							"post": [-1, -4.5, -0.2],
							"lerp_mode": "catmullrom"
						},
						"3.18": {
							"post": [-1.4, -4.5, -0.2],
							"lerp_mode": "catmullrom"
						},
						"3.43": {
							"post": [0, 0, 0],
							"lerp_mode": "catmullrom"
						}
					}
				},
				"mag": {
					"rotation": {
						"0.53": [0, 0, 0],
						"0.66": [-36, 0, 0],
						"0.87": [44, 0, 0],
						"1.14": [-16, 0, 0],
						"1.64": [-16, 0, 0],
						"1.75": [-16, 0, 0],
						"1.8": {
							"pre": [0, 0, 0],
							"post": [0, 0, 0],
							"lerp_mode": "catmullrom"
						}
					},
					"position": {
						"0.53": [0, -0.2, 0],
						"0.66": [2, -3.2, -2],
						"0.75": [2.14, -23.06, -17.86],
						"0.81": [3.57, -39.13, -23.43],
						"0.87": [7, -61.2, -25],
						"1.14": [5, -82, -5.4],
						"1.27": {
							"pre": [5, -32, -5.4],
							"post": [5, -32, -5.4],
							"lerp_mode": "catmullrom"
						},
						"1.43": [2, -7, -2.4],
						"1.55": [0, -2, -0.4],
						"1.64": [0, 0, 0],
						"1.75": {
							"pre": [0, 0, 0],
							"post": [0, 0, 0],
							"lerp_mode": "catmullrom"
						}
					}
				},
				"slide": {
					"position": {
						"2.75": [0, 0, 0],
						"2.83": {
							"pre": [0, 0, 20],
							"post": [0, 0, 20],
							"lerp_mode": "catmullrom"
						},
						"2.93": [0, 0, 0]
					}
				},
				"right_arm": {
					"rotation": {
						"2.35": [0, 0, 0],
						"2.49": {
							"pre": [-0.00938, 7.49421, -0.24085],
							"post": [-0.00938, 7.49421, -0.24085],
							"lerp_mode": "catmullrom"
						},
						"2.65": {
							"post": [-23.49075, -1.39935, 33.14066],
							"lerp_mode": "catmullrom"
						},
						"2.75": [-23.49, -1.4, 33.14],
						"2.85": {
							"pre": [-33.40849, 0.6174, 31.66116],
							"post": [-33.40849, 0.6174, 31.66116],
							"lerp_mode": "catmullrom"
						},
						"2.99": {
							"post": [-35.90849, 0.6174, 31.66116],
							"lerp_mode": "catmullrom"
						},
						"3.17": {
							"post": [-18.46434, 0.74566, 18.20469],
							"lerp_mode": "catmullrom"
						},
						"3.4": [0, 0, 0]
					},
					"position": {
						"2.35": [0, 0, 0],
						"2.49": {
							"pre": [-6, -2, -16],
							"post": [-6, -2, -16],
							"lerp_mode": "catmullrom"
						},
						"2.65": {
							"post": [-22, -2, -31],
							"lerp_mode": "catmullrom"
						},
						"2.75": [-22, -2, -31],
						"2.85": {
							"pre": [-25, -10, -7],
							"post": [-25, -10, -7],
							"lerp_mode": "catmullrom"
						},
						"2.99": {
							"post": [-30, -18, -8],
							"lerp_mode": "catmullrom"
						},
						"3.17": {
							"post": [-15, -17, -4],
							"lerp_mode": "catmullrom"
						},
						"3.4": [0, 0, 0]
					}
				},
				"camera": {
					"rotation": {
						"0.0": [0, 0, 0],
						"0.14": [-1, 0, 0],
						"0.38": [-0.5, 0, 0],
						"0.55": [0, 0.8, 0],
						"0.64": {
							"pre": [1, 0.6, -0.6],
							"post": [1, 0.6, -0.6],
							"lerp_mode": "catmullrom"
						},
						"0.84": {
							"post": [-0.5, 0.2, 0.3],
							"lerp_mode": "catmullrom"
						},
						"1.0": {
							"post": [0.1, 0, -0.1],
							"lerp_mode": "catmullrom"
						},
						"1.2": {
							"post": [0.5, 0, 0.1],
							"lerp_mode": "catmullrom"
						},
						"1.43": {
							"post": [1, 0, 0],
							"lerp_mode": "catmullrom"
						},
						"1.7": {
							"post": [1.2, 0.6, 0],
							"lerp_mode": "catmullrom"
						},
						"1.82": {
							"post": [-0.5, -0.7, -1.6],
							"lerp_mode": "catmullrom"
						},
						"1.94": {
							"post": [-0.09, 0.11, 1],
							"lerp_mode": "catmullrom"
						},
						"2.03": {
							"post": [0.3, 0, -0.6],
							"lerp_mode": "catmullrom"
						},
						"2.12": {
							"post": [0.17, -0.01, 0.3],
							"lerp_mode": "catmullrom"
						},
						"2.25": {
							"post": [-0.1, 0, -0.1],
							"lerp_mode": "catmullrom"
						},
						"2.43": {
							"post": [0, 0, 0],
							"lerp_mode": "catmullrom"
						},
						"2.75": {
							"post": [-1, 0.6, 0.2],
							"lerp_mode": "catmullrom"
						},
						"2.84": {
							"post": [-2.8, 1.2, -1.5],
							"lerp_mode": "catmullrom"
						},
						"2.95": {
							"post": [-1.2, 0.5, 0.6],
							"lerp_mode": "catmullrom"
						},
						"3.09": {
							"post": [0.2, -0.1, -0.4],
							"lerp_mode": "catmullrom"
						},
						"3.25": {
							"post": [0, 0, 0.1],
							"lerp_mode": "catmullrom"
						},
						"3.41": {
							"post": [0, 0, 0],
							"lerp_mode": "catmullrom"
						}
					}
				},
				"left_arm": {
					"rotation": {
						"0.03": [0, 0, 0],
						"0.13": {
							"pre": [-9.60266, -0.17828, -29.88126],
							"post": [-9.60266, -0.17828, -29.88126],
							"lerp_mode": "catmullrom"
						},
						"0.24": {
							"post": [-27.59004, -5.0342, -64.44155],
							"lerp_mode": "catmullrom"
						},
						"0.38": {
							"post": [-25.4022, -5.05206, -70.82657],
							"lerp_mode": "catmullrom"
						},
						"0.53": [-28.7922, -6.73019, -72.98961],
						"0.66": [-57.51854, -20.39451, -70.42893],
						"0.87": [9.57306, -9.90938, -63.30071],
						"1.14": [-38.22826, -10.39657, -64.48029],
						"1.27": [-40.98798, -16.99954, -72.94247],
						"1.43": [-41.76726, -20.7949, -77.25157],
						"1.55": [-41.69788, -22.63114, -79.16419],
						"1.64": [-41.25778, -22.28656, -78.74078],
						"1.75": [-39.96287, -11.52466, -67.276],
						"1.81": [-23.97713, -13.15794, -66.99421],
						"1.98": [-19.43705, -8.42922, -54.56411],
						"2.12": {
							"pre": [-11.08893, -9.56803, -35.08196],
							"post": [-11.08893, -9.56803, -35.08196],
							"lerp_mode": "catmullrom"
						},
						"2.27": {
							"post": [-6.05811, -3.437, -15.11995],
							"lerp_mode": "catmullrom"
						},
						"2.42": {
							"post": [0, 0, 0],
							"lerp_mode": "catmullrom"
						}
					},
					"position": {
						"0.03": [0, 0, 0],
						"0.13": {
							"pre": [7, -12, 3],
							"post": [7, -12, 3],
							"lerp_mode": "catmullrom"
						},
						"0.24": {
							"post": [14, -9, 19],
							"lerp_mode": "catmullrom"
						},
						"0.38": [10, -3, 25],
						"0.53": [10, -5, 25],
						"0.66": [1.56049, -31.38265, 1.75454],
						"0.87": [7.56049, -38.38265, 12.75454],
						"1.14": [11.5, -105, 15],
						"1.27": {
							"pre": [9.5, -52, 10],
							"post": [9.5, -52, 10],
							"lerp_mode": "catmullrom"
						},
						"1.43": [6.5, -27, 13],
						"1.55": [4.5, -22, 15],
						"1.64": [4.5, -20, 16],
						"1.75": [4.5, -20, 16],
						"1.81": [1.7, -7.2, 28],
						"1.98": [2.7, -9.2, 30],
						"2.12": {
							"pre": [2.7, -14.2, 19],
							"post": [2.7, -14.2, 19],
							"lerp_mode": "catmullrom"
						},
						"2.27": {
							"post": [-1.3, -7.2, 4],
							"lerp_mode": "catmullrom"
						},
						"2.42": {
							"post": [0, 0, 0],
							"lerp_mode": "catmullrom"
						}
					}
				}
			},
			"sound_effects": {
				"0.54": {
					"effect": "ak_mag_off"
				},
				"1.79": {
					"effect": "ak_mag_attach"
				},
				"2.64": {
					"effect": "ak_charge"
				}
			}
		},
		"recoil": {
			"animation_length": 0.6333,
			"bones": {
				"gun": {
					"rotation": {
						"0.0": {
							"post": [0, 0, 0],
							"lerp_mode": "catmullrom"
						},
						"0.025": {
							"post": [0.1, -0.10363, 0.1],
							"lerp_mode": "catmullrom"
						},
						"0.075": {
							"post": [-0.2, -0.19306, -0.1],
							"lerp_mode": "catmullrom"
						},
						"0.125": {
							"post": [-0.3, 0.13, 0.15],
							"lerp_mode": "catmullrom"
						},
						"0.2083": {
							"post": [0.1, 0.0674, -0.3],
							"lerp_mode": "catmullrom"
						},
						"0.3": {
							"post": [0.2, -0.0036, 0.17499],
							"lerp_mode": "catmullrom"
						},
						"0.4": [0.3, -0.2, 0.1],
						"0.5": [-0.07, -0.075, -0.05],
						"0.6167": [0, 0, 0]
					},
					"position": {
						"0.0": {
							"post": [0, 0, 0],
							"lerp_mode": "catmullrom"
						},
						"0.025": {
							"post": [0, -0.025, 0.2],
							"lerp_mode": "catmullrom"
						},
						"0.075": {
							"post": [0, 0, 0.35],
							"lerp_mode": "catmullrom"
						},
						"0.1333": {
							"post": [0, -0.05, -0.22],
							"lerp_mode": "catmullrom"
						},
						"0.3": {
							"post": [0, -0.025, 0.1],
							"lerp_mode": "catmullrom"
						},
						"0.4": [0, 0, 0]
					}
				}
			}
		}
	}
}