{"format_version":"1.12.0","minecraft:geometry":[{"description":{"identifier":"geometry.unknown","texture_width":256,"texture_height":256,"visible_bounds_width":12,"visible_bounds_height":4,"visible_bounds_offset":[0,0,0]},"bones":[{"name":"root","pivot":[0,0,0]},{"name":"camera","parent":"root","pivot":[5.5,16.4,20.1]},{"name":"gun","parent":"root","pivot":[0,-1.5,3]},{"name":"barrel","parent":"gun","pivot":[0,3.3929,-92.5],"cubes":[{"origin":[-0.55125,2.1065,-92.575],"size":[1.1025,2.66188,32.83375],"uv":{"up":{"uv":[13,108],"uv_size":[1,33]},"down":{"uv":[26,141],"uv_size":[1,-33]}}},{"origin":[0.22819,2.24031,-92.575],"size":[1.1025,2.66188,32.83375],"pivot":[0.22819,4.44531,-92.02375],"rotation":[0,0,45],"uv":{"up":{"uv":[57,108],"uv_size":[1,33]},"down":{"uv":[58,141],"uv_size":[1,-33]}}},{"origin":[-1.33104,2.88629,-92.575],"size":[2.66188,1.1025,32.83375],"uv":{"east":{"uv":[108,42],"uv_size":[33,1]},"west":{"uv":[108,43],"uv_size":[33,1]}}},{"origin":[-1.33104,1.78379,-92.575],"size":[2.66188,1.1025,32.83375],"pivot":[1.33084,2.88629,-92.575],"rotation":[0,0,45],"uv":{"east":{"uv":[108,44],"uv_size":[33,1]},"west":{"uv":[108,45],"uv_size":[33,1]}}}]},{"name":"rail_set","parent":"gun","pivot":[-0.1,-1.75,3],"cubes":[{"origin":[2.25,0.75,-12.5],"size":[1,2,6],"uv":{"north":{"uv":[127,130],"uv_size":[1,2]},"south":{"uv":[142,100],"uv_size":[1,2]},"west":{"uv":[130,33],"uv_size":[6,2]},"up":{"uv":[129,135],"uv_size":[1,6]},"down":{"uv":[135,141],"uv_size":[1,-6]}}},{"origin":[2.5,0.7,-10],"size":[1,1,1],"pivot":[3.5,1.7,-10],"rotation":[-45,0,0],"uv":{"north":{"uv":[42,96],"uv_size":[1,1]},"south":{"uv":[69,122],"uv_size":[1,1]},"west":{"uv":[124,38],"uv_size":[1,1]},"up":{"uv":[128,56],"uv_size":[1,1]},"down":{"uv":[98,134],"uv_size":[1,-1]}}},{"origin":[2.25,-0.25,-4],"size":[1,3,6],"uv":{"north":{"uv":[63,140],"uv_size":[1,3]},"south":{"uv":[79,140],"uv_size":[1,3]},"west":{"uv":[95,123],"uv_size":[6,3]},"up":{"uv":[10,136],"uv_size":[1,6]},"down":{"uv":[11,142],"uv_size":[1,-6]}}},{"origin":[2.4,-1.75,4.5],"size":[0.5,3,1],"pivot":[2.9,1.25,4.5],"rotation":[-120,0,0],"uv":{"north":{"uv":[96,140],"uv_size":[1,3]},"west":{"uv":[28,141],"uv_size":[1,3]}}},{"origin":[2.4,-0.25,2],"size":[0.5,1.5,2.5],"uv":{"south":{"uv":[107,142],"uv_size":[1,2]},"west":{"uv":[136,14],"uv_size":[3,2]},"down":{"uv":[57,144],"uv_size":[1,-3]}}},{"origin":[2.4,1.25,2],"size":[0.5,0.5,0.5],"uv":{"west":{"uv":[144,75],"uv_size":[1,1]}}},{"origin":[2.4,-0.26508,-10.77674],"size":[0.5,3,7],"uv":{"west":{"uv":[120,17],"uv_size":[7,3]},"up":{"uv":[53,135],"uv_size":[1,7]},"down":{"uv":[66,142],"uv_size":[1,-7]}}},{"origin":[2.4,-1.25,-12.5],"size":[0.5,2,1],"pivot":[2.9,0.75,-12.5],"rotation":[59.5,0,0],"uv":{"north":{"uv":[108,142],"uv_size":[1,2]},"west":{"uv":[111,142],"uv_size":[1,2]}}}]},{"name":"slide","parent":"gun","pivot":[-2.68393,5.54054,-20.45],"cubes":[{"origin":[-3.55,6.4,-27.45],"size":[2,1.5,14],"pivot":[-1.55,7.9,-27.45],"rotation":[0,0,-67.5],"uv":{"north":{"uv":[101,123],"uv_size":[2,2]},"south":{"uv":[127,78],"uv_size":[2,2]},"up":{"uv":[62,112],"uv_size":[2,14]}}},{"origin":[-1.55,7.9,-27.45],"size":[3,1.5,14],"uv":{"north":{"uv":[21,136],"uv_size":[3,2]},"east":{"uv":[113,8],"uv_size":[14,2]},"south":{"uv":[136,33],"uv_size":[3,2]}}},{"origin":[-7.68393,4.54054,-27.45],"size":[1.5,1.2,0.5],"pivot":[-6.18393,5.54054,-26.95],"rotation":[0,-35,0],"uv":{"north":{"uv":[22,55],"uv_size":[2,1]},"east":{"uv":[144,80],"uv_size":[1,1]},"south":{"uv":[55,42],"uv_size":[2,1]},"up":{"uv":[87,101],"uv_size":[2,1]}}},{"origin":[-6.18393,4.54054,-27.45],"size":[3.5,1.2,0.5],"uv":{"north":{"uv":[141,51],"uv_size":[3,1]},"south":{"uv":[141,61],"uv_size":[3,1]},"up":{"uv":[141,62],"uv_size":[3,1]}}},{"origin":[-2.68393,4.54054,-27.45],"size":[0.5,1.5,6.5],"uv":{"north":{"uv":[112,142],"uv_size":[1,2]},"east":{"uv":[128,23],"uv_size":[7,2]},"up":{"uv":[73,135],"uv_size":[1,7]}}},{"origin":[-2.68393,4.54054,-20.95],"size":[0.5,1.5,1.5],"pivot":[-2.68393,5.54054,-20.95],"rotation":[0,20,0],"uv":{"east":{"uv":[114,138],"uv_size":[2,2]},"up":{"uv":[118,142],"uv_size":[1,2]}}},{"origin":[-2.31537,4.55224,-27.45],"size":[3,1.5,14],"uv":{"north":{"uv":[34,136],"uv_size":[3,2]},"east":{"uv":[114,71],"uv_size":[14,2]},"south":{"uv":[136,74],"uv_size":[3,2]}}}]},{"name":"muzzle","parent":"gun","pivot":[0,5.25,-81.7],"cubes":[{"origin":[1.16354,2.75859,-97.55277],"size":[0.5,0.5,3.61],"pivot":[1.66354,3.25859,-97.55277],"rotation":[14,0,0],"uv":{"east":{"uv":[96,87],"uv_size":[4,1]},"west":{"uv":[98,46],"uv_size":[4,1]},"up":{"uv":[121,138],"uv_size":[1,4]}}},{"origin":[1.16354,3.2538,-95.55],"size":[0.5,0.4,1.5],"uv":{"east":{"uv":[47,115],"uv_size":[2,1]},"west":{"uv":[95,115],"uv_size":[2,1]}}},{"origin":[1.16354,2.7538,-97.55],"size":[0.5,0.5,3.5],"uv":{"north":{"uv":[144,87],"uv_size":[1,1]},"east":{"uv":[136,138],"uv_size":[4,1]},"west":{"uv":[139,5],"uv_size":[4,1]}}},{"origin":[1.16354,1.37568,-97.55],"size":[0.5,1.37813,3.5],"pivot":[1.66354,2.7538,-97.55],"rotation":[0,0,45],"uv":{"north":{"uv":[144,89],"uv_size":[1,1]},"east":{"uv":[139,6],"uv_size":[4,1]},"west":{"uv":[139,7],"uv_size":[4,1]}}},{"origin":[-1.6638,1.37568,-94.05],"size":[3.32735,1.37813,3],"pivot":[1.66354,2.7538,-97.2],"rotation":[0,0,45],"uv":{"north":{"uv":[141,70],"uv_size":[3,1]},"east":{"uv":[141,71],"uv_size":[3,1]},"south":{"uv":[141,72],"uv_size":[3,1]},"west":{"uv":[141,74],"uv_size":[3,1]}}},{"origin":[-1.6638,2.7538,-94.05],"size":[3.32735,1.37812,3],"uv":{"north":{"uv":[141,75],"uv_size":[3,1]},"east":{"uv":[141,79],"uv_size":[3,1]},"south":{"uv":[141,80],"uv_size":[3,1]},"west":{"uv":[141,81],"uv_size":[3,1]}}},{"origin":[-1.04618,2.13608,-97.55277],"size":[0.5,0.5,3.61],"pivot":[-1.04618,2.13608,-97.55277],"rotation":[0,-14,45],"uv":{"east":{"uv":[139,9],"uv_size":[4,1]},"up":{"uv":[132,138],"uv_size":[1,4]},"down":{"uv":[133,142],"uv_size":[1,-4]}}},{"origin":[-1.4428,2.13269,-95.55],"size":[0.4,0.5,1.5],"pivot":[-1.0428,2.13269,-97.55],"rotation":[0,0,45],"uv":{"up":{"uv":[122,142],"uv_size":[1,2]},"down":{"uv":[123,144],"uv_size":[1,-2]}}},{"origin":[-1.0428,2.13269,-97.55],"size":[0.5,0.5,3.5],"pivot":[-1.0428,2.13269,-97.55],"rotation":[0,0,45],"uv":{"north":{"uv":[144,93],"uv_size":[1,1]},"up":{"uv":[0,139],"uv_size":[1,4]},"down":{"uv":[1,143],"uv_size":[1,-4]}}},{"origin":[0.28524,1.94633,-94.05],"size":[1.37812,3.32735,3],"pivot":[0.28524,4.70258,-96.51094],"rotation":[0,0,45],"uv":{"north":{"uv":[65,141],"uv_size":[1,3]},"south":{"uv":[70,141],"uv_size":[1,3]},"up":{"uv":[71,141],"uv_size":[1,3]},"down":{"uv":[76,144],"uv_size":[1,-3]}}},{"origin":[-0.68906,1.77906,-97.55],"size":[1.37812,0.5,3.5],"uv":{"north":{"uv":[98,144],"uv_size":[1,1]},"up":{"uv":[2,139],"uv_size":[1,4]},"down":{"uv":[14,143],"uv_size":[1,-4]}}},{"origin":[0.18906,3.07906,-94.06],"size":[1.8,1.8,1],"pivot":[-0.01094,5.07906,-94.05],"rotation":[0,0,45],"uv":{"north":{"uv":[15,139],"uv_size":[2,2]}}},{"origin":[-0.68906,1.77906,-94.05],"size":[1.37812,3.32735,3],"uv":{"north":{"uv":[77,141],"uv_size":[1,3]},"south":{"uv":[80,141],"uv_size":[1,3]},"up":{"uv":[81,141],"uv_size":[1,3]},"down":{"uv":[86,144],"uv_size":[1,-3]}}}]},{"name":"handguard","parent":"gun","pivot":[-2.58934,1.33934,-53.1],"cubes":[{"origin":[-2.9,1.65,-58.1],"size":[5.7,4,25.5],"uv":{"north":{"uv":[116,106],"uv_size":[6,4]},"east":{"uv":[55,22],"uv_size":[26,4]},"west":{"uv":[55,26],"uv_size":[26,4]},"up":{"uv":[44,22],"uv_size":[6,26]},"down":{"uv":[0,71],"uv_size":[6,-26]}}},{"origin":[-2.905,-2.1101,-42.75154],"size":[5.71,3.3,6.5],"pivot":[2.8,-2.1101,-36.25154],"rotation":[-28.5,0,0],"uv":{"east":{"uv":[123,102],"uv_size":[6,3]},"west":{"uv":[124,87],"uv_size":[6,3]},"down":{"uv":[87,108],"uv_size":[6,-6]}}},{"origin":[-2.895,-2.1101,-34.25154],"size":[5.69,3.4,3.5],"pivot":[2.35,-2.1101,-34.25154],"rotation":[25,0,0],"uv":{"east":{"uv":[95,130],"uv_size":[4,3]},"west":{"uv":[123,130],"uv_size":[4,3]},"down":{"uv":[121,69],"uv_size":[5,-4]}}},{"origin":[-2.9,-0.85,-32.6],"size":[5.7,6.5,1.5],"uv":{"east":{"uv":[6,127],"uv_size":[2,7]},"south":{"uv":[83,94],"uv_size":[6,7]},"west":{"uv":[27,128],"uv_size":[2,7]},"up":{"uv":[130,74],"uv_size":[6,2]},"down":{"uv":[131,38],"uv_size":[6,-2]}}},{"origin":[-3.33934,0.45954,-58.12292],"size":[1.5,1.5,20],"pivot":[-1.83934,0.45954,-58.12292],"rotation":[-1.4145,1.41407,44.98254],"uv":{"north":{"uv":[27,139],"uv_size":[2,2]},"down":{"uv":[95,115],"uv_size":[2,-20]}}},{"origin":[0.23934,0.45954,-58.12292],"size":[1.5,1.5,19.5],"pivot":[1.73934,0.45954,-58.12292],"rotation":[-1.4145,1.41407,44.98254],"uv":{"north":{"uv":[47,139],"uv_size":[2,2]},"west":{"uv":[94,71],"uv_size":[20,2]}}},{"origin":[-1.83876,0.45954,-58.12292],"size":[3.5781,3,19.5],"pivot":[1.73934,0.45954,-58.12292],"rotation":[-2,0,0],"uv":{"north":{"uv":[18,134],"uv_size":[3,3]},"down":{"uv":[9,102],"uv_size":[3,-20]}}},{"origin":[-2.905,1.51875,-58.06741],"size":[5.71,0.5,16.5],"pivot":[2.35,1.51875,-58.06741],"rotation":[-2,0,0],"uv":{"north":{"uv":[92,21],"uv_size":[6,1]},"east":{"uv":[123,105],"uv_size":[17,1]},"west":{"uv":[124,39],"uv_size":[17,1]},"down":{"uv":[28,73],"uv_size":[6,-17]}}},{"origin":[-2.9,-2.1101,-36.25154],"size":[5.7,3.7625,2],"uv":{"east":{"uv":[43,133],"uv_size":[2,4]},"west":{"uv":[6,134],"uv_size":[2,4]},"down":{"uv":[131,61],"uv_size":[6,-2]}}},{"origin":[-3.75,2.25,-53.6],"size":[1,1.8,17],"uv":{"north":{"uv":[127,142],"uv_size":[1,2]},"east":{"uv":[108,87],"uv_size":[16,2]},"south":{"uv":[128,142],"uv_size":[1,2]}}},{"origin":[2.65,2.25,-53.6],"size":[1,1.8,17],"uv":{"north":{"uv":[142,129],"uv_size":[1,2]},"south":{"uv":[131,142],"uv_size":[1,2]},"west":{"uv":[109,97],"uv_size":[16,2]}}},{"origin":[2.15,3.05,-53.6],"size":[1.5,1,17],"pivot":[3.65,4.05,-53.6],"rotation":[0,0,45],"uv":{"north":{"uv":[38,132],"uv_size":[2,1]},"south":{"uv":[72,132],"uv_size":[2,1]},"up":{"uv":[80,108],"uv_size":[2,16]}}},{"origin":[2.15,2.25,-53.6],"size":[1.5,1,17],"pivot":[3.65,2.25,-53.6],"rotation":[0,0,-45],"uv":{"north":{"uv":[80,133],"uv_size":[2,1]},"south":{"uv":[142,89],"uv_size":[2,1]},"down":{"uv":[91,124],"uv_size":[2,-16]}}},{"origin":[-4.18934,4.11066,-53.6],"size":[1.5,1,17],"pivot":[-2.68934,5.11066,-53.6],"rotation":[0,0,-45],"uv":{"north":{"uv":[142,94],"uv_size":[2,1]},"south":{"uv":[142,115],"uv_size":[2,1]},"up":{"uv":[32,109],"uv_size":[2,16]}}},{"origin":[-4.18934,1.18934,-53.6],"size":[1.5,1,17],"pivot":[-2.68934,1.18934,-53.6],"rotation":[0,0,45],"uv":{"north":{"uv":[142,120],"uv_size":[2,1]},"south":{"uv":[142,131],"uv_size":[2,1]},"down":{"uv":[2,127],"uv_size":[2,-16]}}},{"origin":[-2.7,-0.05,-59.1],"size":[1,2,1],"pivot":[-2.7,1.95,-59.1],"rotation":[0,0,-45],"uv":{"north":{"uv":[132,142],"uv_size":[1,2]},"east":{"uv":[133,142],"uv_size":[1,2]}}},{"origin":[-0.2,-0.05,-59.1],"size":[2,1,1],"pivot":[-0.2,1.95,-59.1],"rotation":[0,0,-45],"uv":{"north":{"uv":[142,135],"uv_size":[2,1]},"down":{"uv":[142,138],"uv_size":[2,-1]}}},{"origin":[-1.28579,0.53579,-59.1],"size":[2.5,1.5,1],"uv":{"north":{"uv":[94,136],"uv_size":[3,2]},"down":{"uv":[141,88],"uv_size":[3,-1]}}},{"origin":[-2.7,1.95,-59.1],"size":[5.32843,3.5,1],"uv":{"north":{"uv":[103,121],"uv_size":[5,4]},"east":{"uv":[37,139],"uv_size":[1,4]},"west":{"uv":[52,139],"uv_size":[1,4]},"up":{"uv":[89,94],"uv_size":[5,1]}}},{"origin":[-1.28621,8.664,-58.12468],"size":[2.472,2,18],"pivot":[1.18579,10.664,-58.12468],"rotation":[1,0,0],"uv":{"north":{"uv":[139,50],"uv_size":[2,2]},"south":{"uv":[139,61],"uv_size":[2,2]},"up":{"uv":[47,97],"uv_size":[2,18]}}},{"origin":[-2.8,7.25,-58.1],"size":[2.1,2,18],"pivot":[-2.7,9.25,-58.1],"rotation":[0.70714,0.70709,-44.99564],"uv":{"north":{"uv":[64,139],"uv_size":[2,2]},"south":{"uv":[139,69],"uv_size":[2,2]},"up":{"uv":[10,102],"uv_size":[2,18]}}},{"origin":[-2.5,8.1,-59.1],"size":[2,1,20],"pivot":[-2.5,9.1,-59.1],"rotation":[0,0,-45],"uv":{"north":{"uv":[140,142],"uv_size":[2,1]},"south":{"uv":[142,140],"uv_size":[2,1]},"up":{"uv":[38,96],"uv_size":[2,20]}}},{"origin":[0.6,7.1,-59.1],"size":[1,2,20],"pivot":[-0.4,9.1,-59.1],"rotation":[0,0,-45],"uv":{"north":{"uv":[142,141],"uv_size":[1,2]},"south":{"uv":[0,143],"uv_size":[1,2]},"west":{"uv":[96,83],"uv_size":[20,2]}}},{"origin":[-1.08579,9.01421,-59.1],"size":[2.1,1.5,20],"uv":{"north":{"uv":[70,139],"uv_size":[2,2]},"south":{"uv":[139,74],"uv_size":[2,2]},"up":{"uv":[49,96],"uv_size":[2,20]}}},{"origin":[0.67071,9.1793,-58.09877],"size":[2,2.1,18],"pivot":[2.67071,9.1793,-58.09877],"rotation":[0.70714,0.70709,-44.99564],"uv":{"north":{"uv":[76,139],"uv_size":[2,2]},"south":{"uv":[80,139],"uv_size":[2,2]},"west":{"uv":[103,68],"uv_size":[18,2]}}},{"origin":[-2.7807,5.85,-58.1],"size":[5.4614,3,18],"uv":{"north":{"uv":[127,20],"uv_size":[5,3]},"east":{"uv":[87,0],"uv_size":[18,3]},"south":{"uv":[127,30],"uv_size":[5,3]},"west":{"uv":[87,3],"uv_size":[18,3]},"down":{"uv":[54,82],"uv_size":[5,-18]}}},{"origin":[-2.78069,8.1793,-58.09877],"size":[5.4514,1,18],"pivot":[2.46571,9.1793,-58.09877],"rotation":[1,0,0],"uv":{"north":{"uv":[138,91],"uv_size":[5,1]},"east":{"uv":[119,53],"uv_size":[18,1]},"south":{"uv":[138,103],"uv_size":[5,1]},"west":{"uv":[121,69],"uv_size":[18,1]}}},{"origin":[-2.49997,6.1,-59.1],"size":[4.9284,3,20],"uv":{"north":{"uv":[87,127],"uv_size":[5,3]},"east":{"uv":[83,65],"uv_size":[20,3]},"south":{"uv":[123,127],"uv_size":[5,3]},"west":{"uv":[83,68],"uv_size":[20,3]},"down":{"uv":[60,76],"uv_size":[5,-20]}}}]},{"name":"IS","parent":"gun","pivot":[0.7,12.25,-36.45],"cubes":[{"origin":[-0.75,11.45,-35.95],"size":[1.5,0.5,8.5],"uv":{"north":{"uv":[143,0],"uv_size":[2,1]},"east":{"uv":[134,27],"uv_size":[8,1]},"west":{"uv":[134,35],"uv_size":[8,1]},"up":{"uv":[62,126],"uv_size":[2,8]},"down":{"uv":[82,134],"uv_size":[2,-8]}}},{"origin":[-1.35,11.45,-27.45],"size":[2.7,0.5,0.5],"uv":{"north":{"uv":[141,88],"uv_size":[3,1]},"east":{"uv":[144,101],"uv_size":[1,1]},"south":{"uv":[141,92],"uv_size":[3,1]},"west":{"uv":[102,144],"uv_size":[1,1]},"up":{"uv":[141,93],"uv_size":[3,1]},"down":{"uv":[141,99],"uv_size":[3,-1]}}},{"origin":[0.25,11.95,-27.45],"size":[1.1,0.5,0.5],"uv":{"north":{"uv":[144,102],"uv_size":[1,1]},"east":{"uv":[144,104],"uv_size":[1,1]},"south":{"uv":[144,105],"uv_size":[1,1]},"west":{"uv":[144,106],"uv_size":[1,1]},"up":{"uv":[107,144],"uv_size":[1,1]}}},{"origin":[-1.35,11.95,-27.45],"size":[1.1,0.5,0.5],"uv":{"north":{"uv":[108,144],"uv_size":[1,1]},"east":{"uv":[144,108],"uv_size":[1,1]},"south":{"uv":[109,144],"uv_size":[1,1]},"west":{"uv":[144,109],"uv_size":[1,1]},"up":{"uv":[110,144],"uv_size":[1,1]}}},{"origin":[-2.2,11.4,-28.95],"size":[1.7,1,1],"pivot":[1.45,12.4,-28.95],"rotation":[-45,0,0],"uv":{"north":{"uv":[143,1],"uv_size":[2,1]},"east":{"uv":[112,144],"uv_size":[1,1]},"south":{"uv":[3,143],"uv_size":[2,1]},"west":{"uv":[144,112],"uv_size":[1,1]},"up":{"uv":[5,143],"uv_size":[2,1]},"down":{"uv":[143,6],"uv_size":[2,-1]}}},{"origin":[0.5,11.4,-28.95],"size":[1.7,1,1],"pivot":[1.65,12.4,-28.95],"rotation":[-45,0,0],"uv":{"north":{"uv":[143,6],"uv_size":[2,1]},"east":{"uv":[114,144],"uv_size":[1,1]},"south":{"uv":[143,7],"uv_size":[2,1]},"west":{"uv":[115,144],"uv_size":[1,1]},"up":{"uv":[9,143],"uv_size":[2,1]},"down":{"uv":[143,10],"uv_size":[2,-1]}}},{"origin":[-0.25,10.2,-89.75],"size":[0.5,2,0.5],"uv":{"north":{"uv":[7,143],"uv_size":[1,2]},"east":{"uv":[143,10],"uv_size":[1,2]},"south":{"uv":[11,143],"uv_size":[1,2]},"west":{"uv":[12,143],"uv_size":[1,2]},"up":{"uv":[144,115],"uv_size":[1,1]}}}]},{"name":"dust_cover","parent":"gun","pivot":[-3,6.9,-3.4],"cubes":[{"origin":[-1.81064,8.04264,-27.6033],"size":[3.6213,1.6,36.76],"uv":{"north":{"uv":[134,79],"uv_size":[4,2]},"east":{"uv":[79,58],"uv_size":[37,2]},"west":{"uv":[79,60],"uv_size":[37,2]},"up":{"uv":[6,45],"uv_size":[4,37]},"down":{"uv":[10,82],"uv_size":[4,-37]}}},{"origin":[1.9,7,-27.64265],"size":[1,1.54,38.35],"pivot":[2.9,7,10.40735],"rotation":[0,0,-45],"uv":{"north":{"uv":[14,143],"uv_size":[1,2]},"south":{"uv":[143,14],"uv_size":[1,2]},"west":{"uv":[79,56],"uv_size":[38,2]}}},{"origin":[1.4,5.4,-27.65],"size":[1.5,1.6,39.45],"uv":{"north":{"uv":[139,87],"uv_size":[2,2]},"west":{"uv":[79,52],"uv_size":[40,2]},"up":{"uv":[0,71],"uv_size":[2,40]},"down":{"uv":[2,111],"uv_size":[2,-40]}}},{"origin":[1.9,4.4,-21.1],"size":[1,1,34.5],"uv":{"north":{"uv":[144,116],"uv_size":[1,1]},"west":{"uv":[105,4],"uv_size":[35,1]},"down":{"uv":[93,137],"uv_size":[1,-35]}}},{"origin":[-0.82069,9.63259,8.16742],"size":[1.6414,1,1.41],"pivot":[0.82071,10.63259,8.16742],"rotation":[-45,0,0],"uv":{"east":{"uv":[143,20],"uv_size":[2,1]},"west":{"uv":[143,23],"uv_size":[2,1]},"up":{"uv":[98,139],"uv_size":[2,2]}}},{"origin":[-1.8157,8.57193,9.08665],"size":[3.6313,1.1,3.7386],"pivot":[1.81065,9.57193,9.08665],"rotation":[-45,0,0],"uv":{"east":{"uv":[139,118],"uv_size":[4,1]},"west":{"uv":[139,121],"uv_size":[4,1]},"up":{"uv":[98,18],"uv_size":[4,4]}}},{"origin":[-2.9,7,-14.84265],"size":[1,1.54,25.55],"pivot":[-2.9,7,10.48235],"rotation":[0,0,45],"uv":{"north":{"uv":[20,143],"uv_size":[1,2]},"east":{"uv":[92,10],"uv_size":[25,2]},"south":{"uv":[24,143],"uv_size":[1,2]}}},{"origin":[-2.9,5.4,-3.1],"size":[1.5,1.6,14.9],"uv":{"east":{"uv":[110,26],"uv_size":[15,2]},"up":{"uv":[111,99],"uv_size":[2,15]}}},{"origin":[-2.9,4.4,-2.1],"size":[1,1,15.5],"uv":{"east":{"uv":[126,106],"uv_size":[16,1]},"down":{"uv":[84,142],"uv_size":[1,-16]}}},{"origin":[-0.9,10.23258,-0.6033],"size":[1.8,0.5,0.8],"uv":{"north":{"uv":[143,24],"uv_size":[2,1]},"south":{"uv":[25,143],"uv_size":[2,1]},"up":{"uv":[143,26],"uv_size":[2,1]}}},{"origin":[0.87071,10.26186,-0.6033],"size":[1.4793,0.5,0.8],"pivot":[0.85001,10.71186,-0.6033],"rotation":[0,0,45],"uv":{"north":{"uv":[143,29],"uv_size":[2,1]},"south":{"uv":[143,30],"uv_size":[2,1]},"up":{"uv":[31,143],"uv_size":[2,1]}}},{"origin":[1.44602,7.68656,-0.6033],"size":[0.5,2,0.8],"uv":{"north":{"uv":[27,143],"uv_size":[1,2]},"south":{"uv":[33,143],"uv_size":[1,2]},"west":{"uv":[143,33],"uv_size":[1,2]}}},{"origin":[-0.90001,9.21186,-0.6033],"size":[0.5,1.4793,0.8],"pivot":[-0.85001,10.71186,-0.6033],"rotation":[0,0,45],"uv":{"north":{"uv":[34,143],"uv_size":[1,2]},"east":{"uv":[35,143],"uv_size":[1,2]},"south":{"uv":[36,143],"uv_size":[1,2]}}},{"origin":[-1.94602,7.68656,-0.6033],"size":[0.5,2,0.8],"uv":{"north":{"uv":[37,143],"uv_size":[1,2]},"east":{"uv":[38,143],"uv_size":[1,2]},"south":{"uv":[39,143],"uv_size":[1,2]}}},{"origin":[-1.94602,7.68656,-12.2033],"size":[0.5,2,0.8],"uv":{"north":{"uv":[42,143],"uv_size":[1,2]},"east":{"uv":[143,42],"uv_size":[1,2]},"south":{"uv":[43,143],"uv_size":[1,2]}}},{"origin":[1.44602,7.68656,-12.2033],"size":[0.5,2,0.8],"uv":{"north":{"uv":[143,44],"uv_size":[1,2]},"south":{"uv":[46,143],"uv_size":[1,2]},"west":{"uv":[47,143],"uv_size":[1,2]}}},{"origin":[-0.25,10.23258,1.9967],"size":[0.5,0.5,4.5],"uv":{"north":{"uv":[126,144],"uv_size":[1,1]},"east":{"uv":[138,108],"uv_size":[5,1]},"south":{"uv":[127,144],"uv_size":[1,1]},"west":{"uv":[138,109],"uv_size":[5,1]},"up":{"uv":[3,127],"uv_size":[1,5]}}},{"origin":[-2.9,5.9,-3.2],"size":[1.5,0.75,2.55],"pivot":[-2.9,6.9,-3.2],"rotation":[-45,0,0],"uv":{"east":{"uv":[141,99],"uv_size":[3,1]},"down":{"uv":[47,139],"uv_size":[2,-3]}}},{"origin":[-2.9,6.4,-14.84265],"size":[1.5,0.6,12],"uv":{"north":{"uv":[48,143],"uv_size":[2,1]},"east":{"uv":[127,9],"uv_size":[12,1]},"down":{"uv":[20,73],"uv_size":[2,-12]}}},{"origin":[-2.9,6.4,-3.9],"size":[1.5,0.5,0.5],"pivot":[-2.9,6.9,-3.9],"rotation":[-45,0,0],"uv":{"east":{"uv":[144,127],"uv_size":[1,1]},"down":{"uv":[52,144],"uv_size":[2,-1]}}},{"origin":[-2.91,5.54645,11.65355],"size":[5.81,1.1,2.5914],"pivot":[2.895,6.64645,12.15355],"rotation":[-45,0,0],"uv":{"east":{"uv":[143,53],"uv_size":[2,1]},"west":{"uv":[54,143],"uv_size":[2,1]},"up":{"uv":[131,83],"uv_size":[6,2]}}},{"origin":[-2.9,4.39759,13.38241],"size":[5.8,0.77,0.25],"uv":{"east":{"uv":[144,128],"uv_size":[1,1]},"south":{"uv":[136,94],"uv_size":[6,1]},"west":{"uv":[129,144],"uv_size":[1,1]},"down":{"uv":[136,115],"uv_size":[6,-1]}}},{"origin":[-0.25,10.23258,-21.0033],"size":[0.5,0.5,7],"uv":{"north":{"uv":[144,129],"uv_size":[1,1]},"east":{"uv":[134,47],"uv_size":[7,1]},"south":{"uv":[144,130],"uv_size":[1,1]},"west":{"uv":[134,104],"uv_size":[7,1]},"up":{"uv":[85,135],"uv_size":[1,7]}}},{"origin":[-0.25,10.23258,-27.5033],"size":[0.5,0.5,2.5],"uv":{"east":{"uv":[107,141],"uv_size":[3,1]},"south":{"uv":[144,131],"uv_size":[1,1]},"west":{"uv":[141,112],"uv_size":[3,1]},"up":{"uv":[90,141],"uv_size":[1,3]}}},{"origin":[-0.9,10.23258,-23.5033],"size":[1.8,0.5,0.8],"uv":{"north":{"uv":[143,54],"uv_size":[2,1]},"south":{"uv":[143,55],"uv_size":[2,1]},"up":{"uv":[143,56],"uv_size":[2,1]}}},{"origin":[0.87071,10.26186,-23.5033],"size":[1.4793,0.5,0.8],"pivot":[0.85001,10.71186,-23.5033],"rotation":[0,0,45],"uv":{"north":{"uv":[143,58],"uv_size":[2,1]},"south":{"uv":[143,59],"uv_size":[2,1]},"up":{"uv":[143,60],"uv_size":[2,1]}}},{"origin":[-0.88536,9.24722,-23.5033],"size":[0.5,1.4793,0.8],"pivot":[-0.88536,10.74722,-23.5033],"rotation":[0,0,45],"uv":{"north":{"uv":[56,143],"uv_size":[1,2]},"east":{"uv":[63,143],"uv_size":[1,2]},"south":{"uv":[143,66],"uv_size":[1,2]},"down":{"uv":[144,136],"uv_size":[1,-1]}}},{"origin":[0.41066,8.64264,-27.6033],"size":[1.4,1,35.77072],"pivot":[1.81066,9.64264,-27.6033],"rotation":[0,0,45],"uv":{"north":{"uv":[143,68],"uv_size":[2,1]},"south":{"uv":[143,76],"uv_size":[2,1]},"up":{"uv":[4,71],"uv_size":[2,36]}}},{"origin":[-1.81066,8.64264,-27.6033],"size":[1.4,1,35.77072],"pivot":[-1.81066,9.64264,-27.6033],"rotation":[0,0,-45],"uv":{"north":{"uv":[143,77],"uv_size":[2,1]},"south":{"uv":[143,78],"uv_size":[2,1]},"up":{"uv":[62,76],"uv_size":[2,36]}}},{"origin":[-0.82073,10.13259,-27.9033],"size":[1.64144,0.5,36.07072],"uv":{"up":{"uv":[72,80],"uv_size":[2,36]}}},{"origin":[-0.9,10.23258,-12.2033],"size":[1.8,0.5,0.8],"uv":{"north":{"uv":[143,83],"uv_size":[2,1]},"south":{"uv":[84,143],"uv_size":[2,1]},"up":{"uv":[143,84],"uv_size":[2,1]}}},{"origin":[-0.90001,9.21186,-12.2033],"size":[0.5,1.4793,0.8],"pivot":[-0.85001,10.71186,-12.2033],"rotation":[0,0,45],"uv":{"north":{"uv":[72,143],"uv_size":[1,2]},"east":{"uv":[79,143],"uv_size":[1,2]},"south":{"uv":[87,143],"uv_size":[1,2]}}},{"origin":[0.87071,10.26186,-12.2033],"size":[1.4793,0.5,0.8],"pivot":[0.85001,10.71186,-12.2033],"rotation":[0,0,45],"uv":{"north":{"uv":[143,91],"uv_size":[2,1]},"south":{"uv":[92,143],"uv_size":[2,1]},"up":{"uv":[143,95],"uv_size":[2,1]}}},{"origin":[-0.25,10.23258,-9.5033],"size":[0.5,0.5,7],"uv":{"north":{"uv":[140,144],"uv_size":[1,1]},"east":{"uv":[135,89],"uv_size":[7,1]},"south":{"uv":[144,140],"uv_size":[1,1]},"west":{"uv":[135,120],"uv_size":[7,1]},"up":{"uv":[110,135],"uv_size":[1,7]}}},{"origin":[2.5,5.25,-19],"size":[0.5,0.5,30],"uv":{"north":{"uv":[141,144],"uv_size":[1,1]},"south":{"uv":[142,144],"uv_size":[1,1]},"west":{"uv":[108,91],"uv_size":[30,1]},"up":{"uv":[86,111],"uv_size":[1,30]},"down":{"uv":[8,142],"uv_size":[1,-30]}}},{"origin":[-2.95,5.25,-1],"size":[0.5,0.5,11.5],"uv":{"north":{"uv":[143,144],"uv_size":[1,1]},"east":{"uv":[131,38],"uv_size":[12,1]},"south":{"uv":[144,143],"uv_size":[1,1]},"up":{"uv":[59,64],"uv_size":[1,12]},"down":{"uv":[115,138],"uv_size":[1,-12]}}},{"origin":[1.44602,7.68656,-23.5033],"size":[0.5,2,0.8],"uv":{"north":{"uv":[89,143],"uv_size":[1,2]},"south":{"uv":[100,143],"uv_size":[1,2]},"west":{"uv":[143,100],"uv_size":[1,2]}}},{"origin":[-2.45,7.1,-14.625],"size":[1,1.6,24.6],"pivot":[-1.95,7.1,-13.625],"rotation":[0,0,22.5],"uv":{"north":{"uv":[0,0],"uv_size":[1,1.6]},"east":{"uv":[11,171],"uv_size":[24.6,1.6]},"south":{"uv":[0,0],"uv_size":[1,1.6]},"west":{"uv":[0,0],"uv_size":[24.6,1.6]},"up":{"uv":[1,24.6],"uv_size":[-1,-24.6]},"down":{"uv":[1,24.6],"uv_size":[-1,-24.6]}}},{"origin":[1.45,7.1,-27.625],"size":[1,1.6,37.6],"pivot":[1.95,7.1,-26.625],"rotation":[0,0,-22.5],"uv":{"north":{"uv":[0,0],"uv_size":[1,1.6]},"east":{"uv":[0,0],"uv_size":[37.6,1.6]},"south":{"uv":[0,0],"uv_size":[1,1.6]},"west":{"uv":[64,158],"uv_size":[37.6,1.6]},"up":{"uv":[1,37.6],"uv_size":[-1,-37.6]},"down":{"uv":[1,37.6],"uv_size":[-1,-37.6]}}}]},{"name":"grip","parent":"gun","pivot":[1.2,-6.15,0.4],"cubes":[{"origin":[-2.3,-3.65,-0.1],"size":[4.5,2,11],"uv":{"north":{"uv":[133,12],"uv_size":[5,2]},"east":{"uv":[117,56],"uv_size":[11,2]},"south":{"uv":[38,133],"uv_size":[5,2]},"west":{"uv":[117,95],"uv_size":[11,2]},"down":{"uv":[80,94],"uv_size":[5,-11]}}},{"origin":[-1.805,-22.15,1.4],"size":[3.51,15.5,7.5],"pivot":[1.2,-6.65,1.4],"rotation":[17.5,0,0],"uv":{"north":{"uv":[79,62],"uv_size":[4,16]},"east":{"uv":[14,45],"uv_size":[8,16]},"south":{"uv":[76,80],"uv_size":[4,16]},"west":{"uv":[44,48],"uv_size":[8,16]},"down":{"uv":[82,119],"uv_size":[4,-8]}}},{"origin":[-1.8,-6.15,8.85],"size":[3.5,1.5,3],"pivot":[1.2,-6.15,8.85],"rotation":[60,0,0],"uv":{"east":{"uv":[104,136],"uv_size":[3,2]},"west":{"uv":[119,136],"uv_size":[3,2]},"down":{"uv":[131,131],"uv_size":[4,-3]}}},{"origin":[-1.8,-6.65,-0.1],"size":[3.5,3,9],"uv":{"north":{"uv":[131,131],"uv_size":[4,3]},"east":{"uv":[116,58],"uv_size":[9,3]},"west":{"uv":[116,83],"uv_size":[9,3]},"down":{"uv":[22,117],"uv_size":[4,-9]}}}]},{"name":"safety","parent":"gun","pivot":[-3.08395,1.85,1.9],"cubes":[{"origin":[-3.43393,0.78255,-16.57941],"size":[0.5,2,19.5],"pivot":[-3.43393,1.64054,2.4],"rotation":[-11,0,0],"uv":{"north":{"uv":[103,143],"uv_size":[1,2]},"east":{"uv":[98,14],"uv_size":[20,2]},"south":{"uv":[104,143],"uv_size":[1,2]},"up":{"uv":[75,116],"uv_size":[1,20]},"down":{"uv":[29,137],"uv_size":[1,-20]}}},{"origin":[-3.08393,3.87141,-4.54351],"size":[0.5,2.5,4],"pivot":[-3.08393,6.37141,-4.54351],"rotation":[-40,0,0],"uv":{"east":{"uv":[132,6],"uv_size":[4,3]},"up":{"uv":[72,139],"uv_size":[1,4]}}},{"origin":[-3.08393,4.37141,-16.04351],"size":[0.5,2,11.5],"uv":{"north":{"uv":[105,143],"uv_size":[1,2]},"east":{"uv":[115,78],"uv_size":[12,2]},"up":{"uv":[37,127],"uv_size":[1,12]}}},{"origin":[-3.08393,3.02141,-3.54351],"size":[0.5,1,5.5],"uv":{"east":{"uv":[136,115],"uv_size":[6,1]},"up":{"uv":[45,136],"uv_size":[1,6]}}},{"origin":[-3.68393,0.99019,1.42314],"size":[0.5,1,1],"pivot":[-3.68393,1.64054,2.4],"rotation":[-45,0,0],"uv":{"north":{"uv":[145,1],"uv_size":[1,1]},"east":{"uv":[2,145],"uv_size":[1,1]},"south":{"uv":[145,3],"uv_size":[1,1]},"up":{"uv":[145,4],"uv_size":[1,1]},"down":{"uv":[5,146],"uv_size":[1,-1]}}},{"origin":[-3.18393,-0.00981,0.42314],"size":[0.5,3,3],"pivot":[-3.18393,1.64054,2.4],"rotation":[-45,0,0],"uv":{"north":{"uv":[102,141],"uv_size":[1,3]},"east":{"uv":[134,76],"uv_size":[3,3]},"south":{"uv":[116,141],"uv_size":[1,3]},"up":{"uv":[117,141],"uv_size":[1,3]},"down":{"uv":[126,144],"uv_size":[1,-3]}}}]},{"name":"body","parent":"gun","pivot":[0,11,-91],"cubes":[{"origin":[-3.05,2.35,6.85],"size":[6,1,1],"pivot":[2.95,3.35,6.85],"rotation":[-45,0,0],"uv":{"north":{"uv":[136,136],"uv_size":[6,1]},"east":{"uv":[145,5],"uv_size":[1,1]},"south":{"uv":[137,36],"uv_size":[6,1]},"west":{"uv":[145,6],"uv_size":[1,1]},"up":{"uv":[137,37],"uv_size":[6,1]},"down":{"uv":[137,54],"uv_size":[6,-1]}}},{"origin":[-3.05,2.85,-29.15],"size":[6,1,1],"pivot":[2.95,3.85,-29.15],"rotation":[-45,0,0],"uv":{"north":{"uv":[137,54],"uv_size":[6,1]},"east":{"uv":[7,145],"uv_size":[1,1]},"south":{"uv":[137,55],"uv_size":[6,1]},"west":{"uv":[145,7],"uv_size":[1,1]},"up":{"uv":[137,56],"uv_size":[6,1]},"down":{"uv":[137,58],"uv_size":[6,-1]}}},{"origin":[-1.35,10.55,-35.95],"size":[0.5,1.5,6],"pivot":[-1.4,12.05,-35.95],"rotation":[-9.4,0,0],"uv":{"east":{"uv":[132,17],"uv_size":[6,2]},"west":{"uv":[132,19],"uv_size":[6,2]},"up":{"uv":[60,136],"uv_size":[1,6]}}},{"origin":[-0.8,7.1,10.95],"size":[1.5,1,2],"pivot":[-0.8,8,11.25],"rotation":[-45,0,0],"uv":{"north":{"uv":[143,97],"uv_size":[2,1]},"east":{"uv":[143,103],"uv_size":[2,1]},"south":{"uv":[143,110],"uv_size":[2,1]},"west":{"uv":[143,111],"uv_size":[2,1]},"up":{"uv":[139,129],"uv_size":[2,2]}}},{"origin":[1.45,4.4,-28.45],"size":[1,2.5,7.5],"uv":{"north":{"uv":[129,141],"uv_size":[1,3]},"west":{"uv":[116,118],"uv_size":[8,3]},"up":{"uv":[43,56],"uv_size":[1,8]}}},{"origin":[-1.35,10.75,-30.25],"size":[0.5,0.35,2.5],"uv":{"east":{"uv":[143,113],"uv_size":[2,1]},"south":{"uv":[145,8],"uv_size":[1,1]},"west":{"uv":[143,114],"uv_size":[2,1]},"up":{"uv":[113,143],"uv_size":[1,2]}}},{"origin":[-3.05,2.85,-25.65],"size":[6,1,1],"pivot":[2.95,3.85,-25.65],"rotation":[-45,0,0],"uv":{"north":{"uv":[137,58],"uv_size":[6,1]},"east":{"uv":[9,145],"uv_size":[1,1]},"south":{"uv":[137,59],"uv_size":[6,1]},"west":{"uv":[145,9],"uv_size":[1,1]},"up":{"uv":[137,60],"uv_size":[6,1]},"down":{"uv":[137,77],"uv_size":[6,-1]}}},{"origin":[0.85,10.55,-35.95],"size":[0.5,1.5,6],"pivot":[0.8,12.05,-35.95],"rotation":[-9.4,0,0],"uv":{"east":{"uv":[132,21],"uv_size":[6,2]},"west":{"uv":[132,30],"uv_size":[6,2]},"up":{"uv":[74,136],"uv_size":[1,6]}}},{"origin":[-2.8,-0.45,-31.1],"size":[5.5,5,45],"uv":{"east":{"uv":[24,0],"uv_size":[45,5]},"south":{"uv":[114,30],"uv_size":[6,5]},"west":{"uv":[24,5],"uv_size":[45,5]},"up":{"uv":[0,0],"uv_size":[6,45]}}},{"origin":[-3.05,-0.15,5.35],"size":[6,1,1],"pivot":[2.95,0.85,5.35],"rotation":[-45,0,0],"uv":{"north":{"uv":[137,77],"uv_size":[6,1]},"east":{"uv":[10,145],"uv_size":[1,1]},"south":{"uv":[137,78],"uv_size":[6,1]},"west":{"uv":[11,145],"uv_size":[1,1]},"up":{"uv":[137,82],"uv_size":[6,1]},"down":{"uv":[137,84],"uv_size":[6,-1]}}},{"origin":[0.85,10.75,-30.25],"size":[0.5,0.35,2.5],"uv":{"east":{"uv":[143,121],"uv_size":[2,1]},"south":{"uv":[145,13],"uv_size":[1,1]},"west":{"uv":[143,126],"uv_size":[2,1]},"up":{"uv":[143,127],"uv_size":[1,2]}}},{"origin":[-2.805,-0.54246,-31.14401],"size":[5.51,2,45],"pivot":[2.2,-0.54246,-31.14401],"rotation":[-2.3,0,0],"uv":{"east":{"uv":[70,78],"uv_size":[45,2]},"south":{"uv":[133,10],"uv_size":[6,2]},"west":{"uv":[79,48],"uv_size":[45,2]},"down":{"uv":[18,45],"uv_size":[6,-45]}}},{"origin":[-1.25,3.35,-60.6],"size":[2.5,2,1.5],"uv":{"north":{"uv":[122,136],"uv_size":[3,2]},"east":{"uv":[136,139],"uv_size":[2,2]},"west":{"uv":[138,139],"uv_size":[2,2]},"up":{"uv":[0,137],"uv_size":[3,2]}}},{"origin":[-3.05,0.35,-21.65],"size":[6,1,1],"pivot":[2.95,1.35,-21.65],"rotation":[-45,0,0],"uv":{"north":{"uv":[137,84],"uv_size":[6,1]},"east":{"uv":[14,145],"uv_size":[1,1]},"south":{"uv":[137,95],"uv_size":[6,1]},"west":{"uv":[145,14],"uv_size":[1,1]},"up":{"uv":[137,96],"uv_size":[6,1]},"down":{"uv":[137,98],"uv_size":[6,-1]}}},{"origin":[-1.3,-6.15,-11.9],"size":[2.5,5,3],"uv":{"north":{"uv":[64,127],"uv_size":[3,5]},"east":{"uv":[128,108],"uv_size":[3,5]},"south":{"uv":[128,127],"uv_size":[3,5]},"west":{"uv":[18,129],"uv_size":[3,5]},"down":{"uv":[98,137],"uv_size":[3,-3]}}},{"origin":[-0.8,-5.85,-8.9],"size":[1.5,0.5,2.5],"pivot":[0.2,-5.35,-8.9],"rotation":[-75,0,0],"uv":{"east":{"uv":[143,134],"uv_size":[2,1]},"west":{"uv":[143,138],"uv_size":[2,1]},"up":{"uv":[140,3],"uv_size":[2,2]},"down":{"uv":[17,142],"uv_size":[2,-2]}}},{"origin":[-0.8,-3.8,-11.65],"size":[1.5,0.5,5.5],"pivot":[0.2,-3.3,-11.65],"rotation":[-80,0,0],"uv":{"east":{"uv":[137,125],"uv_size":[6,1]},"south":{"uv":[140,143],"uv_size":[2,1]},"west":{"uv":[137,126],"uv_size":[6,1]},"up":{"uv":[10,130],"uv_size":[2,6]},"down":{"uv":[59,136],"uv_size":[2,-6]}}},{"origin":[-0.8,-8.20807,-0.41092],"size":[1.5,3,0.5],"pivot":[0.2,-6.20807,-0.41092],"rotation":[-10,0,0],"uv":{"north":{"uv":[18,137],"uv_size":[2,3]},"east":{"uv":[135,141],"uv_size":[1,3]},"south":{"uv":[38,137],"uv_size":[2,3]},"west":{"uv":[136,141],"uv_size":[1,3]}}},{"origin":[-0.8,-7.89422,-8.73592],"size":[1.5,0.5,8.5],"pivot":[0.2,-7.39422,-8.73592],"rotation":[-2.5,0,0],"uv":{"east":{"uv":[133,73],"uv_size":[9,1]},"west":{"uv":[134,26],"uv_size":[9,1]},"up":{"uv":[24,123],"uv_size":[2,9]},"down":{"uv":[38,132],"uv_size":[2,-9]}}},{"origin":[-0.5,1,-88.1],"size":[0.5,0.5,35.5],"pivot":[0,1.5,-87.6],"rotation":[0,0,-45],"uv":{"north":{"uv":[145,16],"uv_size":[1,1]},"east":{"uv":[105,1],"uv_size":[36,1]},"west":{"uv":[105,2],"uv_size":[36,1]},"up":{"uv":[31,99],"uv_size":[1,36]},"down":{"uv":[61,138],"uv_size":[1,-36]}}},{"origin":[-1.8,5.25,-38.45],"size":[3.6,5,11],"uv":{"north":{"uv":[122,106],"uv_size":[4,5]},"east":{"uv":[83,71],"uv_size":[11,5]},"south":{"uv":[122,111],"uv_size":[4,5]},"west":{"uv":[85,83],"uv_size":[11,5]},"up":{"uv":[25,83],"uv_size":[4,11]}}},{"origin":[-1.795,10.25,-37.58397],"size":[3.59,1.5,1.5],"pivot":[1.25,11.25,-37.58397],"rotation":[-60,0,0],"uv":{"north":{"uv":[134,108],"uv_size":[4,2]},"east":{"uv":[21,140],"uv_size":[2,2]},"west":{"uv":[38,140],"uv_size":[2,2]},"up":{"uv":[119,134],"uv_size":[4,2]}}},{"origin":[-2.25,10.65711,-37.14289],"size":[0.5,1,4],"pivot":[1.2,11.45711,-37.74289],"rotation":[-45,0,0],"uv":{"north":{"uv":[18,145],"uv_size":[1,1]},"east":{"uv":[139,124],"uv_size":[4,1]},"south":{"uv":[20,145],"uv_size":[1,1]},"up":{"uv":[92,139],"uv_size":[1,4]},"down":{"uv":[100,143],"uv_size":[1,-4]}}},{"origin":[-1.8,10.25,-38.45],"size":[3.6,0.5,7],"uv":{"north":{"uv":[87,140],"uv_size":[4,1]},"east":{"uv":[135,133],"uv_size":[7,1]},"west":{"uv":[135,134],"uv_size":[7,1]},"up":{"uv":[99,116],"uv_size":[4,7]}}},{"origin":[-0.75,0.65,-77.05],"size":[1.5,2,1.5],"uv":{"north":{"uv":[40,140],"uv_size":[2,2]},"east":{"uv":[130,143],"uv_size":[1,2]},"south":{"uv":[43,140],"uv_size":[2,2]},"west":{"uv":[3,144],"uv_size":[1,2]},"down":{"uv":[4,145],"uv_size":[2,-1]}}},{"origin":[-0.75,1.5,-90.35],"size":[1.5,1,3],"uv":{"north":{"uv":[9,144],"uv_size":[2,1]},"east":{"uv":[141,122],"uv_size":[3,1]},"south":{"uv":[144,10],"uv_size":[2,1]},"west":{"uv":[141,123],"uv_size":[3,1]},"down":{"uv":[43,140],"uv_size":[2,-3]}}},{"origin":[-1,2.9,-90.5],"size":[2,8,1],"uv":{"north":{"uv":[99,126],"uv_size":[2,8]},"east":{"uv":[49,129],"uv_size":[1,8]},"south":{"uv":[126,108],"uv_size":[2,8]},"west":{"uv":[130,132],"uv_size":[1,8]},"up":{"uv":[144,11],"uv_size":[2,1]}}},{"origin":[-1,3.3,-89.5],"size":[2,2,2],"uv":{"east":{"uv":[61,140],"uv_size":[2,2]},"west":{"uv":[94,140],"uv_size":[2,2]},"up":{"uv":[140,100],"uv_size":[2,2]}}},{"origin":[-1,10.9,-90.5],"size":[0.5,1.3,2],"pivot":[-0.5,10.9,-90.5],"rotation":[0,0,-30],"uv":{"north":{"uv":[6,144],"uv_size":[1,2]},"east":{"uv":[114,140],"uv_size":[2,2]},"south":{"uv":[13,144],"uv_size":[1,2]},"west":{"uv":[119,140],"uv_size":[2,2]}}},{"origin":[-1,7.7,-89.5],"size":[2,3.2,1],"uv":{"east":{"uv":[19,140],"uv_size":[1,4]},"west":{"uv":[23,140],"uv_size":[1,4]},"up":{"uv":[144,15],"uv_size":[2,1]},"down":{"uv":[144,18],"uv_size":[2,-1]}}},{"origin":[-1,3.4,-89.5],"size":[2,7.5,1],"pivot":[-1,10.9,-88.5],"rotation":[15,0,0],"uv":{"north":{"uv":[113,126],"uv_size":[2,8]},"east":{"uv":[30,133],"uv_size":[1,8]},"south":{"uv":[121,126],"uv_size":[2,8]},"west":{"uv":[126,133],"uv_size":[1,8]}}},{"origin":[0.5,10.9,-90.5],"size":[0.5,1.3,2],"pivot":[0.5,10.9,-90.5],"rotation":[0,0,30],"uv":{"north":{"uv":[16,144],"uv_size":[1,2]},"east":{"uv":[140,138],"uv_size":[2,2]},"south":{"uv":[19,144],"uv_size":[1,2]},"west":{"uv":[140,140],"uv_size":[2,2]}}},{"origin":[-1.58301,11.77583,-90.5],"size":[0.5,1.2,2],"pivot":[-1.58301,11.77583,-90.5],"rotation":[0,0,15],"uv":{"north":{"uv":[145,20],"uv_size":[1,1]},"east":{"uv":[144,22],"uv_size":[2,1]},"south":{"uv":[21,145],"uv_size":[1,1]},"west":{"uv":[144,25],"uv_size":[2,1]},"up":{"uv":[26,144],"uv_size":[1,2]}}},{"origin":[-1.35,10.15,-37.45],"size":[2.7,0.6,10],"uv":{"east":{"uv":[131,112],"uv_size":[10,1]},"south":{"uv":[137,141],"uv_size":[3,1]},"west":{"uv":[132,32],"uv_size":[10,1]},"up":{"uv":[14,114],"uv_size":[3,10]}}},{"origin":[-0.75,1,-88.85],"size":[1.5,0.5,1.5],"uv":{"north":{"uv":[30,144],"uv_size":[2,1]},"east":{"uv":[144,33],"uv_size":[2,1]},"south":{"uv":[144,34],"uv_size":[2,1]},"west":{"uv":[144,36],"uv_size":[2,1]},"down":{"uv":[4,143],"uv_size":[2,-2]}}},{"origin":[-0.8,2.95,-71.9],"size":[1.5,6,2.5],"pivot":[0.7,8.95,-71.9],"rotation":[-40,0,0],"uv":{"north":{"uv":[54,131],"uv_size":[2,6]},"east":{"uv":[40,123],"uv_size":[3,6]},"south":{"uv":[111,131],"uv_size":[2,6]},"west":{"uv":[47,123],"uv_size":[3,6]}}},{"origin":[1.08301,11.77583,-90.5],"size":[0.5,1.2,2],"pivot":[1.58301,11.77583,-90.5],"rotation":[0,0,-15],"uv":{"north":{"uv":[145,21],"uv_size":[1,1]},"east":{"uv":[144,37],"uv_size":[2,1]},"south":{"uv":[22,145],"uv_size":[1,1]},"west":{"uv":[144,39],"uv_size":[2,1]},"up":{"uv":[32,144],"uv_size":[1,2]}}},{"origin":[-1.35,10.64289,-36.65711],"size":[2.7,1,1],"pivot":[0.8,11.64289,-36.65711],"rotation":[-20,0,0],"uv":{"north":{"uv":[142,3],"uv_size":[3,1]},"east":{"uv":[145,23],"uv_size":[1,1]},"south":{"uv":[142,4],"uv_size":[3,1]},"west":{"uv":[24,145],"uv_size":[1,1]},"up":{"uv":[142,8],"uv_size":[3,1]}}},{"origin":[-1.35,11.14289,-35.79108],"size":[0.8,0.815,0.9],"pivot":[0.6,12.14289,-35.79108],"rotation":[-60,0,0],"uv":{"north":{"uv":[145,24],"uv_size":[1,1]},"east":{"uv":[145,26],"uv_size":[1,1]},"south":{"uv":[27,145],"uv_size":[1,1]},"west":{"uv":[145,27],"uv_size":[1,1]},"up":{"uv":[145,28],"uv_size":[1,1]}}},{"origin":[0.55,11.14289,-35.79108],"size":[0.8,0.815,0.9],"pivot":[0.8,12.14289,-35.79108],"rotation":[-60,0,0],"uv":{"north":{"uv":[145,29],"uv_size":[1,1]},"east":{"uv":[30,145],"uv_size":[1,1]},"south":{"uv":[145,30],"uv_size":[1,1]},"west":{"uv":[31,145],"uv_size":[1,1]},"up":{"uv":[145,31],"uv_size":[1,1]}}},{"origin":[-1.79,10.25,-31.45],"size":[3.6,0.5,1.5],"pivot":[1.25,10.75,-31.45],"rotation":[-20,0,0],"uv":{"east":{"uv":[144,44],"uv_size":[2,1]},"west":{"uv":[144,45],"uv_size":[2,1]},"up":{"uv":[134,123],"uv_size":[4,2]}}},{"origin":[-2.3,4.95,-31.2],"size":[4.5,1.5,3],"pivot":[2.7,6.45,-31.2],"rotation":[5,0,0],"uv":{"north":{"uv":[133,48],"uv_size":[5,2]},"east":{"uv":[70,137],"uv_size":[3,2]},"west":{"uv":[80,137],"uv_size":[3,2]},"up":{"uv":[128,71],"uv_size":[5,3]}}},{"origin":[-2.55,4.4,-28.455],"size":[1.5,2.5,1],"uv":{"north":{"uv":[87,137],"uv_size":[2,3]},"east":{"uv":[8,142],"uv_size":[1,3]},"south":{"uv":[89,137],"uv_size":[2,3]},"up":{"uv":[144,46],"uv_size":[2,1]}}},{"origin":[-2.55,4.25,-31.45],"size":[5,1,3],"uv":{"east":{"uv":[142,16],"uv_size":[3,1]},"west":{"uv":[142,27],"uv_size":[3,1]},"up":{"uv":[129,54],"uv_size":[5,3]}}},{"origin":[-0.8,-6.05807,-1.81092],"size":[1.5,5,0.5],"pivot":[0.2,-1.05807,-1.81092],"rotation":[-17.5,0,0],"uv":{"north":{"uv":[50,43],"uv_size":[2,5]},"east":{"uv":[36,138],"uv_size":[1,5]},"south":{"uv":[103,116],"uv_size":[2,5]},"west":{"uv":[103,138],"uv_size":[1,5]},"down":{"uv":[144,52],"uv_size":[2,-1]}}},{"origin":[-1.58457,1.52414,-77.1],"size":[3.1689,1.3125,6.25],"pivot":[1.58433,2.83664,-77.1],"rotation":[0,0,45],"uv":{"north":{"uv":[142,32],"uv_size":[3,1]},"east":{"uv":[137,127],"uv_size":[6,1]},"south":{"uv":[142,35],"uv_size":[3,1]},"west":{"uv":[137,128],"uv_size":[6,1]}}},{"origin":[-1.58457,2.83664,-77.1],"size":[3.1689,1.3125,6.25],"uv":{"north":{"uv":[38,142],"uv_size":[3,1]},"east":{"uv":[136,137],"uv_size":[6,1]},"south":{"uv":[142,40],"uv_size":[3,1]},"west":{"uv":[138,12],"uv_size":[6,1]}}},{"origin":[0.27165,2.06762,-77.1],"size":[1.3125,3.1689,6.25],"pivot":[0.27165,4.69262,-76.44375],"rotation":[0,0,45],"uv":{"north":{"uv":[18,142],"uv_size":[1,3]},"south":{"uv":[21,142],"uv_size":[1,3]},"up":{"uv":[97,136],"uv_size":[1,6]},"down":{"uv":[125,142],"uv_size":[1,-6]}}},{"origin":[-0.65625,1.90832,-77.1],"size":[1.3125,3.1689,6.25],"uv":{"north":{"uv":[22,142],"uv_size":[1,3]},"south":{"uv":[41,142],"uv_size":[1,3]},"up":{"uv":[134,136],"uv_size":[1,6]},"down":{"uv":[3,143],"uv_size":[1,-6]}}},{"origin":[-1.58457,1.52414,-90.8],"size":[3.1689,1.3125,6],"pivot":[1.58433,2.83664,-90.8],"rotation":[0,0,45],"uv":{"north":{"uv":[142,41],"uv_size":[3,1]},"east":{"uv":[138,13],"uv_size":[6,1]},"south":{"uv":[43,142],"uv_size":[3,1]},"west":{"uv":[138,17],"uv_size":[6,1]}}},{"origin":[-1.58457,2.83664,-90.8],"size":[3.1689,1.3125,6],"uv":{"north":{"uv":[142,52],"uv_size":[3,1]},"east":{"uv":[138,18],"uv_size":[6,1]},"south":{"uv":[53,142],"uv_size":[3,1]},"west":{"uv":[138,19],"uv_size":[6,1]}}},{"origin":[0.27165,2.06762,-90.8],"size":[1.3125,3.1689,6],"pivot":[0.27165,4.69262,-90.14375],"rotation":[0,0,45],"uv":{"north":{"uv":[59,142],"uv_size":[1,3]},"south":{"uv":[60,142],"uv_size":[1,3]},"up":{"uv":[20,137],"uv_size":[1,6]},"down":{"uv":[29,143],"uv_size":[1,-6]}}},{"origin":[-0.65625,1.90832,-90.8],"size":[1.3125,3.1689,6],"uv":{"north":{"uv":[61,142],"uv_size":[1,3]},"south":{"uv":[62,142],"uv_size":[1,3]},"up":{"uv":[49,137],"uv_size":[1,6]},"down":{"uv":[93,143],"uv_size":[1,-6]}}},{"origin":[-1.90426,5.82694,-60.6],"size":[3.80823,1.5773,2.15],"pivot":[1.90397,7.40424,-60.6],"rotation":[0,0,45],"uv":{"north":{"uv":[0,135],"uv_size":[4,2]},"east":{"uv":[6,141],"uv_size":[2,2]},"west":{"uv":[15,141],"uv_size":[2,2]}}},{"origin":[-1.90426,7.40424,-60.6],"size":[3.80823,1.5773,2.15],"uv":{"north":{"uv":[135,61],"uv_size":[4,2]},"east":{"uv":[141,20],"uv_size":[2,2]},"west":{"uv":[24,141],"uv_size":[2,2]}}},{"origin":[0.32646,6.48007,-60.6],"size":[1.5773,3.80823,2.15],"pivot":[0.32646,9.63467,-59.81135],"rotation":[0,0,45],"uv":{"north":{"uv":[113,134],"uv_size":[2,4]},"up":{"uv":[26,141],"uv_size":[2,2]},"down":{"uv":[141,30],"uv_size":[2,-2]}}},{"origin":[-0.78865,6.28863,-60.6],"size":[1.5773,3.80823,2.15],"uv":{"north":{"uv":[76,135],"uv_size":[2,4]},"up":{"uv":[141,30],"uv_size":[2,2]},"down":{"uv":[32,143],"uv_size":[2,-2]}}},{"origin":[-1.65588,6.13555,-72],"size":[3.3115,1.37156,34.3],"pivot":[1.65562,7.50711,-72],"rotation":[0,0,45],"uv":{"north":{"uv":[142,63],"uv_size":[3,1]},"east":{"uv":[105,5],"uv_size":[34,1]},"west":{"uv":[107,28],"uv_size":[34,1]}}},{"origin":[-1.65588,7.50711,-72],"size":[3.3115,1.37156,34.3],"uv":{"north":{"uv":[142,65],"uv_size":[3,1]},"east":{"uv":[107,29],"uv_size":[34,1]},"west":{"uv":[108,41],"uv_size":[34,1]}}},{"origin":[0.28388,6.70349,-72],"size":[1.37156,3.3115,34.3],"pivot":[0.28388,9.44661,-71.31422],"rotation":[0,0,45],"uv":{"north":{"uv":[142,66],"uv_size":[1,3]},"up":{"uv":[94,102],"uv_size":[1,34]},"down":{"uv":[4,141],"uv_size":[1,-34]}}},{"origin":[-0.68578,6.53701,-72],"size":[1.37156,3.3115,34.3],"uv":{"north":{"uv":[73,142],"uv_size":[1,3]},"up":{"uv":[5,107],"uv_size":[1,34]},"down":{"uv":[12,142],"uv_size":[1,-34]}}},{"origin":[-1.58457,1.52414,-60.6],"size":[3.1689,1.3125,2],"pivot":[1.58433,2.83664,-60.6],"rotation":[0,0,45],"uv":{"north":{"uv":[142,73],"uv_size":[3,1]},"east":{"uv":[52,144],"uv_size":[2,1]},"west":{"uv":[54,144],"uv_size":[2,1]}}},{"origin":[-1.58457,2.83664,-60.6],"size":[3.1689,1.3125,2],"uv":{"north":{"uv":[142,86],"uv_size":[3,1]},"east":{"uv":[57,144],"uv_size":[2,1]},"west":{"uv":[144,61],"uv_size":[2,1]}}},{"origin":[0.27165,2.06762,-60.6],"size":[1.3125,3.1689,2],"pivot":[0.27165,4.69262,-59.94375],"rotation":[0,0,45],"uv":{"north":{"uv":[75,142],"uv_size":[1,3]},"up":{"uv":[64,144],"uv_size":[1,2]},"down":{"uv":[65,146],"uv_size":[1,-2]}}},{"origin":[-0.65625,1.90832,-60.6],"size":[1.3125,3.1689,2],"uv":{"north":{"uv":[91,142],"uv_size":[1,3]},"down":{"uv":[144,68],"uv_size":[1,-2]}}}]},{"name":"stock","parent":"gun","pivot":[0,11,-91],"cubes":[{"origin":[1.695,-2.45,13.9],"size":[1,5,7.5],"pivot":[2.7,1.05,13.9],"rotation":[0,-4,0],"uv":{"west":{"uv":[102,18],"uv_size":[8,5]}}},{"origin":[-2.795,-2.45,13.9],"size":[1,5,7.5],"pivot":[-2.8,1.05,13.9],"rotation":[0,4,0],"uv":{"east":{"uv":[102,23],"uv_size":[8,5]}}},{"origin":[1.18427,2.52721,14.09008],"size":[1.5,1.5,8.5],"pivot":[1.68427,4.02721,14.09008],"rotation":[-10,-4,0],"uv":{"east":{"uv":[124,48],"uv_size":[9,2]},"west":{"uv":[125,26],"uv_size":[9,2]},"up":{"uv":[72,123],"uv_size":[2,9]}}},{"origin":[0.68427,-2.42279,14.09008],"size":[2,1.5,9.5],"pivot":[1.68427,-0.92279,14.09008],"rotation":[-10,-4,0],"uv":{"west":{"uv":[119,80],"uv_size":[10,2]},"down":{"uv":[10,130],"uv_size":[2,-10]}}},{"origin":[-2.78427,2.52721,14.09008],"size":[1.5,1.5,8.5],"pivot":[-1.78427,4.02721,14.09008],"rotation":[-10,4,0],"uv":{"east":{"uv":[125,76],"uv_size":[9,2]},"west":{"uv":[125,97],"uv_size":[9,2]},"up":{"uv":[32,125],"uv_size":[2,9]}}},{"origin":[-2.78427,-2.42279,14.09008],"size":[2,1.5,9.5],"pivot":[-1.78427,-0.92279,14.09008],"rotation":[-10,4,0],"uv":{"east":{"uv":[120,33],"uv_size":[10,2]},"down":{"uv":[108,131],"uv_size":[2,-10]}}},{"origin":[-2.3,-3.45,20.76047],"size":[4.5,6,34],"uv":{"east":{"uv":[24,10],"uv_size":[34,6]},"south":{"uv":[34,116],"uv_size":[5,6]},"west":{"uv":[24,16],"uv_size":[34,6]},"up":{"uv":[24,22],"uv_size":[5,34]}}},{"origin":[-1.8,-10.6,53.46047],"size":[3.5,14,2],"pivot":[1.7,3.12721,53.46047],"rotation":[-2.5,0,0],"uv":{"east":{"uv":[43,116],"uv_size":[2,14]},"south":{"uv":[53,82],"uv_size":[4,14]},"west":{"uv":[51,116],"uv_size":[2,14]},"up":{"uv":[135,92],"uv_size":[4,2]},"down":{"uv":[135,120],"uv_size":[4,-2]}}},{"origin":[-2.3,-7.95,44.76047],"size":[4.5,2,9],"uv":{"east":{"uv":[126,50],"uv_size":[9,2]},"west":{"uv":[126,61],"uv_size":[9,2]}}},{"origin":[-2.3,-8.20987,53.7406],"size":[4.5,2.5,1],"pivot":[2.2,-6.23266,53.7406],"rotation":[-5,0,0],"uv":{"east":{"uv":[95,142],"uv_size":[1,3]},"south":{"uv":[129,102],"uv_size":[5,3]},"west":{"uv":[97,142],"uv_size":[1,3]}}},{"origin":[-2.3,-5.95,33.76047],"size":[4.5,2.5,21],"uv":{"east":{"uv":[80,80],"uv_size":[21,3]},"south":{"uv":[87,130],"uv_size":[5,3]},"west":{"uv":[81,22],"uv_size":[21,3]}}},{"origin":[0.18389,1.55667,28.26047],"size":[2,1,26.5],"pivot":[2.18389,2.53389,28.26047],"rotation":[0,0,60],"uv":{"north":{"uv":[144,62],"uv_size":[2,1]},"south":{"uv":[144,69],"uv_size":[2,1]},"up":{"uv":[12,82],"uv_size":[2,26]}}},{"origin":[-1.29638,2.77733,28.26047],"size":[2.5,1.5,26.5],"uv":{"south":{"uv":[61,138],"uv_size":[3,2]},"up":{"uv":[29,73],"uv_size":[3,26]}}},{"origin":[-1.29638,0.92733,14.11047],"size":[2.5,1.5,10],"uv":{"up":{"uv":[76,115],"uv_size":[3,10]}}},{"origin":[-1.29638,2.77991,24.27099],"size":[2.5,1.5,4],"pivot":[1.20362,4.25712,28.27099],"rotation":[27.5,0,0],"uv":{"east":{"uv":[135,129],"uv_size":[4,2]},"west":{"uv":[135,131],"uv_size":[4,2]},"up":{"uv":[23,132],"uv_size":[3,4]}}},{"origin":[-1.76236,1.60209,28.26047],"size":[1,2,26.5],"pivot":[-0.26236,3.0793,28.26047],"rotation":[0,0,30],"uv":{"north":{"uv":[67,144],"uv_size":[1,2]},"east":{"uv":[87,6],"uv_size":[26,2]},"south":{"uv":[70,144],"uv_size":[1,2]}}},{"origin":[-2.305,-3.59946,20.75554],"size":[4.51,3,34],"pivot":[2.2,-3.62225,20.75554],"rotation":[-12.5,0,0],"uv":{"east":{"uv":[60,30],"uv_size":[34,3]},"south":{"uv":[130,118],"uv_size":[5,3]},"west":{"uv":[60,33],"uv_size":[34,3]},"down":{"uv":[39,56],"uv_size":[5,-34]}}},{"origin":[-0.8,-2.49946,14.25554],"size":[1.5,3,7],"pivot":[0.7,-2.52225,14.25554],"rotation":[-10,0,0],"uv":{"down":{"uv":[47,136],"uv_size":[2,-7]}}},{"origin":[-2.8,-2.44839,13.81974],"size":[5.5,6.5,0.5],"uv":{"north":{"uv":[94,88],"uv_size":[6,7]},"east":{"uv":[127,135],"uv_size":[1,7]},"south":{"uv":[89,95],"uv_size":[6,7]},"west":{"uv":[128,135],"uv_size":[1,7]},"up":{"uv":[138,22],"uv_size":[6,1]},"down":{"uv":[138,47],"uv_size":[6,-1]}}}]},{"name":"mag","parent":"gun","pivot":[-0.05,-0.8,-20.48444],"cubes":[{"origin":[-2.05,-6.8,-20.5],"size":[4,6,8.5],"pivot":[1.45,-0.3,-20.5],"rotation":[-2.5,0,0],"uv":{"north":{"uv":[18,117],"uv_size":[4,6]},"east":{"uv":[85,88],"uv_size":[9,6]},"south":{"uv":[22,117],"uv_size":[4,6]},"west":{"uv":[34,90],"uv_size":[9,6]},"up":{"uv":[14,105],"uv_size":[4,9]}}},{"origin":[-2.055,-14.60858,-20.39821],"size":[4.01,10,8.5],"pivot":[1.45,-4.60858,-20.39821],"rotation":[-17.5,0,0],"uv":{"north":{"uv":[53,96],"uv_size":[4,10]},"east":{"uv":[69,0],"uv_size":[9,10]},"south":{"uv":[76,96],"uv_size":[4,10]},"west":{"uv":[70,48],"uv_size":[9,10]}}},{"origin":[-2.05,-26.70175,-23.79867],"size":[4,10,8.5],"pivot":[1.45,-16.70175,-15.29867],"rotation":[-35,0,0],"uv":{"north":{"uv":[42,97],"uv_size":[4,10]},"east":{"uv":[70,58],"uv_size":[9,10]},"south":{"uv":[97,97],"uv_size":[4,10]},"west":{"uv":[70,68],"uv_size":[9,10]}}},{"origin":[-2.055,-34.89327,-29.53444],"size":[4.01,10,8.5],"pivot":[1.45,-24.89327,-21.03444],"rotation":[-50,0,0],"uv":{"north":{"uv":[98,36],"uv_size":[4,10]},"east":{"uv":[20,73],"uv_size":[9,10]},"south":{"uv":[83,101],"uv_size":[4,10]},"west":{"uv":[78,0],"uv_size":[9,10]},"down":{"uv":[101,116],"uv_size":[4,-9]}}},{"origin":[-1.55,-5.8,-23],"size":[3,5,3.5],"pivot":[0.95,-0.3,-23],"rotation":[-2.5,0,0],"uv":{"north":{"uv":[0,127],"uv_size":[3,5]},"east":{"uv":[121,121],"uv_size":[4,5]},"west":{"uv":[34,122],"uv_size":[4,5]},"up":{"uv":[69,129],"uv_size":[3,4]}}},{"origin":[-1.555,-12.05858,-22.44821],"size":[3.01,7,3.5],"pivot":[0.95,-2.55858,-22.44821],"rotation":[-17.5,0,0],"uv":{"north":{"uv":[82,119],"uv_size":[3,7]},"east":{"uv":[39,116],"uv_size":[4,7]},"west":{"uv":[47,116],"uv_size":[4,7]}}},{"origin":[-1.55,-23.05175,-26.09867],"size":[3,7.5,3.5],"pivot":[0.95,-15.05175,-17.59867],"rotation":[-32.5,0,0],"uv":{"north":{"uv":[64,120],"uv_size":[3,7]},"east":{"uv":[70,116],"uv_size":[4,7]},"west":{"uv":[95,116],"uv_size":[4,7]}}},{"origin":[-1.555,-32.69327,-30.88444],"size":[3.01,9.5,3.5],"pivot":[0.95,-22.64327,-22.48444],"rotation":[-47.5,0,0],"uv":{"north":{"uv":[113,99],"uv_size":[3,10]},"east":{"uv":[101,97],"uv_size":[4,10]},"west":{"uv":[6,102],"uv_size":[4,10]},"down":{"uv":[131,125],"uv_size":[3,-4]}}}]},{"name":"bullet","parent":"mag","pivot":[-0.05,-1.8,-20.48444],"cubes":[{"origin":[-0.55,-1.4,-18.88444],"size":[1.5,1.5,6],"pivot":[-0.05,-0.4,-17.88444],"rotation":[0,0,45],"uv":{"north":{"uv":[9,158],"uv_size":[1,1]},"east":{"uv":[3,158],"uv_size":[6,1]},"south":{"uv":[16,158],"uv_size":[1,1]},"west":{"uv":[10,158],"uv_size":[6,1]},"up":{"uv":[9,152],"uv_size":[1,6]},"down":{"uv":[10,158],"uv_size":[1,-6]}}},{"origin":[-0.15,-1.1,-21.88444],"size":[1.1,1.1,3],"pivot":[-0.05,-0.1,-20.88444],"rotation":[0,0,45],"uv":{"north":{"uv":[32,160],"uv_size":[1,1]},"east":{"uv":[29,160],"uv_size":[3,1]},"west":{"uv":[33,160],"uv_size":[3,1]},"up":{"uv":[32,157],"uv_size":[1,3]},"down":{"uv":[33,160],"uv_size":[1,-3]}}}]},{"name":"s_grip","parent":"gun","pivot":[0,-1.5,5.4]},{"name":"s_mag","parent":"gun","pivot":[-0.05,-0.8,-20.4844]},{"name":"s_rail_set","parent":"gun","pivot":[3.1,1.2,-5.2]},{"name":"s_handguard","parent":"gun","pivot":[0,5.6,-45]},{"name":"s_muzzle","parent":"gun","pivot":[0,3.5,-91.3]},{"name":"s_stock","parent":"gun","pivot":[0,0.8,13.9]},{"name":"right_arm","parent":"gun","pivot":[-4.09854,-11.37481,48.46086],"rotation":[-92.7551,-2.7676,5.132],"cubes":[{"origin":[-8.64854,-65.37481,42.46086],"size":[9,54,12],"uv":{"north":{"uv":[32,0],"uv_size":[6,38]},"east":{"uv":[0,0],"uv_size":[8,38]},"south":{"uv":[0,38],"uv_size":[6,38]},"down":{"uv":[63,57],"uv_size":[6,-8]}}}]},{"name":"s_dust_cover","parent":"gun","pivot":[0,7.4,3]},{"name":"left_arm","parent":"gun","pivot":[16.91895,-21.5221,-4.18148],"rotation":[-92.73019,30.01109,51.78845],"cubes":[{"origin":[12.46895,-75.5221,-10.18148],"size":[9,54,12],"uv":{"north":{"uv":[38,0],"uv_size":[6,38]},"east":{"uv":[16,0],"uv_size":[8,38]},"south":{"uv":[6,38],"uv_size":[6,38]},"west":{"uv":[24,0],"uv_size":[8,38]},"up":{"uv":[64,0],"uv_size":[6,8]},"down":{"uv":[64,16],"uv_size":[6,-8]}}}]}]}]}