{
	"format_version": "1.8.0",
	"animations": {
		"recoil": {
			"animation_length": 0.79,
			"bones": {
				"gun": {
					"rotation": {
						"0.0": {
							"post": [0, 0, 0],
							"lerp_mode": "catmullrom"
						},
						"0.02": {
							"post": [0.91944, -0.03211, 3.01724],
							"lerp_mode": "catmullrom"
						},
						"0.06": {
							"post": [-4.96652, -0.17322, -0.69249],
							"lerp_mode": "catmullrom"
						},
						"0.13": {
							"post": [-5.36445, 0.23387, 1.67404],
							"lerp_mode": "catmullrom"
						},
						"0.2": {
							"post": [-3.625, 0, 0.48281],
							"lerp_mode": "catmullrom"
						},
						"0.32": {
							"post": [0.025, 0.00036, -0.76172],
							"lerp_mode": "catmullrom"
						},
						"0.43": {
							"post": [0.5, 0, 0.175],
							"lerp_mode": "catmullrom"
						},
						"0.55": {
							"post": [-0.12, 0, -0.1543],
							"lerp_mode": "catmullrom"
						},
						"0.67": {
							"post": [0.05, 0, 0.27499],
							"lerp_mode": "catmullrom"
						},
						"0.79": [0, 0, 0]
					},
					"position": {
						"0.0": {
							"post": [0, 0, 0],
							"lerp_mode": "catmullrom"
						},
						"0.02": {
							"post": [0, -0.66875, 4.1],
							"lerp_mode": "catmullrom"
						},
						"0.05": {
							"post": [0, -0.37, 4.3875],
							"lerp_mode": "catmullrom"
						},
						"0.12": {
							"post": [0, 0.14531, 3.40656],
							"lerp_mode": "catmullrom"
						},
						"0.21": {
							"post": [0, -0.55156, 0.97891],
							"lerp_mode": "catmullrom"
						},
						"0.39": {
							"post": [0, -0.06, 0.02],
							"lerp_mode": "catmullrom"
						},
						"0.52": {
							"post": [0, 0, 0],
							"lerp_mode": "catmullrom"
						},
						"0.65": [0, 0, 0]
					}
				},
				"camera": {
					"rotation": {
						"0.0": [0, 0, 0],
						"0.03": {
							"pre": [-1, 0, 0],
							"post": [-1, 0, 0],
							"lerp_mode": "catmullrom"
						},
						"0.09": {
							"post": [0.5, 0, 0],
							"lerp_mode": "catmullrom"
						},
						"0.18": {
							"post": [-0.2, 0, 0],
							"lerp_mode": "catmullrom"
						},
						"0.29": {
							"post": [0.1, 0, 0],
							"lerp_mode": "catmullrom"
						},
						"0.44": [0, 0, 0]
					}
				}
			}
		},
		"shoot": {
			"animation_length": 0.06,
			"bones": {
				"slide": {
					"position": {
						"0.0": [0, 0, 0],
						"0.02": {
							"pre": [0, 0, 13],
							"post": [0, 0, 13],
							"lerp_mode": "catmullrom"
						},
						"0.06": [0, 0, 0]
					}
				}
			}
		},
		"enter_reload": {
			"loop": "hold_on_last_frame",
			"animation_length": 0.4,
			"bones": {
				"gun": {
					"rotation": {
						"0.0": [0, 0, 0],
						"0.09": {
							"pre": [-4.98107, -0.43523, -4.98107],
							"post": [-4.98107, -0.43523, -4.98107],
							"lerp_mode": "catmullrom"
						},
						"0.31": {
							"post": [-11.95244, -4.87754, -24.34942],
							"lerp_mode": "catmullrom"
						},
						"0.4": [-12.14989, -4.35549, -21.89656]
					},
					"position": {
						"0.0": [0, 0, 0],
						"0.1": {
							"pre": [-0.3, 0.4, -3],
							"post": [-0.3, 0.4, -3],
							"lerp_mode": "catmullrom"
						},
						"0.28": {
							"post": [-0.3, 1.4, -3],
							"lerp_mode": "catmullrom"
						},
						"0.38": [0.1, 1.2, -2.8]
					}
				},
				"left_arm": {
					"rotation": {
						"0.0": [0, 0, 0],
						"0.11": {
							"pre": [-8.72122, -0.03304, -10.76862],
							"post": [-8.72122, -0.03304, -10.76862],
							"lerp_mode": "catmullrom"
						},
						"0.34": {
							"post": [-11.26051, -14.03787, -41.53065],
							"lerp_mode": "catmullrom"
						}
					},
					"position": {
						"0.0": [0, 0, 0],
						"0.11": {
							"pre": [3, -10, 3],
							"post": [3, -10, 3],
							"lerp_mode": "catmullrom"
						},
						"0.34": {
							"post": [-2, -55, 40],
							"lerp_mode": "catmullrom"
						}
					},
					"scale": {
						"0.34": [1, 1, 1],
						"0.36": [0, 0, 0]
					}
				}
			}
		},
		"exit_reload": {
			"loop": "hold_on_last_frame",
			"animation_length": 0.4,
			"bones": {
				"gun": {
					"rotation": {
						"0.0": [-12.14989, -4.35549, -21.89656],
						"0.13": {
							"pre": [-10.12183, -2.08112, -14.66861],
							"post": [-10.12183, -2.08112, -14.66861],
							"lerp_mode": "catmullrom"
						},
						"0.29": {
							"post": [2.16965, 0.14661, -2.36619],
							"lerp_mode": "catmullrom"
						},
						"0.38": [0, 0, 0]
					},
					"position": {
						"0.0": [0.1, 1.2, -2.8],
						"0.13": {
							"pre": [0.1, -0.1, -0.8],
							"post": [0.1, -0.1, -0.8],
							"lerp_mode": "catmullrom"
						},
						"0.24": {
							"post": [0, 0, 0],
							"lerp_mode": "catmullrom"
						}
					}
				},
				"left_arm": {
					"rotation": {
						"0.0": [-11.26051, -14.03787, -41.53065],
						"0.18": {
							"pre": [-15.08242, -4.75281, -25.28446],
							"post": [-15.08242, -4.75281, -25.28446],
							"lerp_mode": "catmullrom"
						},
						"0.31": {
							"post": [0, 0, 0],
							"lerp_mode": "catmullrom"
						}
					},
					"position": {
						"0.0": [-2, -55, 40],
						"0.18": {
							"pre": [-2, -21, 9],
							"post": [-2, -21, 9],
							"lerp_mode": "catmullrom"
						},
						"0.39": [0, 0, 0]
					},
					"scale": {
						"0.0": [0, 0, 0],
						"0.03": [1, 1, 1]
					}
				}
			}
		},
		"enter_reload_empty": {
			"loop": "hold_on_last_frame",
			"animation_length": 0.4,
			"bones": {
				"gun": {
					"rotation": {
						"0.0": [0, 0, 0],
						"0.12": {
							"pre": [-2.5, -2.5, 0],
							"post": [-2.5, -2.5, 0],
							"lerp_mode": "catmullrom"
						},
						"0.39": {
							"post": [-10.76427, 2.21701, 24.39385],
							"lerp_mode": "catmullrom"
						}
					},
					"position": {
						"0.0": [0, 0, 0],
						"0.1": {
							"pre": [0, -0.5, 0.2],
							"post": [0, -0.5, 0.2],
							"lerp_mode": "catmullrom"
						},
						"0.34": {
							"post": [1, -2, 1.2],
							"lerp_mode": "catmullrom"
						}
					}
				},
				"right_arm": {
					"rotation": {
						"0.0": [0, 0, 0],
						"0.33": {
							"pre": [-4.92844, 7.43184, -1.0121],
							"post": [-4.92844, 7.43184, -1.0121],
							"lerp_mode": "catmullrom"
						}
					},
					"position": {
						"0.0": [0, 0, 0],
						"0.33": {
							"pre": [0, -100, 22],
							"post": [0, -100, 22],
							"lerp_mode": "catmullrom"
						}
					},
					"scale": {
						"0.33": [1, 1, 1],
						"0.36": [0, 0, 0]
					}
				}
			}
		},
		"exit_reload_empty": {
			"loop": "hold_on_last_frame",
			"animation_length": 0.4,
			"bones": {
				"gun": {
					"rotation": {
						"0.0": [-10.79648, 2.03299, 23.40697],
						"0.25": {
							"pre": [-0.26977, 1.20464, -2.0073],
							"post": [-0.26977, 1.20464, -2.0073],
							"lerp_mode": "catmullrom"
						},
						"0.4": [0, 0, 0]
					},
					"position": {
						"0.0": [1.2, -1.8, 1.2],
						"0.15": {
							"pre": [0.52, -1.33, -0.89],
							"post": [0.52, -1.33, -0.89],
							"lerp_mode": "catmullrom"
						},
						"0.29": {
							"post": [-0.1, -0.8, -0.8],
							"lerp_mode": "catmullrom"
						},
						"0.4": [0, 0, 0]
					}
				},
				"right_arm": {
					"rotation": {
						"0.0": [-4.92844, 7.43184, -1.0121],
						"0.36": {
							"pre": [0, 0, 0],
							"post": [0, 0, 0],
							"lerp_mode": "catmullrom"
						}
					},
					"position": {
						"0.0": [0, -100, 22],
						"0.39": [0, 0, 0]
					},
					"scale": {
						"0.0": [0, 0, 0],
						"0.03": [1, 1, 1]
					}
				}
			}
		},
		"reload_single": {
			"loop": true,
			"animation_length": 0.75,
			"bones": {
				"gun": {
					"rotation": {
						"0.0": [-12.14989, -4.35549, -21.89656],
						"0.16": {
							"pre": [-13.14989, -4.35549, -21.89656],
							"post": [-13.14989, -4.35549, -21.89656],
							"lerp_mode": "catmullrom"
						},
						"0.27": {
							"post": [-15.45224, -5.02584, -24.31313],
							"lerp_mode": "catmullrom"
						},
						"0.34": {
							"post": [-15.87885, -7.73231, -34.00007],
							"lerp_mode": "catmullrom"
						},
						"0.45": {
							"post": [-16.95419, -5.06798, -24.30183],
							"lerp_mode": "catmullrom"
						},
						"0.58": {
							"post": [-15.67945, -5.86448, -27.20619],
							"lerp_mode": "catmullrom"
						},
						"0.71": [-12.14989, -4.35549, -21.89656]
					},
					"position": {
						"0.0": [0.1, 1.2, -2.8],
						"0.12": {
							"pre": [-0.1, 1.2, -2.3],
							"post": [-0.1, 1.2, -2.3],
							"lerp_mode": "catmullrom"
						},
						"0.27": {
							"post": [-0.1, 1.1, -2.3],
							"lerp_mode": "catmullrom"
						},
						"0.36": {
							"post": [-0.27, 0.88, -4.28],
							"lerp_mode": "catmullrom"
						},
						"0.5": {
							"post": [-0.5, 0.6, -3.5],
							"lerp_mode": "catmullrom"
						},
						"0.74": [0.1, 1.2, -2.8]
					}
				},
				"left_arm": {
					"rotation": {
						"0.0": [-11.26051, -14.03787, -41.53065],
						"0.75": [-11.26051, -14.03787, -41.53065]
					},
					"position": {
						"0.0": [-2, -55, 40],
						"0.75": [-2, -55, 40]
					},
					"scale": {
						"0.0": [0, 0, 0],
						"0.75": [0, 0, 0]
					}
				},
				"reloading_arm": {
					"rotation": {
						"0.0": [0, 0, 0],
						"0.12": {
							"pre": [-7.5, 0, 0],
							"post": [-7.5, 0, 0],
							"lerp_mode": "catmullrom"
						},
						"0.2": {
							"post": [-17.5, 0, 0],
							"lerp_mode": "catmullrom"
						},
						"0.28": {
							"post": [-10, 0, 0],
							"lerp_mode": "catmullrom"
						},
						"0.34": {
							"post": [5, 0, 0],
							"lerp_mode": "catmullrom"
						},
						"0.42": {
							"post": [5, 0, 0],
							"lerp_mode": "catmullrom"
						},
						"0.52": {
							"post": [16.76802, 0, 0],
							"lerp_mode": "catmullrom"
						},
						"0.7": {
							"post": [0, 0, 0],
							"lerp_mode": "catmullrom"
						}
					},
					"position": {
						"0.0": [0, 0, 0],
						"0.12": {
							"pre": [0.52984, 24.97975, -1.31573],
							"post": [0.52984, 24.97975, -1.31573],
							"lerp_mode": "catmullrom"
						},
						"0.2": {
							"post": [-0.33119, 25.27233, -10.53944],
							"lerp_mode": "catmullrom"
						},
						"0.28": {
							"post": [-0.10112, 31.01578, -13.84661],
							"lerp_mode": "catmullrom"
						},
						"0.34": {
							"post": [0.51837, 43.16171, -9.33808],
							"lerp_mode": "catmullrom"
						},
						"0.42": {
							"post": [0.3, 42.6, -11.24],
							"lerp_mode": "catmullrom"
						},
						"0.52": {
							"post": [5.85107, 40.32354, -11.18238],
							"lerp_mode": "catmullrom"
						},
						"0.7": {
							"post": [0, 0, 0],
							"lerp_mode": "catmullrom"
						}
					}
				},
				"shell": {
					"scale": {
						"0.31": [1, 1, 1],
						"0.34": [0, 0, 0],
						"0.7": [0, 0, 0],
						"0.74": [1, 1, 1]
					}
				},
				"camera": {
					"rotation": {
						"0.0": [0, 0, 0],
						"0.12": {
							"pre": [1, 0, 0],
							"post": [1, 0, 0],
							"lerp_mode": "catmullrom"
						},
						"0.28": {
							"post": [1.2, 1, 0],
							"lerp_mode": "catmullrom"
						},
						"0.37": {
							"post": [1.5, 1.1, 1],
							"lerp_mode": "catmullrom"
						},
						"0.49": {
							"post": [1, 0.8, -0.5],
							"lerp_mode": "catmullrom"
						},
						"0.63": {
							"post": [0.5, 0.5, 0.2],
							"lerp_mode": "catmullrom"
						},
						"0.73": [0, 0, 0]
					}
				}
			},
			"sound_effects": {
				"0.26": {
					"effect": "m870_insert_shell"
				}
			}
		},
		"reload_single_empty": {
			"loop": true,
			"animation_length": 0.75,
			"bones": {
				"gun": {
					"rotation": {
						"0.0": [-10.79648, 2.03299, 23.40697],
						"0.12": {
							"pre": [-10.69927, 2.49928, 25.86502],
							"post": [-10.69927, 2.49928, 25.86502],
							"lerp_mode": "catmullrom"
						},
						"0.27": {
							"post": [-11.5807, 2.91817, 28.33322],
							"lerp_mode": "catmullrom"
						},
						"0.33": {
							"post": [-11.30267, 5.27045, 35.01603],
							"lerp_mode": "catmullrom"
						},
						"0.42": {
							"post": [-14.03203, 3.98513, 31.71743],
							"lerp_mode": "catmullrom"
						},
						"0.55": {
							"post": [-9.92105, 4.28529, 33.19832],
							"lerp_mode": "catmullrom"
						},
						"0.72": [-10.79648, 2.03299, 23.40697]
					},
					"position": {
						"0.0": [1.2, -1.8, 1.2],
						"0.15": {
							"pre": [1.6, -2, 1.2],
							"post": [1.6, -2, 1.2],
							"lerp_mode": "catmullrom"
						},
						"0.26": {
							"post": [1.9, -2.1, 1.4],
							"lerp_mode": "catmullrom"
						},
						"0.33": {
							"post": [2.4, -1.8, -0.6],
							"lerp_mode": "catmullrom"
						},
						"0.42": {
							"post": [2.3, -2.4, -1.3],
							"lerp_mode": "catmullrom"
						},
						"0.62": {
							"post": [1.6, -2.8, 0.3],
							"lerp_mode": "catmullrom"
						},
						"0.75": [1.2, -1.8, 1.2]
					}
				},
				"right_arm": {
					"rotation": {
						"0.0": [-4.92844, 7.43184, -1.0121],
						"0.75": [-4.92844, 7.43184, -1.0121]
					},
					"position": {
						"0.0": [0, -100, 22],
						"0.75": [0, -100, 22]
					},
					"scale": {
						"0.0": [0, 0, 0],
						"0.75": [0, 0, 0]
					}
				},
				"reloading_arm": {
					"rotation": {
						"0.0": [0, 0, 0],
						"0.14": {
							"pre": [-17.5, 0, 0],
							"post": [-17.5, 0, 0],
							"lerp_mode": "catmullrom"
						},
						"0.26": {
							"post": [-25.08759, -2.24437, 4.46912],
							"lerp_mode": "catmullrom"
						},
						"0.33": [-7.54147, -0.58323, 2.60017],
						"0.42": [-7.54, -0.58, 2.6],
						"0.56": {
							"pre": [7.11252, 7.76409, -2.92727],
							"post": [7.11252, 7.76409, -2.92727],
							"lerp_mode": "catmullrom"
						},
						"0.74": [0, 0, 0]
					},
					"position": {
						"0.0": [0, 0, 0],
						"0.15": {
							"pre": [-2.4541, 17.59881, -6.5007],
							"post": [-2.4541, 17.59881, -6.5007],
							"lerp_mode": "catmullrom"
						},
						"0.26": {
							"post": [-4.93413, 21.79128, -18.59953],
							"lerp_mode": "catmullrom"
						},
						"0.33": {
							"post": [-2.98011, 31.80875, -18.72604],
							"lerp_mode": "catmullrom"
						},
						"0.44": {
							"post": [-2.66, 34.42, -18.89],
							"lerp_mode": "catmullrom"
						},
						"0.57": {
							"post": [-2.33394, 33.89558, -16.74089],
							"lerp_mode": "catmullrom"
						},
						"0.74": [0, 0, 0]
					}
				},
				"shell": {
					"scale": {
						"0.31": [1, 1, 1],
						"0.35": [0, 0, 0],
						"0.71": [0, 0, 0],
						"0.74": [1, 1, 1]
					}
				},
				"camera": {
					"rotation": {
						"0.0": [0, 0, 0],
						"0.22": {
							"pre": [0.5, 1, 0],
							"post": [0.5, 1, 0],
							"lerp_mode": "catmullrom"
						},
						"0.31": {
							"post": [1, 1.2, -1],
							"lerp_mode": "catmullrom"
						},
						"0.41": {
							"post": [0.6, 0.8, 0.5],
							"lerp_mode": "catmullrom"
						},
						"0.53": {
							"post": [-0.2, 0.4, -0.3],
							"lerp_mode": "catmullrom"
						},
						"0.73": [0, 0, 0]
					}
				}
			},
			"sound_effects": {
				"0.25": {
					"effect": "m870_insert_shell"
				}
			}
		},
		"reload_chamber": {
			"animation_length": 1,
			"bones": {
				"gun": {
					"rotation": {
						"0.0": [-10.79648, 2.03299, 23.40697],
						"0.17": {
							"pre": [-12.75676, 4.2925, 33.16389],
							"post": [-12.75676, 4.2925, 33.16389],
							"lerp_mode": "catmullrom"
						},
						"0.27": {
							"post": [-12.82806, 4.07107, 32.18611],
							"lerp_mode": "catmullrom"
						},
						"0.38": {
							"post": [-12.89555, 3.84847, 31.20886],
							"lerp_mode": "catmullrom"
						},
						"0.46": {
							"post": [-14.38053, 0.90722, 19.56355],
							"lerp_mode": "catmullrom"
						},
						"0.58": {
							"post": [-13.00574, 2.39579, 29.50649],
							"lerp_mode": "catmullrom"
						},
						"0.67": {
							"post": [-13.09563, 1.83118, 27.06941],
							"lerp_mode": "catmullrom"
						},
						"0.76": {
							"post": [-13.18094, 1.03538, 23.65999],
							"lerp_mode": "catmullrom"
						},
						"0.91": {
							"post": [-10.82973, 1.84538, 22.42416],
							"lerp_mode": "catmullrom"
						},
						"0.98": [-10.79648, 2.03299, 23.40697]
					},
					"position": {
						"0.0": [1.2, -1.8, 1.2],
						"0.16": {
							"pre": [1.7, -2.8, 2.2],
							"post": [1.7, -2.8, 2.2],
							"lerp_mode": "catmullrom"
						},
						"0.31": {
							"post": [1.7, -3, 2.2],
							"lerp_mode": "catmullrom"
						},
						"0.46": {
							"post": [1.7, -5.5, 4.5],
							"lerp_mode": "catmullrom"
						},
						"0.58": {
							"post": [1.7, -3.9, 2],
							"lerp_mode": "catmullrom"
						},
						"0.65": {
							"post": [1.7, -3.9, 1.5],
							"lerp_mode": "catmullrom"
						},
						"0.75": {
							"post": [1.7, -3.6, 1.5],
							"lerp_mode": "catmullrom"
						},
						"0.92": {
							"post": [1.2, -1.8, 1.2],
							"lerp_mode": "catmullrom"
						}
					}
				},
				"slide": {
					"position": {
						"0.35": [0, 0, 0],
						"0.45": {
							"pre": [0, 0, 13],
							"post": [0, 0, 13],
							"lerp_mode": "catmullrom"
						},
						"0.57": {
							"post": [0, 0, 12],
							"lerp_mode": "catmullrom"
						},
						"0.69": {
							"post": [0, 0, 0],
							"lerp_mode": "catmullrom"
						}
					}
				},
				"right_arm": {
					"rotation": {
						"0.0": [-4.92844, 7.43184, -1.0121],
						"0.75": [-4.92844, 7.43184, -1.0121]
					},
					"position": {
						"0.0": [0, -100, 22],
						"0.75": [0, -100, 22]
					},
					"scale": {
						"0.0": [0, 0, 0],
						"0.75": [0, 0, 0]
					}
				},
				"reloading_arm": {
					"rotation": {
						"0.0": [0, 0, 0],
						"0.19": {
							"pre": [0, 0, 0],
							"post": [0, 0, 0],
							"lerp_mode": "catmullrom"
						},
						"0.35": {
							"post": [-7.81411, -5.64293, 6.36699],
							"lerp_mode": "catmullrom"
						},
						"0.45": {
							"post": [-8.81767, -3.23971, 15.07321],
							"lerp_mode": "catmullrom"
						},
						"0.52": {
							"post": [8.03153, -17.68593, 8.03711],
							"lerp_mode": "catmullrom"
						},
						"0.59": {
							"post": [14.95178, -23.30135, 2.09604],
							"lerp_mode": "catmullrom"
						},
						"0.66": {
							"post": [12.30776, -19.87187, 9.27133],
							"lerp_mode": "catmullrom"
						},
						"0.77": {
							"post": [23.8903, -9.12402, 2.45695],
							"lerp_mode": "catmullrom"
						},
						"0.99": [0, 0, 0]
					},
					"position": {
						"0.0": [0, 0, 0],
						"0.23": [-9.81343, 44.46959, -15.08781],
						"0.35": [-15.38692, 42.65107, -18.72926],
						"0.45": {
							"pre": [-21.24812, 44.87746, -5.02935],
							"post": [-21.24812, 44.87746, -5.02935],
							"lerp_mode": "catmullrom"
						},
						"0.52": {
							"post": [-23.42835, 51.66156, 1.04825],
							"lerp_mode": "catmullrom"
						},
						"0.59": {
							"post": [-21.90696, 53.70092, -4.75212],
							"lerp_mode": "catmullrom"
						},
						"0.66": {
							"post": [-22.55594, 53.80911, -9.07843],
							"lerp_mode": "catmullrom"
						},
						"0.77": {
							"post": [-19.19891, 55.16762, -11.12341],
							"lerp_mode": "catmullrom"
						},
						"0.99": [0, 0, 0]
					}
				},
				"shell": {
					"rotation": {
						"0.52": [0, 0, 0],
						"0.59": [0, -12.5, 0],
						"0.66": {
							"pre": [-2, -50, 0],
							"post": [-2, -50, 0],
							"lerp_mode": "catmullrom"
						},
						"0.95": [0, -50, 0],
						"0.98": [0, 0, 0]
					},
					"position": {
						"0.0": [0, 0, 0],
						"0.03": [1.8, -0.7, -0.7],
						"0.59": {
							"pre": [1.8, -0.7, -0.7],
							"post": [1.8, -0.7, -0.7],
							"lerp_mode": "catmullrom"
						},
						"0.66": {
							"post": [1.8, -7.04683, 4.17009],
							"lerp_mode": "catmullrom"
						},
						"0.71": {
							"post": [-0.06535, -10.22341, 5.73522],
							"lerp_mode": "catmullrom"
						},
						"0.95": [-0.07, -10.22, 5.74],
						"0.98": [0, 0, 0]
					},
					"scale": {
						"0.65": [1, 1, 1],
						"0.68": [0, 0, 0],
						"0.95": [0, 0, 0],
						"0.98": [1, 1, 1]
					}
				},
				"camera": {
					"rotation": {
						"0.0": [0, 0, 0],
						"0.22": {
							"pre": [1, 1, 0.2],
							"post": [1, 1, 0.2],
							"lerp_mode": "catmullrom"
						},
						"0.37": {
							"post": [1.2, 1, -0.1],
							"lerp_mode": "catmullrom"
						},
						"0.46": {
							"post": [-0.5, 1, 1],
							"lerp_mode": "catmullrom"
						},
						"0.56": {
							"post": [0.5, 1.2, -0.5],
							"lerp_mode": "catmullrom"
						},
						"0.67": {
							"post": [-0.5, 0.8, 0.3],
							"lerp_mode": "catmullrom"
						},
						"0.8": {
							"post": [0.3, 0.5, -0.2],
							"lerp_mode": "catmullrom"
						},
						"0.99": [0, 0, 0]
					}
				}
			},
			"sound_effects": {
				"0.22": {
					"effect": "mg_charge_back"
				},
				"0.41": {
					"effect": "xm1014_insert_shell"
				}
			}
		}
	}
}