{"format_version":"1.12.0","minecraft:geometry":[{"description":{"identifier":"geometry.unknown","texture_width":128,"texture_height":128,"visible_bounds_width":7,"visible_bounds_height":5,"visible_bounds_offset":[0,-1.5,0]},"bones":[{"name":"root","pivot":[0,0,0]},{"name":"body","parent":"root","pivot":[0,0,0],"cubes":[{"origin":[-2.9,0.1,-1],"size":[1,1,9.1],"uv":{"north":{"uv":[9,47],"uv_size":[1,1]},"east":{"uv":[58,42],"uv_size":[9,1]},"south":{"uv":[27,53],"uv_size":[1,1]},"up":{"uv":[9,36],"uv_size":[1,9]}}},{"origin":[1.9,0.1,-1],"size":[1,1,9.1],"uv":{"north":{"uv":[30,54],"uv_size":[1,1]},"south":{"uv":[48,61],"uv_size":[1,1]},"west":{"uv":[58,45],"uv_size":[9,1]},"up":{"uv":[20,58],"uv_size":[1,9]}}},{"origin":[-1.90689,-4.60711,-1],"size":[3.8,4,6],"uv":{"north":{"uv":[45,57],"uv_size":[4,4]},"east":{"uv":[21,48],"uv_size":[6,4]},"west":{"uv":[49,0],"uv_size":[6,4]}}},{"origin":[-1.70689,-7.13211,-13.1],"size":[3.4,7,2.5],"uv":{"north":{"uv":[49,28],"uv_size":[3,7]},"east":{"uv":[49,35],"uv_size":[3,7]},"south":{"uv":[49,42],"uv_size":[3,7]},"west":{"uv":[49,49],"uv_size":[3,7]},"up":{"uv":[55,58],"uv_size":[3,3]},"down":{"uv":[58,58],"uv_size":[3,-3]}}},{"origin":[-1.90689,-4.60711,4],"size":[3.8,4.5,1],"pivot":[1.89311,-4.60711,5],"rotation":[-12.5,0,0],"uv":{"east":{"uv":[27,48],"uv_size":[1,5]},"south":{"uv":[53,23],"uv_size":[4,5]},"west":{"uv":[41,67],"uv_size":[1,5]}}},{"origin":[-1.30689,-0.93211,-10.6],"size":[2.6,0.8,9.6],"uv":{"east":{"uv":[58,40],"uv_size":[10,1]},"west":{"uv":[58,41],"uv_size":[10,1]},"up":{"uv":[43,0],"uv_size":[3,10]},"down":{"uv":[43,20],"uv_size":[3,-10]}}},{"origin":[-1.30689,-6.83211,-10],"size":[2.6,0.8,6.6],"uv":{"east":{"uv":[30,67],"uv_size":[7,1]},"west":{"uv":[67,42],"uv_size":[7,1]},"up":{"uv":[43,50],"uv_size":[3,7]},"down":{"uv":[46,57],"uv_size":[3,-7]}}},{"origin":[-1.30689,-6.83211,-3.4],"size":[2.6,0.8,3.2],"pivot":[1.29311,-6.83211,-3.4],"rotation":[30,0,0],"uv":{"east":{"uv":[67,62],"uv_size":[3,1]},"west":{"uv":[67,64],"uv_size":[3,1]},"up":{"uv":[58,58],"uv_size":[3,3]},"down":{"uv":[59,7],"uv_size":[3,-3]}}},{"origin":[-1.30689,-5.23211,-0.62872],"size":[2.6,0.8,4.3],"pivot":[1.29311,-5.23211,-0.62872],"rotation":[90,0,0],"uv":{"east":{"uv":[67,45],"uv_size":[4,1]},"west":{"uv":[67,53],"uv_size":[4,1]},"up":{"uv":[13,58],"uv_size":[3,4]}}},{"origin":[-1.30689,-6.83211,-10.6],"size":[2.6,5.9,0.6],"uv":{"east":{"uv":[28,30],"uv_size":[1,6]},"south":{"uv":[3,54],"uv_size":[3,6]},"west":{"uv":[29,30],"uv_size":[1,6]},"down":{"uv":[68,8],"uv_size":[3,-1]}}},{"origin":[-0.3,-3.83211,-5.1],"size":[0.6,0.9,4],"uv":{"east":{"uv":[54,67],"uv_size":[4,1]},"west":{"uv":[67,54],"uv_size":[4,1]},"up":{"uv":[45,67],"uv_size":[1,4]},"down":{"uv":[46,71],"uv_size":[1,-4]}}},{"origin":[1.9,-4.33211,-13.1],"size":[0.4,0.4,2],"pivot":[2.3,-3.93211,-13.1],"rotation":[0,0,45],"uv":{"east":{"uv":[59,53],"uv_size":[2,1]},"south":{"uv":[61,68],"uv_size":[1,1]},"west":{"uv":[59,54],"uv_size":[2,1]},"up":{"uv":[9,45],"uv_size":[1,2]},"down":{"uv":[42,57],"uv_size":[1,-2]}}},{"origin":[1.8,-4.63211,-11.2],"size":[0.4,1.4,1],"pivot":[2.2,-4.23211,-11.2],"rotation":[0,12.5,0],"uv":{"north":{"uv":[62,68],"uv_size":[1,1]},"east":{"uv":[63,68],"uv_size":[1,1]},"south":{"uv":[64,68],"uv_size":[1,1]},"west":{"uv":[65,68],"uv_size":[1,1]},"up":{"uv":[66,68],"uv_size":[1,1]},"down":{"uv":[67,69],"uv_size":[1,-1]}}},{"origin":[1.6,-3.03211,-12.3],"size":[0.4,1.4,1],"uv":{"north":{"uv":[68,68],"uv_size":[1,1]},"south":{"uv":[1,69],"uv_size":[1,1]},"west":{"uv":[2,69],"uv_size":[1,1]},"up":{"uv":[3,69],"uv_size":[1,1]},"down":{"uv":[4,70],"uv_size":[1,-1]}}},{"origin":[-0.5,-4.33211,-6.1],"size":[1,2,1],"uv":{"north":{"uv":[56,16],"uv_size":[1,2]},"east":{"uv":[8,60],"uv_size":[1,2]},"south":{"uv":[54,62],"uv_size":[1,2]},"west":{"uv":[58,67],"uv_size":[1,2]}}},{"origin":[-0.5,-2.33211,-6.1],"size":[1,2,1],"pivot":[0.5,-2.33211,-5.1],"rotation":[22.5,0,0],"uv":{"north":{"uv":[59,67],"uv_size":[1,2]},"east":{"uv":[36,68],"uv_size":[1,2]},"south":{"uv":[68,51],"uv_size":[1,2]},"west":{"uv":[53,68],"uv_size":[1,2]}}},{"origin":[-0.5,-6.33211,-6.1],"size":[1,2,1],"pivot":[0.5,-4.33211,-5.1],"rotation":[-22.5,0,0],"uv":{"north":{"uv":[54,68],"uv_size":[1,2]},"east":{"uv":[55,68],"uv_size":[1,2]},"south":{"uv":[56,68],"uv_size":[1,2]},"west":{"uv":[57,68],"uv_size":[1,2]},"down":{"uv":[10,70],"uv_size":[1,-1]}}},{"origin":[0.63226,-2.22162,-13.9915],"size":[2.888,6.98212,0.95],"pivot":[3.52026,-2.22162,-13.9915],"rotation":[0,0,-90],"uv":{"north":{"uv":[21,52],"uv_size":[3,7]},"south":{"uv":[24,52],"uv_size":[3,7]},"west":{"uv":[18,62],"uv_size":[1,7]},"up":{"uv":[8,68],"uv_size":[3,1]},"down":{"uv":[68,9],"uv_size":[3,-1]}}},{"origin":[0.62937,-5.1166,-13.9915],"size":[2.888,6.98212,0.95],"pivot":[3.51737,-5.1166,-13.9915],"rotation":[0,0,-45],"uv":{"north":{"uv":[52,28],"uv_size":[3,7]},"south":{"uv":[52,35],"uv_size":[3,7]},"up":{"uv":[68,9],"uv_size":[3,1]},"down":{"uv":[68,11],"uv_size":[3,-1]}}},{"origin":[-4.30773,-7.15174,-13.9915],"size":[2.888,6.98212,0.95],"pivot":[-1.41973,-7.15174,-13.9915],"rotation":[0,0,45],"uv":{"north":{"uv":[52,42],"uv_size":[3,7]},"south":{"uv":[52,49],"uv_size":[3,7]},"up":{"uv":[11,68],"uv_size":[3,1]},"down":{"uv":[68,12],"uv_size":[3,-1]}}},{"origin":[-1.41973,-7.16162,-13.9915],"size":[2.888,6.98212,0.95],"uv":{"north":{"uv":[53,4],"uv_size":[3,7]},"south":{"uv":[53,11],"uv_size":[3,7]},"up":{"uv":[68,12],"uv_size":[3,1]},"down":{"uv":[68,14],"uv_size":[3,-1]}}},{"origin":[-1.95516,-1.00579,-32.4],"size":[3.04,0.608,18.43],"pivot":[1.08484,-0.39779,-32.4],"rotation":[0,0,-135],"uv":{"north":{"uv":[14,68],"uv_size":[3,1]},"south":{"uv":[68,14],"uv_size":[3,1]},"up":{"uv":[30,0],"uv_size":[3,18]},"down":{"uv":[10,48],"uv_size":[3,-18]}}},{"origin":[0.01637,-2.72548,-32.4],"size":[3.04,0.608,18.43],"pivot":[3.05637,-2.11748,-32.4],"rotation":[0,0,-90],"uv":{"north":{"uv":[68,15],"uv_size":[3,1]},"south":{"uv":[21,68],"uv_size":[3,1]},"up":{"uv":[13,30],"uv_size":[3,18]},"down":{"uv":[16,48],"uv_size":[3,-18]}}},{"origin":[-1.52524,-7.30708,-32.4],"size":[3.04,0.608,18.43],"uv":{"north":{"uv":[24,68],"uv_size":[3,1]},"south":{"uv":[30,68],"uv_size":[3,1]},"up":{"uv":[30,18],"uv_size":[3,18]},"down":{"uv":[19,48],"uv_size":[3,-18]}}},{"origin":[-6.71484,-5.76548,-32.4],"size":[3.04,0.608,18.43],"pivot":[-3.67484,-5.15748,-32.4],"rotation":[0,0,-135],"uv":{"north":{"uv":[33,68],"uv_size":[3,1]},"south":{"uv":[68,40],"uv_size":[3,1]},"up":{"uv":[22,30],"uv_size":[3,18]},"down":{"uv":[25,48],"uv_size":[3,-18]}}},{"origin":[0.19444,-5.33555,-32.4],"size":[3.04,0.608,18.43],"pivot":[3.23444,-4.72756,-32.4],"rotation":[0,0,-45],"uv":{"north":{"uv":[68,41],"uv_size":[3,1]},"south":{"uv":[68,46],"uv_size":[3,1]},"up":{"uv":[33,0],"uv_size":[3,18]},"down":{"uv":[33,36],"uv_size":[3,-18]}}},{"origin":[-6.71484,-2.72548,-32.4],"size":[3.04,0.608,18.43],"pivot":[-3.67484,-2.11748,-32.4],"rotation":[0,0,-90],"uv":{"north":{"uv":[47,68],"uv_size":[3,1]},"south":{"uv":[68,47],"uv_size":[3,1]},"up":{"uv":[0,36],"uv_size":[3,18]},"down":{"uv":[36,18],"uv_size":[3,-18]}}},{"origin":[-4.56524,-0.57587,-32.4],"size":[3.04,0.608,18.43],"pivot":[-1.52524,0.03213,-32.4],"rotation":[0,0,-45],"uv":{"north":{"uv":[68,48],"uv_size":[3,1]},"south":{"uv":[68,49],"uv_size":[3,1]},"up":{"uv":[3,36],"uv_size":[3,18]},"down":{"uv":[6,54],"uv_size":[3,-18]}}},{"origin":[-1.52524,-0.57587,-32.4],"size":[3.04,0.608,18.43],"uv":{"north":{"uv":[50,68],"uv_size":[3,1]},"south":{"uv":[68,50],"uv_size":[3,1]},"up":{"uv":[36,18],"uv_size":[3,18]},"down":{"uv":[28,54],"uv_size":[3,-18]}}},{"origin":[-1.9169,-13.60711,-1],"size":[3.82,9,6],"pivot":[-1.90689,-4.60711,-1],"rotation":[22.5,0,0],"uv":{"north":{"uv":[39,0],"uv_size":[4,9]},"east":{"uv":[31,36],"uv_size":[6,9]},"south":{"uv":[39,9],"uv_size":[4,9]},"west":{"uv":[37,36],"uv_size":[6,9]},"down":{"uv":[49,28],"uv_size":[4,-6]}}},{"origin":[-2.19289,-0.60711,-1],"size":[4.386,0.707,9.1],"uv":{"north":{"uv":[67,55],"uv_size":[4,1]},"south":{"uv":[67,56],"uv_size":[4,1]},"up":{"uv":[39,18],"uv_size":[4,9]},"down":{"uv":[39,36],"uv_size":[4,-9]}}},{"origin":[1.29289,-0.60711,-1],"size":[0.9,1,9.1],"pivot":[2.19289,-0.60711,-1],"rotation":[0,0,45],"uv":{"north":{"uv":[11,69],"uv_size":[1,1]},"east":{"uv":[59,9],"uv_size":[9,1]},"south":{"uv":[12,69],"uv_size":[1,1]},"west":{"uv":[59,10],"uv_size":[9,1]}}},{"origin":[-3.19289,-0.60711,-1],"size":[1,0.9,9.1],"pivot":[-2.19289,-0.60711,-1],"rotation":[0,0,45],"uv":{"north":{"uv":[13,69],"uv_size":[1,1]},"south":{"uv":[14,69],"uv_size":[1,1]},"up":{"uv":[23,59],"uv_size":[1,9]},"down":{"uv":[24,68],"uv_size":[1,-9]}}},{"origin":[3.40887,0.33318,4.77418],"size":[1.43442,0.59411,0.672],"pivot":[4.42319,1.59359,3.94258],"rotation":[0,-90,0],"uv":{"north":{"uv":[15,69],"uv_size":[1,1]},"east":{"uv":[16,69],"uv_size":[1,1]},"west":{"uv":[17,69],"uv_size":[1,1]}}},{"origin":[2.98877,-0.26093,5.19428],"size":[1.43442,0.59411,0.672],"pivot":[4.42319,0.33318,4.36268],"rotation":[-90,-45,90],"uv":{"north":{"uv":[69,18],"uv_size":[1,1]},"east":{"uv":[69,19],"uv_size":[1,1]},"south":{"uv":[69,20],"uv_size":[1,1]},"west":{"uv":[21,69],"uv_size":[1,1]}}},{"origin":[4.12614,-0.01492,4.30303],"size":[0.59411,1.43442,0.672],"pivot":[4.12614,1.1733,3.76849],"rotation":[-90,-45,90],"uv":{"north":{"uv":[69,22],"uv_size":[1,1]},"south":{"uv":[69,23],"uv_size":[1,1]},"up":{"uv":[69,24],"uv_size":[1,1]},"down":{"uv":[25,70],"uv_size":[1,-1]}}},{"origin":[4.12614,-0.08703,3.88301],"size":[0.59411,1.43442,0.672],"pivot":[4.12614,1.10119,3.34847],"rotation":[0,-90,0],"uv":{"north":{"uv":[69,25],"uv_size":[1,1]},"south":{"uv":[69,26],"uv_size":[1,1]},"up":{"uv":[69,27],"uv_size":[1,1]},"down":{"uv":[28,70],"uv_size":[1,-1]}}},{"origin":[1.11627,0.89,-1],"size":[0.42,0.735,9.1],"pivot":[1.53627,0.89,7.316],"rotation":[0,0,150],"uv":{"north":{"uv":[29,69],"uv_size":[1,1]},"south":{"uv":[30,69],"uv_size":[1,1]},"west":{"uv":[59,14],"uv_size":[9,1]},"down":{"uv":[26,68],"uv_size":[1,-9]}}},{"origin":[-2.32,1.1,-1],"size":[0.42,0.735,9.1],"pivot":[-1.9,1.1,7.316],"rotation":[0,0,-150],"uv":{"north":{"uv":[31,69],"uv_size":[1,1]},"east":{"uv":[59,15],"uv_size":[9,1]},"south":{"uv":[32,69],"uv_size":[1,1]},"down":{"uv":[1,69],"uv_size":[1,-9]}}}]},{"name":"left_arm_long","parent":"root","pivot":[13.96895,-17.1471,43.51852],"rotation":[-103.53738,16.50552,5.63475],"cubes":[{"origin":[9.51895,-71.1471,37.51852],"size":[9,54,12],"uv":{"north":{"uv":[38,0],"uv_size":[6,38]},"east":{"uv":[16,0],"uv_size":[8,38]},"south":{"uv":[6,38],"uv_size":[6,38]},"west":{"uv":[24,0],"uv_size":[8,38]},"up":{"uv":[64,0],"uv_size":[6,8]},"down":{"uv":[64,16],"uv_size":[6,-8]}}}]},{"name":"left_arm","parent":"root","pivot":[10.21449,-15.76175,26.09228],"rotation":[-105.34337,20.03138,6.08356]},{"name":"grenade","parent":"root","pivot":[0,-3.63865,-27.86191],"cubes":[{"origin":[0.51323,-4.89896,-26.0826],"size":[2.51256,6.07444,10],"pivot":[3.02579,-4.89896,-26.0826],"rotation":[0,0,-45],"uv":{"north":{"uv":[30,55],"uv_size":[3,6]}}},{"origin":[-1.26342,-4.89679,-27.86191],"size":[2.51256,2.51632,2.5163],"pivot":[1.24914,-4.89679,-27.86191],"rotation":[-45,0,0],"uv":{"east":{"uv":[59,50],"uv_size":[3,3]},"west":{"uv":[5,60],"uv_size":[3,3]},"down":{"uv":[60,22],"uv_size":[3,-3]}}},{"origin":[-1.26342,-2.38047,-27.86191],"size":[2.51256,2.51632,2.5163],"pivot":[1.24914,-2.38047,-27.86191],"rotation":[-45,0,0],"uv":{"north":{"uv":[60,22],"uv_size":[3,3]},"east":{"uv":[60,25],"uv_size":[3,3]},"west":{"uv":[30,61],"uv_size":[3,3]}}},{"origin":[-1.26342,-4.89679,-27.86191],"size":[2.51256,2.51632,2.5163],"uv":{"north":{"uv":[39,61],"uv_size":[3,3]}}},{"origin":[-3.77598,-4.89679,-27.86191],"size":[2.51256,2.51632,2.5163],"pivot":[-1.26342,-4.89679,-27.86191],"rotation":[0,45,0],"uv":{"north":{"uv":[61,59],"uv_size":[3,3]},"up":{"uv":[14,62],"uv_size":[3,3]},"down":{"uv":[62,50],"uv_size":[3,-3]}}},{"origin":[-1.26342,-4.89679,-27.86191],"size":[2.51256,2.51632,2.5163],"pivot":[1.24914,-4.89679,-27.86191],"rotation":[0,45,0],"uv":{"west":{"uv":[61,62],"uv_size":[3,3]},"up":{"uv":[2,63],"uv_size":[3,3]},"down":{"uv":[5,66],"uv_size":[3,-3]}}},{"origin":[-3.78457,-6.67561,-26.0826],"size":[2.51256,6.07444,10],"pivot":[-1.27201,-6.67561,-26.0826],"rotation":[0,0,45],"uv":{"north":{"uv":[55,40],"uv_size":[3,6]}}}]},{"name":"grenade_reloading","parent":"root","pivot":[0,-58.63865,-28.06191],"cubes":[{"origin":[0.51323,-57.3864,-26.2826],"size":[2.51256,6.07444,10],"pivot":[3.02579,-57.3864,-26.2826],"rotation":[0,0,-90],"uv":{"south":{"uv":[56,4],"uv_size":[3,6]},"up":{"uv":[46,10],"uv_size":[3,10]},"down":{"uv":[46,30],"uv_size":[3,-10]}}},{"origin":[0.51323,-59.89896,-26.2826],"size":[2.51256,6.07444,10],"pivot":[3.02579,-59.89896,-26.2826],"rotation":[0,0,-45],"uv":{"north":{"uv":[56,10],"uv_size":[3,6]},"south":{"uv":[49,56],"uv_size":[3,6]},"up":{"uv":[46,30],"uv_size":[3,10]},"down":{"uv":[46,50],"uv_size":[3,-10]}}},{"origin":[-1.26342,-61.67561,-26.2826],"size":[2.51256,6.07444,10],"uv":{"south":{"uv":[57,16],"uv_size":[3,6]},"up":{"uv":[9,48],"uv_size":[3,10]},"down":{"uv":[12,58],"uv_size":[3,-10]}}},{"origin":[-1.26342,-59.89679,-28.06191],"size":[2.51256,2.51632,2.5163],"pivot":[1.24914,-59.89679,-28.06191],"rotation":[-45,0,0],"uv":{"east":{"uv":[63,19],"uv_size":[3,3]},"west":{"uv":[63,25],"uv_size":[3,3]},"down":{"uv":[42,66],"uv_size":[3,-3]}}},{"origin":[-1.26342,-57.38047,-28.06191],"size":[2.51256,2.51632,2.5163],"pivot":[1.24914,-57.38047,-28.06191],"rotation":[-45,0,0],"uv":{"north":{"uv":[30,64],"uv_size":[3,3]},"east":{"uv":[33,64],"uv_size":[3,3]},"west":{"uv":[39,64],"uv_size":[3,3]}}},{"origin":[-1.26342,-59.89679,-28.06191],"size":[2.51256,2.51632,2.5163],"uv":{"north":{"uv":[54,64],"uv_size":[3,3]}}},{"origin":[-1.26342,-59.89679,-16.46191],"size":[2.51256,2.51632,2.5163],"pivot":[0,-58.6387,-16.46191],"rotation":[0,0,45],"uv":{"east":{"uv":[11,65],"uv_size":[3,3]},"south":{"uv":[14,65],"uv_size":[3,3]},"west":{"uv":[65,47],"uv_size":[3,3]},"up":{"uv":[48,65],"uv_size":[3,3]},"down":{"uv":[65,53],"uv_size":[3,-3]}}},{"origin":[-3.77598,-59.89679,-28.06191],"size":[2.51256,2.51632,2.5163],"pivot":[-1.26342,-59.89679,-28.06191],"rotation":[0,45,0],"uv":{"north":{"uv":[51,65],"uv_size":[3,3]},"up":{"uv":[5,66],"uv_size":[3,3]},"down":{"uv":[66,19],"uv_size":[3,-3]}}},{"origin":[-1.26342,-59.89679,-28.06191],"size":[2.51256,2.51632,2.5163],"pivot":[1.24914,-59.89679,-28.06191],"rotation":[0,45,0],"uv":{"west":{"uv":[27,66],"uv_size":[3,3]},"up":{"uv":[42,66],"uv_size":[3,3]},"down":{"uv":[66,68],"uv_size":[3,-3]}}},{"origin":[-3.78457,-61.67561,-26.2826],"size":[2.51256,6.07444,10],"pivot":[-1.27201,-61.67561,-26.2826],"rotation":[0,0,45],"uv":{"north":{"uv":[57,22],"uv_size":[3,6]},"south":{"uv":[42,57],"uv_size":[3,6]},"up":{"uv":[15,48],"uv_size":[3,10]},"down":{"uv":[18,58],"uv_size":[3,-10]}}}]},{"name":"muzzle","parent":"root","pivot":[0,-3.6375,-32.4]}]}]}