{"format_version":"1.12.0","minecraft:geometry":[{"description":{"identifier":"geometry.unknown","texture_width":64,"texture_height":64,"visible_bounds_width":4,"visible_bounds_height":2,"visible_bounds_offset":[0,0,0]},"bones":[{"name":"root","pivot":[0,0,0],"cubes":[{"origin":[-1.1185,-18.19895,12.93525],"size":[2.23699,2.1,3.465],"pivot":[-1.1185,-13.72496,14.05375],"rotation":[-5,0,0],"uv":{"north":{"uv":[40,46],"uv_size":[2,2]},"east":{"uv":[31,11],"uv_size":[3,2]},"west":{"uv":[44,16],"uv_size":[3,2]},"up":{"uv":[44,25],"uv_size":[2,3]}}},{"origin":[-1.1185,-18.47349,16.07327],"size":[2.23699,21.15099,2.415],"pivot":[-1.1185,-13.99951,17.19176],"rotation":[-5,0,0],"uv":{"south":{"uv":[2,39],"uv_size":[2,20]},"up":{"uv":[47,22],"uv_size":[2,2]}}},{"origin":[0.463,-17.92847,12.95892],"size":[2.23699,1.20099,5.565],"pivot":[0.463,-13.45448,14.07741],"rotation":[-3.54,3.5333,44.8908],"uv":{"north":{"uv":[47,24],"uv_size":[2,1]},"east":{"uv":[46,35],"uv_size":[5,1]},"south":{"uv":[47,43],"uv_size":[2,1]},"up":{"uv":[42,25],"uv_size":[2,5]},"down":{"uv":[42,39],"uv_size":[2,-5]}}},{"origin":[0.463,1.68706,17.46963],"size":[2.23699,1.20099,2.415],"pivot":[0.463,1.96104,18.58813],"rotation":[-3.54,3.5333,44.8908],"uv":{"south":{"uv":[47,46],"uv_size":[2,1]},"up":{"uv":[47,30],"uv_size":[2,2]}}},{"origin":[-2.7007,-16.80085,16.23911],"size":[5.40099,17.98699,2.415],"pivot":[1.1185,-12.05506,16.23911],"rotation":[-5,0,0],"uv":{"north":{"uv":[10,22],"uv_size":[5,17]},"east":{"uv":[10,39],"uv_size":[2,17]},"south":{"uv":[15,22],"uv_size":[5,17]},"west":{"uv":[12,39],"uv_size":[2,17]}}},{"origin":[1.4993,-18.74524,12.68747],"size":[1.20099,2.23699,5.565],"pivot":[2.70029,-16.50825,12.68747],"rotation":[-3.54,3.5333,44.8908],"uv":{"north":{"uv":[34,11],"uv_size":[1,2]},"east":{"uv":[42,41],"uv_size":[5,2]},"south":{"uv":[48,25],"uv_size":[1,2]},"west":{"uv":[42,43],"uv_size":[5,2]},"up":{"uv":[35,46],"uv_size":[1,5]}}},{"origin":[-2.7007,-3.32972,17.19819],"size":[1.20099,2.23699,2.415],"pivot":[2.70029,-1.09273,17.19819],"rotation":[-3.54,3.5333,44.8908],"uv":{"east":{"uv":[47,39],"uv_size":[2,2]},"south":{"uv":[40,48],"uv_size":[1,2]}}},{"origin":[-0.44266,-6.52771,-4.75275],"size":[0.91077,1.96077,21],"pivot":[-2.91614,-6.52771,-4.75275],"rotation":[-28.4835,-25.4967,-38.4268],"uv":{"east":{"uv":[38,7],"uv_size":[20,2]},"west":{"uv":[38,9],"uv_size":[20,2]},"up":{"uv":[18,39],"uv_size":[1,20]}}},{"origin":[1.24758,-3.24161,-2.23124],"size":[0.91077,1.96077,21],"pivot":[-1.2259,-3.24161,-2.23124],"rotation":[-28.4835,25.4967,38.4268],"uv":{"east":{"uv":[38,11],"uv_size":[20,2]},"west":{"uv":[38,13],"uv_size":[20,2]},"up":{"uv":[39,25],"uv_size":[1,20]}}},{"origin":[-1.16713,-7.03233,-0.448],"size":[2.33425,1.05,21],"pivot":[-1.16713,-1.31383,0.71913],"rotation":[-37.5,0,0],"uv":{"up":{"uv":[6,39],"uv_size":[2,20]},"down":{"uv":[8,59],"uv_size":[2,-20]}}},{"origin":[-0.44266,-7.17789,-8.70177],"size":[0.91077,1.96077,6.3],"pivot":[-2.91614,-7.17789,-8.70177],"rotation":[0,0,-45],"uv":{"north":{"uv":[49,22],"uv_size":[1,2]},"east":{"uv":[25,11],"uv_size":[6,2]},"south":{"uv":[49,24],"uv_size":[1,2]},"west":{"uv":[38,16],"uv_size":[6,2]},"up":{"uv":[39,45],"uv_size":[1,6]}}},{"origin":[1.24758,-3.03584,-8.70177],"size":[0.91077,1.96077,6.3],"pivot":[-1.2259,-3.03584,-8.70177],"rotation":[0,0,45],"uv":{"north":{"uv":[49,28],"uv_size":[1,2]},"east":{"uv":[38,18],"uv_size":[6,2]},"south":{"uv":[49,30],"uv_size":[1,2]},"west":{"uv":[40,32],"uv_size":[6,2]},"up":{"uv":[43,45],"uv_size":[1,6]}}},{"origin":[-1.16713,-5.42887,-8.70177],"size":[2.33425,1.05,6.3],"uv":{"north":{"uv":[48,34],"uv_size":[2,1]},"south":{"uv":[49,26],"uv_size":[2,1]},"down":{"uv":[40,46],"uv_size":[2,-6]}}},{"origin":[-1.16713,-16.97887,14.39823],"size":[2.33425,14.56077,3.15],"pivot":[-1.16713,-11.26037,15.56536],"rotation":[-5,0,0],"uv":{"north":{"uv":[14,39],"uv_size":[2,14]},"east":{"uv":[34,25],"uv_size":[3,14]},"west":{"uv":[35,7],"uv_size":[3,14]}}},{"origin":[-0.64213,-4.37887,-5.55177],"size":[1.28425,1.05,10.5],"pivot":[0.64213,-3.32887,-5.55177],"rotation":[-10,0,0],"uv":{"east":{"uv":[25,13],"uv_size":[10,1]},"south":{"uv":[49,33],"uv_size":[1,1]},"west":{"uv":[38,20],"uv_size":[10,1]},"up":{"uv":[37,45],"uv_size":[1,10]},"down":{"uv":[38,55],"uv_size":[1,-10]}}},{"origin":[-1.16713,-4.37887,-8.70072],"size":[2.33425,7.21077,26.25],"uv":{"north":{"uv":[35,39],"uv_size":[2,7]},"east":{"uv":[0,0],"uv_size":[25,7]},"south":{"uv":[40,25],"uv_size":[2,7]},"west":{"uv":[0,7],"uv_size":[25,7]},"up":{"uv":[26,25],"uv_size":[2,25]},"down":{"uv":[28,50],"uv_size":[2,-25]}}},{"origin":[0.48313,-0.42055,-8.70177],"size":[2.33425,3.53582,26.25],"pivot":[0.48313,2.14795,-7.53464],"rotation":[0,0,45],"uv":{"north":{"uv":[46,25],"uv_size":[2,3]},"south":{"uv":[46,32],"uv_size":[2,3]},"up":{"uv":[30,25],"uv_size":[2,25]}}},{"origin":[-2.81813,-2.72787,-8.70177],"size":[5.63582,3.90926,26.25],"uv":{"north":{"uv":[25,7],"uv_size":[5,4]},"east":{"uv":[10,14],"uv_size":[25,4]},"south":{"uv":[30,7],"uv_size":[5,4]},"west":{"uv":[10,18],"uv_size":[25,4]},"down":{"uv":[5,39],"uv_size":[5,-25]}}},{"origin":[-2.81813,-3.48712,-8.70177],"size":[3.53582,2.33425,26.25],"pivot":[2.81769,-1.15287,-8.70177],"rotation":[0,0,45],"uv":{"north":{"uv":[44,28],"uv_size":[3,2]},"east":{"uv":[25,3],"uv_size":[25,2]},"south":{"uv":[44,37],"uv_size":[3,2]}}}]}]}]}