{
	"format_version": "1.8.0",
	"animations": {
		"recoil": {
			"animation_length": 0.625,
			"bones": {
				"gun": {
					"rotation": {
						"0.0": {
							"post": [0, 0, 0],
							"lerp_mode": "catmullrom"
						},
						"0.0417": {
							"post": [0.6, 0, 0.2],
							"lerp_mode": "catmullrom"
						},
						"0.0833": {
							"post": [-0.6, 0, -0.3],
							"lerp_mode": "catmullrom"
						},
						"0.1667": {
							"post": [0.22, 0, 0.2],
							"lerp_mode": "catmullrom"
						},
						"0.25": {
							"post": [0.45, 0, -0.1],
							"lerp_mode": "catmullrom"
						},
						"0.375": {
							"post": [0.225, -0.2, 0.08],
							"lerp_mode": "catmullrom"
						},
						"0.5": {
							"post": [0.055, -0.075, -0.04],
							"lerp_mode": "catmullrom"
						},
						"0.625": [0, 0, 0]
					},
					"position": {
						"0.0": {
							"post": [0, 0, 0],
							"lerp_mode": "catmullrom"
						},
						"0.0417": {
							"post": [0, -0.025, 0.2],
							"lerp_mode": "catmullrom"
						},
						"0.0833": {
							"post": [0, -0.05, 0.25],
							"lerp_mode": "catmullrom"
						},
						"0.1667": {
							"post": [0, -0.05, -0.04],
							"lerp_mode": "catmullrom"
						},
						"0.25": {
							"post": [0, -0.025, 0.1],
							"lerp_mode": "catmullrom"
						},
						"0.4167": [0, 0, 0]
					}
				}
			}
		},
		"reload": {
			"loop": "hold_on_last_frame",
			"animation_length": 2.38,
			"bones": {
				"gun": {
					"rotation": {
						"0.0": [0, 0, 0],
						"0.19": {
							"pre": [-7.32834, -1.40099, -14.93393],
							"post": [-7.32834, -1.40099, -14.93393],
							"lerp_mode": "catmullrom"
						},
						"0.38": {
							"post": [-6.6336, -3.41674, -31.3235],
							"lerp_mode": "catmullrom"
						},
						"0.46": {
							"post": [-7.95255, -2.70639, -25.35714],
							"lerp_mode": "catmullrom"
						},
						"0.61": {
							"post": [-4.67494, -2.54774, -20.35273],
							"lerp_mode": "catmullrom"
						},
						"0.8": {
							"post": [-7.7309, -3.61723, -28.78912],
							"lerp_mode": "catmullrom"
						},
						"1.01": {
							"post": [-10.70449, -3.45995, -26.97543],
							"lerp_mode": "catmullrom"
						},
						"1.22": {
							"post": [-12.53388, -4.37902, -31.2057],
							"lerp_mode": "catmullrom"
						},
						"1.3": {
							"post": [-12.70903, -3.83266, -28.75984],
							"lerp_mode": "catmullrom"
						},
						"1.39": {
							"post": [-12.57078, -4.27035, -30.71626],
							"lerp_mode": "catmullrom"
						},
						"1.48": {
							"post": [-12.77248, -3.61212, -27.7824],
							"lerp_mode": "catmullrom"
						},
						"1.56": {
							"post": [-18.07781, -2.57556, -21.32226],
							"lerp_mode": "catmullrom"
						},
						"1.74": {
							"post": [-11.39384, -2.85417, -26.40474],
							"lerp_mode": "catmullrom"
						},
						"1.94": {
							"post": [-12.62917, -1.68152, -20.51622],
							"lerp_mode": "catmullrom"
						},
						"2.25": {
							"post": [0.02244, 1.05815, -0.89869],
							"lerp_mode": "catmullrom"
						},
						"2.38": [0, 0, 0]
					},
					"position": {
						"0.0": [0, 0, 0],
						"0.14": {
							"pre": [-0.5, 0.6, -2],
							"post": [-0.5, 0.6, -2],
							"lerp_mode": "catmullrom"
						},
						"0.23": {
							"post": [-0.8, 0.4, -1.9],
							"lerp_mode": "catmullrom"
						},
						"0.42": {
							"post": [-2.1, 1, -1.9],
							"lerp_mode": "catmullrom"
						},
						"0.59": {
							"post": [-2.4, -0.9, -1.1],
							"lerp_mode": "catmullrom"
						},
						"0.82": {
							"post": [-2.4, 0.6, -1.8],
							"lerp_mode": "catmullrom"
						},
						"1.01": {
							"post": [-2.9, 1.1, -1.8],
							"lerp_mode": "catmullrom"
						},
						"1.26": {
							"post": [-3.9, 1.6, -5.3],
							"lerp_mode": "catmullrom"
						},
						"1.46": {
							"post": [-3.7, 1.3, -5.3],
							"lerp_mode": "catmullrom"
						},
						"1.58": {
							"post": [-4.5, 1.6, -5.3],
							"lerp_mode": "catmullrom"
						},
						"1.82": {
							"post": [-5, 1.1, -4.2],
							"lerp_mode": "catmullrom"
						},
						"2.08": {
							"post": [-2, -0.6, -0.2],
							"lerp_mode": "catmullrom"
						},
						"2.28": [0, 0, 0]
					}
				},
				"mag": {
					"position": {
						"0.41": [0, 0, 0],
						"0.48": {
							"pre": [0, -8.44548, 3.19788],
							"post": [0, -8.44548, 3.19788],
							"lerp_mode": "catmullrom"
						},
						"0.77": {
							"post": [-0.42997, -69.73618, 32.67573],
							"lerp_mode": "catmullrom"
						},
						"0.89": {
							"post": [-0.43, -69.74, 32.68],
							"lerp_mode": "catmullrom"
						},
						"1.15": {
							"post": [2.2994, -28.51236, 14.62917],
							"lerp_mode": "catmullrom"
						},
						"1.22": {
							"post": [3.57581, -20.12224, 9.93876],
							"lerp_mode": "catmullrom"
						},
						"1.31": {
							"post": [0.05517, -15.12038, 6.10962],
							"lerp_mode": "catmullrom"
						},
						"1.4": {
							"post": [-0.16044, -9.04538, 3.24812],
							"lerp_mode": "catmullrom"
						},
						"1.49": {
							"post": [0, 0, 0],
							"lerp_mode": "catmullrom"
						},
						"1.79": [0, 0, 0]
					}
				},
				"left_arm": {
					"rotation": {
						"0.0": [0, 0, 0],
						"0.09": {
							"pre": [0.31164, -13.62236, -15.09849],
							"post": [0.31164, -13.62236, -15.09849],
							"lerp_mode": "catmullrom"
						},
						"0.3": [-17.80132, -15.45052, -58.08092],
						"0.43": [-17.80068, -15.45335, -58.07903],
						"0.5": {
							"pre": [-5.30068, -15.45335, -58.07903],
							"post": [-5.30068, -15.45335, -58.07903],
							"lerp_mode": "catmullrom"
						},
						"0.77": {
							"post": [-5.3, -15.45, -58.08],
							"lerp_mode": "catmullrom"
						},
						"0.81": {
							"post": [3.97933, -11.87626, -45.02895],
							"lerp_mode": "catmullrom"
						},
						"0.89": [3.98, -11.88, -45.03],
						"1.4": [3.98, -11.88, -45.03],
						"1.49": {
							"pre": [-8.52, -11.88, -45.03],
							"post": [-8.52, -11.88, -45.03],
							"lerp_mode": "catmullrom"
						},
						"1.79": [-8.52, -11.88, -45.03],
						"1.97": {
							"pre": [-5.67582, -19.86793, -13.36336],
							"post": [-5.67582, -19.86793, -13.36336],
							"lerp_mode": "catmullrom"
						},
						"2.16": {
							"post": [0, 0, 0],
							"lerp_mode": "catmullrom"
						}
					},
					"position": {
						"0.0": [0, 0, 0],
						"0.07": {
							"pre": [-2, -1, 8],
							"post": [-2, -1, 8],
							"lerp_mode": "catmullrom"
						},
						"0.3": [-2, -9, 18],
						"0.41": [-2, -9, 18],
						"0.48": {
							"pre": [-2.24223, -6.7833, 21.83396],
							"post": [-2.24223, -6.7833, 21.83396],
							"lerp_mode": "catmullrom"
						},
						"0.77": {
							"post": [-2.43959, -68.07363, 51.15248],
							"lerp_mode": "catmullrom"
						},
						"0.81": {
							"post": [-1.58678, -65.04894, 56.98275],
							"lerp_mode": "catmullrom"
						},
						"0.89": {
							"post": [-1.59, -65.05, 56.98],
							"lerp_mode": "catmullrom"
						},
						"1.15": {
							"post": [1.1394, -23.82236, 38.92917],
							"lerp_mode": "catmullrom"
						},
						"1.22": {
							"post": [2.41581, -15.43224, 34.23876],
							"lerp_mode": "catmullrom"
						},
						"1.31": {
							"post": [-1.10483, -10.43038, 30.40962],
							"lerp_mode": "catmullrom"
						},
						"1.4": {
							"post": [-1.32044, -4.35538, 27.54812],
							"lerp_mode": "catmullrom"
						},
						"1.49": {
							"post": [-1.09139, -4.00067, 24.41653],
							"lerp_mode": "catmullrom"
						},
						"1.79": [-1.09, -4, 24.42],
						"1.97": {
							"pre": [1.31927, 0.81124, 16.11052],
							"post": [1.31927, 0.81124, 16.11052],
							"lerp_mode": "catmullrom"
						},
						"2.16": {
							"post": [0, 0, 0],
							"lerp_mode": "catmullrom"
						}
					}
				},
				"camera": {
					"relative_to": {
						"rotation": "entity"
					},
					"rotation": {
						"0.0": [0, 0, 0.01],
						"0.42": {
							"pre": [0.8, 0.5, 0],
							"post": [0.8, 0.5, 0],
							"lerp_mode": "catmullrom"
						},
						"0.51": {
							"post": [-0.5, 0.5, 0.8],
							"lerp_mode": "catmullrom"
						},
						"0.65": {
							"post": [0.3, 0.6, -0.6],
							"lerp_mode": "catmullrom"
						},
						"0.84": {
							"post": [-0.1, 0.5, 0.3],
							"lerp_mode": "catmullrom"
						},
						"1.11": {
							"post": [0, 0.6, -0.1],
							"lerp_mode": "catmullrom"
						},
						"1.45": {
							"post": [1, 1, 0],
							"lerp_mode": "catmullrom"
						},
						"1.53": {
							"post": [-0.6, 0.8, -0.8],
							"lerp_mode": "catmullrom"
						},
						"1.66": {
							"post": [0.3, 0.5, 0.5],
							"lerp_mode": "catmullrom"
						},
						"1.87": {
							"post": [-0.2, 0.4, -0.2],
							"lerp_mode": "catmullrom"
						},
						"2.11": {
							"post": [0.1, 0, 0.1],
							"lerp_mode": "catmullrom"
						},
						"2.36": [0, 0, 0.01]
					}
				}
			},
			"sound_effects": {
				"0.45": {
					"effect": "smg_mag_off"
				},
				"1.33": {
					"effect": "smg_mag_attach"
				}
			}
		},
		"full_reload": {
			"loop": "hold_on_last_frame",
			"animation_length": 2.97,
			"bones": {
				"gun": {
					"rotation": {
						"0.0": [0, 0, 0],
						"0.19": {
							"pre": [-7.32834, -1.40099, -14.93393],
							"post": [-7.32834, -1.40099, -14.93393],
							"lerp_mode": "catmullrom"
						},
						"0.38": {
							"post": [-6.6336, -3.41674, -31.3235],
							"lerp_mode": "catmullrom"
						},
						"0.46": {
							"post": [-7.95255, -2.70639, -25.35714],
							"lerp_mode": "catmullrom"
						},
						"0.61": {
							"post": [-4.67494, -2.54774, -20.35273],
							"lerp_mode": "catmullrom"
						},
						"0.8": {
							"post": [-7.7309, -3.61723, -28.78912],
							"lerp_mode": "catmullrom"
						},
						"1.01": {
							"post": [-10.70449, -3.45995, -26.97543],
							"lerp_mode": "catmullrom"
						},
						"1.22": {
							"post": [-12.53388, -4.37902, -31.2057],
							"lerp_mode": "catmullrom"
						},
						"1.3": {
							"post": [-12.70903, -3.83266, -28.75984],
							"lerp_mode": "catmullrom"
						},
						"1.39": {
							"post": [-12.57078, -4.27035, -30.71626],
							"lerp_mode": "catmullrom"
						},
						"1.48": {
							"post": [-12.77248, -3.61212, -27.7824],
							"lerp_mode": "catmullrom"
						},
						"1.56": {
							"post": [-18.07781, -2.57556, -21.32226],
							"lerp_mode": "catmullrom"
						},
						"1.74": {
							"post": [-11.39384, -2.85417, -26.40474],
							"lerp_mode": "catmullrom"
						},
						"2.05": {
							"post": [-7.80368, 0.34391, -5.6518],
							"lerp_mode": "catmullrom"
						},
						"2.26": {
							"post": [-5.80503, 0.2389, -6.64489],
							"lerp_mode": "catmullrom"
						},
						"2.34": {
							"post": [-6.51375, 1.98827, 8.25616],
							"lerp_mode": "catmullrom"
						},
						"2.47": {
							"post": [-6.75869, 0.82972, -1.67968],
							"lerp_mode": "catmullrom"
						},
						"2.7": {
							"post": [0.83865, 1.19561, 3.28861],
							"lerp_mode": "catmullrom"
						},
						"2.85": {
							"post": [0, 0, -1],
							"lerp_mode": "catmullrom"
						},
						"2.97": [0, 0, 0]
					},
					"position": {
						"0.0": [0, 0, 0],
						"0.14": {
							"pre": [-0.5, 0.6, -2],
							"post": [-0.5, 0.6, -2],
							"lerp_mode": "catmullrom"
						},
						"0.23": {
							"post": [-0.8, 0.4, -1.9],
							"lerp_mode": "catmullrom"
						},
						"0.42": {
							"post": [-2.1, 1, -1.9],
							"lerp_mode": "catmullrom"
						},
						"0.59": {
							"post": [-2.4, -0.9, -1.1],
							"lerp_mode": "catmullrom"
						},
						"0.82": {
							"post": [-2.4, 0.6, -1.8],
							"lerp_mode": "catmullrom"
						},
						"1.01": {
							"post": [-2.9, 1.1, -1.8],
							"lerp_mode": "catmullrom"
						},
						"1.26": {
							"post": [-3.9, 1.6, -5.3],
							"lerp_mode": "catmullrom"
						},
						"1.46": {
							"post": [-3.7, 1.3, -5.3],
							"lerp_mode": "catmullrom"
						},
						"1.58": {
							"post": [-4.5, 1.6, -5.3],
							"lerp_mode": "catmullrom"
						},
						"1.82": {
							"post": [-5, 1.1, -4.2],
							"lerp_mode": "catmullrom"
						},
						"2.11": {
							"post": [-3, -1.3, -1.2],
							"lerp_mode": "catmullrom"
						},
						"2.26": {
							"post": [-3, -1.3, -1.2],
							"lerp_mode": "catmullrom"
						},
						"2.34": {
							"post": [-4, -2.3, 1.8],
							"lerp_mode": "catmullrom"
						},
						"2.5": {
							"post": [-4, -2, 3.1],
							"lerp_mode": "catmullrom"
						},
						"2.72": {
							"post": [-3, -2, 2.6],
							"lerp_mode": "catmullrom"
						},
						"2.93": [0, 0, 0]
					}
				},
				"mag": {
					"position": {
						"0.41": [0, 0, 0],
						"0.48": {
							"pre": [0, -8.44548, 3.19788],
							"post": [0, -8.44548, 3.19788],
							"lerp_mode": "catmullrom"
						},
						"0.77": {
							"post": [-0.42997, -69.73618, 32.67573],
							"lerp_mode": "catmullrom"
						},
						"0.89": {
							"post": [-0.43, -69.74, 32.68],
							"lerp_mode": "catmullrom"
						},
						"1.15": {
							"post": [2.2994, -28.51236, 14.62917],
							"lerp_mode": "catmullrom"
						},
						"1.22": {
							"post": [3.57581, -20.12224, 9.93876],
							"lerp_mode": "catmullrom"
						},
						"1.31": {
							"post": [0.05517, -15.12038, 6.10962],
							"lerp_mode": "catmullrom"
						},
						"1.4": {
							"post": [-0.16044, -9.04538, 3.24812],
							"lerp_mode": "catmullrom"
						},
						"1.49": {
							"post": [0, 0, 0],
							"lerp_mode": "catmullrom"
						},
						"1.79": [0, 0, 0]
					}
				},
				"left_arm": {
					"rotation": {
						"0.0": [0, 0, 0],
						"0.09": {
							"pre": [0.31164, -13.62236, -15.09849],
							"post": [0.31164, -13.62236, -15.09849],
							"lerp_mode": "catmullrom"
						},
						"0.3": [-17.80132, -15.45052, -58.08092],
						"0.43": [-17.80068, -15.45335, -58.07903],
						"0.5": {
							"pre": [-5.30068, -15.45335, -58.07903],
							"post": [-5.30068, -15.45335, -58.07903],
							"lerp_mode": "catmullrom"
						},
						"0.77": {
							"post": [-5.3, -15.45, -58.08],
							"lerp_mode": "catmullrom"
						},
						"0.81": {
							"post": [3.97933, -11.87626, -45.02895],
							"lerp_mode": "catmullrom"
						},
						"0.89": [3.98, -11.88, -45.03],
						"1.4": [3.98, -11.88, -45.03],
						"1.49": {
							"pre": [-8.52, -11.88, -45.03],
							"post": [-8.52, -11.88, -45.03],
							"lerp_mode": "catmullrom"
						},
						"1.71": [-8.52, -11.88, -45.03],
						"1.87": {
							"pre": [-11.33975, -18.09397, -32.10094],
							"post": [-11.33975, -18.09397, -32.10094],
							"lerp_mode": "catmullrom"
						},
						"2.15": [-38.53782, -22.27871, -71.15688],
						"2.26": [-38.54, -22.28, -71.16],
						"2.34": {
							"pre": [-58.10444, -24.83541, -81.62334],
							"post": [-58.10444, -24.83541, -81.62334],
							"lerp_mode": "catmullrom"
						},
						"2.44": {
							"post": [-63.10444, -24.83541, -81.62334],
							"lerp_mode": "catmullrom"
						},
						"2.59": {
							"post": [-25.26609, -1.39646, -49.00915],
							"lerp_mode": "catmullrom"
						},
						"2.8": {
							"post": [0, 0, 0],
							"lerp_mode": "catmullrom"
						}
					},
					"position": {
						"0.0": [0, 0, 0],
						"0.07": {
							"pre": [-2, -1, 8],
							"post": [-2, -1, 8],
							"lerp_mode": "catmullrom"
						},
						"0.3": [-2, -9, 18],
						"0.41": [-2, -9, 18],
						"0.48": {
							"pre": [-2.24223, -6.7833, 21.83396],
							"post": [-2.24223, -6.7833, 21.83396],
							"lerp_mode": "catmullrom"
						},
						"0.77": {
							"post": [-2.43959, -68.07363, 51.15248],
							"lerp_mode": "catmullrom"
						},
						"0.81": {
							"post": [-1.58678, -65.04894, 56.98275],
							"lerp_mode": "catmullrom"
						},
						"0.89": {
							"post": [-1.59, -65.05, 56.98],
							"lerp_mode": "catmullrom"
						},
						"1.15": {
							"post": [1.1394, -23.82236, 38.92917],
							"lerp_mode": "catmullrom"
						},
						"1.22": {
							"post": [2.41581, -15.43224, 34.23876],
							"lerp_mode": "catmullrom"
						},
						"1.31": {
							"post": [-1.10483, -10.43038, 30.40962],
							"lerp_mode": "catmullrom"
						},
						"1.4": {
							"post": [-1.32044, -4.35538, 27.54812],
							"lerp_mode": "catmullrom"
						},
						"1.49": {
							"post": [-1.09139, -4.00067, 24.41653],
							"lerp_mode": "catmullrom"
						},
						"1.71": [-1.09, -4, 24.42],
						"1.87": {
							"pre": [1.31927, 0.81124, 16.11052],
							"post": [1.31927, 0.81124, 16.11052],
							"lerp_mode": "catmullrom"
						},
						"2.15": [5, 0, -9],
						"2.26": [5, 0, -9],
						"2.34": {
							"pre": [16, -7, 0],
							"post": [16, -7, 0],
							"lerp_mode": "catmullrom"
						},
						"2.44": {
							"post": [22, -21, 4],
							"lerp_mode": "catmullrom"
						},
						"2.59": {
							"post": [11, -13, 4],
							"lerp_mode": "catmullrom"
						},
						"2.8": {
							"post": [0, 0, 0],
							"lerp_mode": "catmullrom"
						}
					}
				},
				"handle": {
					"position": {
						"2.26": [0, 0, 0],
						"2.34": {
							"pre": [0, 0, 18],
							"post": [0, 0, 18],
							"lerp_mode": "catmullrom"
						},
						"2.46": [0, 0, 0]
					}
				},
				"hinge": {
					"rotation": {
						"2.26": [0, 0, 0],
						"2.34": {
							"pre": [0, -45, 0],
							"post": [0, -45, 0],
							"lerp_mode": "catmullrom"
						},
						"2.46": [0, 0, 0]
					}
				},
				"camera": {
					"rotation": {
						"0.0": [0, 0, 0],
						"0.42": {
							"pre": [0.8, 0.5, 0],
							"post": [0.8, 0.5, 0],
							"lerp_mode": "catmullrom"
						},
						"0.51": {
							"post": [-0.5, 0.5, 0.8],
							"lerp_mode": "catmullrom"
						},
						"0.65": {
							"post": [0.3, 0.6, -0.6],
							"lerp_mode": "catmullrom"
						},
						"0.84": {
							"post": [-0.1, 0.5, 0.3],
							"lerp_mode": "catmullrom"
						},
						"1.11": {
							"post": [0, 0.6, -0.1],
							"lerp_mode": "catmullrom"
						},
						"1.45": {
							"post": [1, 1, 0],
							"lerp_mode": "catmullrom"
						},
						"1.53": {
							"post": [-0.6, 0.8, -0.8],
							"lerp_mode": "catmullrom"
						},
						"1.66": {
							"post": [0.3, 0.5, 0.5],
							"lerp_mode": "catmullrom"
						},
						"1.87": {
							"post": [-0.2, 0.4, -0.2],
							"lerp_mode": "catmullrom"
						},
						"2.11": {
							"post": [0.1, 0, 0.1],
							"lerp_mode": "catmullrom"
						},
						"2.26": {
							"post": [0, 0, 0],
							"lerp_mode": "catmullrom"
						},
						"2.36": {
							"post": [-1, -0.1, 0.6],
							"lerp_mode": "catmullrom"
						},
						"2.54": {
							"post": [0.6, 0, -0.3],
							"lerp_mode": "catmullrom"
						},
						"2.75": {
							"post": [-0.3, 0, 0.1],
							"lerp_mode": "catmullrom"
						},
						"2.97": [0, 0, 0]
					}
				}
			},
			"sound_effects": {
				"0.45": {
					"effect": "smg_mag_off"
				},
				"1.33": {
					"effect": "smg_mag_attach"
				},
				"2.23": {
					"effect": "pistol_slide_back"
				},
				"2.32": {
					"effect": "pistol_slide_forward"
				}
			}
		},
		"shoot": {
			"animation_length": 0.09,
			"bones": {
				"slide": {
					"position": {
						"0.0": [0, 0, 0],
						"0.03": {
							"pre": [0, 0, 10],
							"post": [0, 0, 10],
							"lerp_mode": "catmullrom"
						},
						"0.09": [0, 0, 0]
					}
				}
			}
		}
	}
}