{"format_version":"1.12.0","minecraft:geometry":[{"description":{"identifier":"geometry.unknown","texture_width":256,"texture_height":256,"visible_bounds_width":8,"visible_bounds_height":4,"visible_bounds_offset":[0,0,0]},"bones":[{"name":"root","pivot":[0,0,0]},{"name":"gun","parent":"root","pivot":[0,0,0]},{"name":"safety2","parent":"gun","pivot":[2.5,8.3,3.5],"cubes":[{"origin":[-3,7.81603,2.61699],"size":[6,1,1.732],"uv":{"north":{"uv":[104,83],"uv_size":[6,1]},"east":{"uv":[29,63],"uv_size":[2,1]},"south":{"uv":[105,49],"uv_size":[6,1]},"west":{"uv":[94,37],"uv_size":[2,1]}}},{"origin":[-3,7.56607,2.54997],"size":[6,1.732,1],"pivot":[2.5,7.56607,3.04997],"rotation":[-30,0,0],"uv":{"east":{"uv":[23,70],"uv_size":[1,2]},"west":{"uv":[75,108],"uv_size":[1,2]},"up":{"uv":[125,51],"uv_size":[6,1]},"down":{"uv":[125,53],"uv_size":[6,-1]}}},{"origin":[-3,7.56607,3.416],"size":[6,1.732,1],"pivot":[2.5,7.56607,3.916],"rotation":[30,0,0],"uv":{"east":{"uv":[66,113],"uv_size":[1,2]},"west":{"uv":[21,115],"uv_size":[1,2]},"up":{"uv":[125,53],"uv_size":[6,1]},"down":{"uv":[125,57],"uv_size":[6,-1]}}},{"origin":[-3,8.01603,4.34899],"size":[6,0.5,2.232],"pivot":[3,8.51603,4.34899],"rotation":[-15,0,0],"uv":{"east":{"uv":[109,48],"uv_size":[2,1]},"west":{"uv":[95,109],"uv_size":[2,1]},"up":{"uv":[113,63],"uv_size":[6,2]},"down":{"uv":[113,67],"uv_size":[6,-2]}}},{"origin":[-3.5,7.45538,6.37552],"size":[7,0.5,1.5],"uv":{"north":{"uv":[96,32],"uv_size":[7,1]},"east":{"uv":[115,71],"uv_size":[2,1]},"south":{"uv":[124,27],"uv_size":[7,1]},"west":{"uv":[40,120],"uv_size":[2,1]},"up":{"uv":[110,30],"uv_size":[7,2]},"down":{"uv":[110,74],"uv_size":[7,-2]}}}]},{"name":"safety","parent":"gun","pivot":[2.5,8.8,-16.5],"cubes":[{"origin":[-3,8.06607,-16.584],"size":[6,1.732,1],"pivot":[2.5,8.06607,-16.084],"rotation":[30,0,0],"uv":{"east":{"uv":[96,132],"uv_size":[1,2]},"west":{"uv":[132,121],"uv_size":[1,2]},"up":{"uv":[125,76],"uv_size":[6,1]},"down":{"uv":[125,78],"uv_size":[6,-1]}}},{"origin":[-3,8.06607,-17.45003],"size":[6,1.732,1],"pivot":[2.5,8.06607,-16.95003],"rotation":[-30,0,0],"uv":{"east":{"uv":[124,132],"uv_size":[1,2]},"west":{"uv":[125,132],"uv_size":[1,2]},"up":{"uv":[125,78],"uv_size":[6,1]},"down":{"uv":[125,80],"uv_size":[6,-1]}}},{"origin":[-3,8.31603,-17.38301],"size":[6,1,1.732],"uv":{"north":{"uv":[125,80],"uv_size":[6,1]},"east":{"uv":[132,125],"uv_size":[2,1]},"south":{"uv":[125,81],"uv_size":[6,1]},"west":{"uv":[126,132],"uv_size":[2,1]}}},{"origin":[-3,8.51603,-15.65101],"size":[6,0.5,2.232],"pivot":[3,9.01603,-15.65101],"rotation":[-15,0,0],"uv":{"east":{"uv":[132,126],"uv_size":[2,1]},"west":{"uv":[132,127],"uv_size":[2,1]},"up":{"uv":[114,81],"uv_size":[6,2]},"down":{"uv":[92,116],"uv_size":[6,-2]}}},{"origin":[-3.5,7.95538,-13.62448],"size":[7,0.5,1.5],"uv":{"north":{"uv":[124,91],"uv_size":[7,1]},"east":{"uv":[128,132],"uv_size":[2,1]},"south":{"uv":[124,123],"uv_size":[7,1]},"west":{"uv":[132,129],"uv_size":[2,1]},"up":{"uv":[111,59],"uv_size":[7,2]},"down":{"uv":[112,106],"uv_size":[7,-2]}}}]},{"name":"stock","parent":"gun","pivot":[-3.05,11.2,9.25],"cubes":[{"origin":[-1,6.5,10.05],"size":[2,5.15,4],"uv":{"north":{"uv":[3,73],"uv_size":[2,5]},"east":{"uv":[105,44],"uv_size":[4,5]},"west":{"uv":[66,105],"uv_size":[4,5]},"up":{"uv":[50,17],"uv_size":[2,4]}}},{"origin":[-2.45,6.55,10.05],"size":[4.9,3.65,4],"uv":{"east":{"uv":[22,108],"uv_size":[4,4]},"south":{"uv":[106,56],"uv_size":[5,4]},"west":{"uv":[108,92],"uv_size":[4,4]},"down":{"uv":[97,110],"uv_size":[5,-4]}}},{"origin":[0.95,10.2,10.05],"size":[1.5,2.05,4],"pivot":[2.45,10.2,10.05],"rotation":[0,0,-45],"uv":{"north":{"uv":[31,47],"uv_size":[2,2]},"south":{"uv":[56,15],"uv_size":[2,2]},"west":{"uv":[8,122],"uv_size":[4,2]}}},{"origin":[-2.88934,9.13934,10.05],"size":[1.5,2.05,4],"pivot":[-1.38934,9.13934,10.05],"rotation":[0,0,45],"uv":{"north":{"uv":[82,85],"uv_size":[2,2]},"east":{"uv":[122,48],"uv_size":[4,2]},"south":{"uv":[92,128],"uv_size":[2,2]}}},{"origin":[-1,6.5,10.05],"size":[2,0.85,4.1],"pivot":[1,6.5,10.05],"rotation":[-11.5,0,0],"uv":{"east":{"uv":[63,30],"uv_size":[4,1]},"west":{"uv":[97,22],"uv_size":[4,1]},"down":{"uv":[74,126],"uv_size":[2,-4]}}},{"origin":[-1,10.5,14.05],"size":[2,1.15,2.15],"pivot":[-1,11.65,14.05],"rotation":[-37.5,0,0],"uv":{"east":{"uv":[133,0],"uv_size":[2,1]},"west":{"uv":[133,2],"uv_size":[2,1]},"up":{"uv":[94,128],"uv_size":[2,2]}}},{"origin":[-1,5.7,14.05],"size":[2,4.65,20],"uv":{"east":{"uv":[56,0],"uv_size":[20,5]},"west":{"uv":[56,5],"uv_size":[20,5]},"up":{"uv":[22,88],"uv_size":[2,20]},"down":{"uv":[24,108],"uv_size":[2,-20]}}},{"origin":[-1.5,6.55,14.05],"size":[3,3,20],"uv":{"east":{"uv":[76,0],"uv_size":[20,3]},"west":{"uv":[76,3],"uv_size":[20,3]},"up":{"uv":[59,73],"uv_size":[3,20]},"down":{"uv":[37,94],"uv_size":[3,-20]}}},{"origin":[-1.98205,0.55,31.65],"size":[3.89711,2.25,16.5],"uv":{"north":{"uv":[92,122],"uv_size":[4,2]},"east":{"uv":[90,59],"uv_size":[16,2]},"west":{"uv":[94,72],"uv_size":[16,2]}}},{"origin":[-1.15849,-0.87644,31.65],"size":[2.25,3.89711,16.5],"pivot":[-1.15849,1.37356,31.65],"rotation":[0,0,-30],"uv":{"north":{"uv":[76,122],"uv_size":[2,4]},"up":{"uv":[56,94],"uv_size":[2,16]},"down":{"uv":[76,110],"uv_size":[2,-16]}}},{"origin":[-0.85705,0.24856,31.65],"size":[2.25,3.89711,16.5],"pivot":[-0.85705,2.49856,31.65],"rotation":[0,0,30],"uv":{"north":{"uv":[122,121],"uv_size":[2,4]},"up":{"uv":[78,94],"uv_size":[2,16]},"down":{"uv":[42,111],"uv_size":[2,-16]}}},{"origin":[-0.81506,-13.53494,36.4],"size":[2.25,3.89711,11.65],"pivot":[-0.81506,-11.28494,36.4],"rotation":[0,0,30],"uv":{"north":{"uv":[19,123],"uv_size":[2,4]},"up":{"uv":[31,35],"uv_size":[2,12]},"down":{"uv":[54,115],"uv_size":[2,-12]}}},{"origin":[-1.11651,-14.65994,36.4],"size":[2.25,3.89711,11.65],"pivot":[-1.11651,-12.40994,36.4],"rotation":[0,0,-30],"uv":{"north":{"uv":[34,123],"uv_size":[2,4]},"up":{"uv":[26,104],"uv_size":[2,12]},"down":{"uv":[28,116],"uv_size":[2,-12]}}},{"origin":[-1.94006,-13.23349,36.4],"size":[3.89711,2.25,11.65],"uv":{"north":{"uv":[122,117],"uv_size":[4,2]},"east":{"uv":[101,28],"uv_size":[12,2]},"west":{"uv":[101,90],"uv_size":[12,2]}}},{"origin":[-1.5,6.55,34.05],"size":[3,3,23],"pivot":[-1.5,9.55,34.05],"rotation":[-72.5,0,0],"uv":{"east":{"uv":[62,47],"uv_size":[23,3]},"west":{"uv":[67,44],"uv_size":[23,3]},"up":{"uv":[5,55],"uv_size":[3,23]},"down":{"uv":[34,87],"uv_size":[3,-23]}}},{"origin":[-1.5,-15.55,46.05],"size":[3,21,5.4995],"uv":{"north":{"uv":[0,73],"uv_size":[3,21]},"south":{"uv":[56,73],"uv_size":[3,21]},"up":{"uv":[25,30],"uv_size":[3,5]},"down":{"uv":[92,114],"uv_size":[3,-5]}}},{"origin":[-2.91421,-14.17132,46.05],"size":[5.82843,18.17157,5.5],"uv":{"north":{"uv":[33,31],"uv_size":[6,18]},"east":{"uv":[25,35],"uv_size":[6,18]},"south":{"uv":[39,0],"uv_size":[6,18]},"west":{"uv":[39,18],"uv_size":[6,18]},"up":{"uv":[66,93],"uv_size":[6,6]}}},{"origin":[1.5,3.45,46.05],"size":[2,2,5.5],"pivot":[1.5,5.45,46.05],"rotation":[0,0,45],"uv":{"north":{"uv":[114,128],"uv_size":[2,2]},"south":{"uv":[2,129],"uv_size":[2,2]},"up":{"uv":[27,72],"uv_size":[2,6]}}},{"origin":[-1.5,3.45,46.05],"size":[2,2,5.5],"pivot":[-1.5,5.45,46.05],"rotation":[0,0,45],"uv":{"north":{"uv":[8,129],"uv_size":[2,2]},"east":{"uv":[66,115],"uv_size":[6,2]},"south":{"uv":[10,129],"uv_size":[2,2]}}},{"origin":[-1,-14.55,46.05],"size":[2,2,5.5],"pivot":[-1.5,-12.05,46.05],"rotation":[0,0,45],"uv":{"north":{"uv":[31,129],"uv_size":[2,2]},"south":{"uv":[56,129],"uv_size":[2,2]},"down":{"uv":[40,120],"uv_size":[2,-6]}}},{"origin":[2,-14.55,46.05],"size":[2,2,5.5],"pivot":[1.5,-12.05,46.05],"rotation":[0,0,45],"uv":{"north":{"uv":[59,129],"uv_size":[2,2]},"south":{"uv":[61,129],"uv_size":[2,2]},"west":{"uv":[110,115],"uv_size":[6,2]},"down":{"uv":[89,120],"uv_size":[2,-6]}}},{"origin":[1.45,6.55,14.05],"size":[1,3,2.5],"pivot":[2.45,6.55,14.05],"rotation":[0,-23.5,0],"uv":{"west":{"uv":[39,121],"uv_size":[3,3]},"up":{"uv":[81,107],"uv_size":[1,3]},"down":{"uv":[8,135],"uv_size":[1,-3]}}},{"origin":[-2.53294,6.55,13.65125],"size":[1,3,2.5],"pivot":[-1.53294,6.55,13.65125],"rotation":[0,23.5,0],"uv":{"east":{"uv":[42,125],"uv_size":[2,3]},"up":{"uv":[5,133],"uv_size":[1,2]},"down":{"uv":[6,135],"uv_size":[1,-2]}}},{"origin":[-1,3.63248,35.63671],"size":[2,5.5,22],"pivot":[-1,9.13248,35.63671],"rotation":[-72.5,0,0],"uv":{"east":{"uv":[14,0],"uv_size":[22,6]},"west":{"uv":[14,6],"uv_size":[22,6]},"up":{"uv":[54,81],"uv_size":[2,22]},"down":{"uv":[80,107],"uv_size":[2,-22]}}},{"origin":[-1,7.2,34.05],"size":[2,3.15,2],"pivot":[-1,10.35,34.05],"rotation":[-37.5,0,0],"uv":{"east":{"uv":[102,125],"uv_size":[2,3]},"west":{"uv":[8,126],"uv_size":[2,3]},"up":{"uv":[63,129],"uv_size":[2,2]}}},{"origin":[-3.3,6.2,8.55],"size":[0.8,5,1.38564],"pivot":[-2.9,6.2,8.95],"rotation":[0,-30,0],"uv":{"north":{"uv":[48,57],"uv_size":[1,5]},"south":{"uv":[79,113],"uv_size":[1,5]},"up":{"uv":[13,71],"uv_size":[1,1]},"down":{"uv":[56,73],"uv_size":[1,-1]}}},{"origin":[-3.35,5.95,8.8],"size":[0.5,5.5,0.5],"pivot":[-3.25,5.95,9.2],"rotation":[0,-45,0],"uv":{"north":{"uv":[52,125],"uv_size":[1,5]},"east":{"uv":[91,125],"uv_size":[1,5]},"south":{"uv":[25,126],"uv_size":[1,5]},"west":{"uv":[29,126],"uv_size":[1,5]},"up":{"uv":[22,87],"uv_size":[1,1]},"down":{"uv":[87,102],"uv_size":[1,-1]}}},{"origin":[-3.73923,6.2,8.80359],"size":[1.38564,5,0.8],"uv":{"east":{"uv":[77,126],"uv_size":[1,5]},"west":{"uv":[101,126],"uv_size":[1,5]},"up":{"uv":[86,110],"uv_size":[1,1]},"down":{"uv":[79,119],"uv_size":[1,-1]}}},{"origin":[-3.88564,6.2,9.05718],"size":[1.38564,5,0.8],"pivot":[-2.9,6.2,9.45718],"rotation":[0,-60,0],"uv":{"east":{"uv":[113,126],"uv_size":[1,5]},"west":{"uv":[1,127],"uv_size":[1,5]},"up":{"uv":[38,123],"uv_size":[1,1]},"down":{"uv":[61,126],"uv_size":[1,-1]}}},{"origin":[-3.5,10.7,9.70718],"size":[2.5,0.5,0.65],"uv":{"north":{"uv":[71,50],"uv_size":[3,1]},"east":{"uv":[44,127],"uv_size":[1,1]},"west":{"uv":[90,129],"uv_size":[1,1]},"up":{"uv":[72,93],"uv_size":[3,1]},"down":{"uv":[37,95],"uv_size":[3,-1]}}},{"origin":[-3.5,6.7,9.70718],"size":[2.5,0.5,0.65],"uv":{"east":{"uv":[134,109],"uv_size":[1,1]},"up":{"uv":[95,113],"uv_size":[3,1]},"down":{"uv":[37,115],"uv_size":[3,-1]}}},{"origin":[-3.5,8.7,9.70718],"size":[2.5,0.5,0.65],"uv":{"east":{"uv":[114,134],"uv_size":[1,1]},"up":{"uv":[132,13],"uv_size":[3,1]},"down":{"uv":[132,16],"uv_size":[3,-1]}}},{"origin":[-2.25,10.7,10.35718],"size":[0.8,0.5,1.05],"uv":{"up":{"uv":[118,134],"uv_size":[1,1]},"down":{"uv":[119,135],"uv_size":[1,-1]}}},{"origin":[-3.5,10.7,10.35718],"size":[1,0.5,3.5],"pivot":[-3.5,11.2,10.35718],"rotation":[0,37.5,0],"uv":{"east":{"uv":[108,67],"uv_size":[4,1]},"up":{"uv":[24,49],"uv_size":[1,4]},"down":{"uv":[71,103],"uv_size":[1,-4]}}},{"origin":[-3.5,6.7,10.35718],"size":[1,0.5,3.5],"pivot":[-3.5,7.2,10.35718],"rotation":[0,37.5,0],"uv":{"east":{"uv":[116,53],"uv_size":[4,1]},"up":{"uv":[11,116],"uv_size":[1,4]},"down":{"uv":[51,132],"uv_size":[1,-4]}}},{"origin":[-3.5,8.7,10.35718],"size":[1,0.5,3.5],"pivot":[-3.5,9.2,10.35718],"rotation":[0,37.5,0],"uv":{"east":{"uv":[129,55],"uv_size":[4,1]},"up":{"uv":[83,128],"uv_size":[1,4]},"down":{"uv":[16,133],"uv_size":[1,-4]}}}]},{"name":"front_IS","parent":"gun","pivot":[0,12,-40],"cubes":[{"origin":[-2.15,11,-41],"size":[4.3,2,0.75],"uv":{"east":{"uv":[11,133],"uv_size":[1,2]},"south":{"uv":[123,63],"uv_size":[4,2]},"west":{"uv":[12,133],"uv_size":[1,2]},"up":{"uv":[129,61],"uv_size":[4,1]},"down":{"uv":[67,130],"uv_size":[4,-1]}}},{"origin":[-2.15,11,-42],"size":[4.3,1,1],"uv":{"north":{"uv":[129,69],"uv_size":[4,1]},"east":{"uv":[134,125],"uv_size":[1,1]},"west":{"uv":[126,134],"uv_size":[1,1]},"down":{"uv":[78,130],"uv_size":[4,-1]}}},{"origin":[-2.15,12.06081,-42.43919],"size":[4.3,1,1.414],"pivot":[2.15,13.06081,-40.93919],"rotation":[45,0,0],"uv":{"east":{"uv":[134,126],"uv_size":[1,1]},"west":{"uv":[127,134],"uv_size":[1,1]},"up":{"uv":[129,85],"uv_size":[4,1]}}},{"origin":[-2.15,11,-40.25],"size":[1.15,2,1],"uv":{"east":{"uv":[16,133],"uv_size":[1,2]},"west":{"uv":[18,133],"uv_size":[1,2]},"up":{"uv":[134,127],"uv_size":[1,1]},"down":{"uv":[128,135],"uv_size":[1,-1]}}},{"origin":[1,11,-40.25],"size":[1.15,2,1],"uv":{"east":{"uv":[133,19],"uv_size":[1,2]},"west":{"uv":[29,133],"uv_size":[1,2]},"up":{"uv":[134,128],"uv_size":[1,1]},"down":{"uv":[129,135],"uv_size":[1,-1]}}},{"origin":[-2.15,11,-39.25],"size":[1.15,1.5,0.5],"uv":{"east":{"uv":[133,30],"uv_size":[1,2]},"south":{"uv":[31,133],"uv_size":[1,2]},"west":{"uv":[32,133],"uv_size":[1,2]},"down":{"uv":[130,135],"uv_size":[1,-1]}}},{"origin":[1,11.00008,-39.25008],"size":[1.15,1.5,0.5],"uv":{"east":{"uv":[34,133],"uv_size":[1,2]},"south":{"uv":[35,133],"uv_size":[1,2]},"west":{"uv":[36,133],"uv_size":[1,2]},"down":{"uv":[131,135],"uv_size":[1,-1]}}},{"origin":[-2.15,12.43934,-40.10355],"size":[1.15,0.5,0.707],"pivot":[-1.5,11.93934,-39.60355],"rotation":[-45,0,0],"uv":{"east":{"uv":[132,134],"uv_size":[1,1]},"west":{"uv":[133,134],"uv_size":[1,1]},"up":{"uv":[134,133],"uv_size":[1,1]}}},{"origin":[1,12.43934,-40.10355],"size":[1.15,0.5,0.707],"pivot":[1.65,11.93934,-39.60355],"rotation":[-45,0,0],"uv":{"east":{"uv":[135,0],"uv_size":[1,1]},"west":{"uv":[135,1],"uv_size":[1,1]},"up":{"uv":[2,135],"uv_size":[1,1]}}},{"origin":[-0.75,12.05,-39.8],"size":[1.5,2,0.75],"uv":{"north":{"uv":[102,129],"uv_size":[2,2]},"east":{"uv":[37,133],"uv_size":[1,2]},"south":{"uv":[104,129],"uv_size":[2,2]},"west":{"uv":[38,133],"uv_size":[1,2]},"up":{"uv":[39,133],"uv_size":[2,1]}}},{"origin":[-2.25,12.05,-39.95],"size":[4.5,0.5,0.5],"pivot":[1.75,12.05,-39.45],"rotation":[-45,0,0],"uv":{"north":{"uv":[106,60],"uv_size":[5,1]},"east":{"uv":[3,135],"uv_size":[1,1]},"south":{"uv":[107,19],"uv_size":[5,1]},"west":{"uv":[4,135],"uv_size":[1,1]},"up":{"uv":[81,113],"uv_size":[5,1]},"down":{"uv":[18,128],"uv_size":[5,-1]}}},{"origin":[-0.14,14.04,-39.6],"size":[0.3,1.25,0.3],"uv":{"north":{"uv":[5,135],"uv_size":[1,1]},"east":{"uv":[6,135],"uv_size":[1,1]},"south":{"uv":[8,135],"uv_size":[1,1]},"west":{"uv":[9,135],"uv_size":[1,1]},"up":{"uv":[135,9],"uv_size":[1,1]}}}]},{"name":"IS","parent":"gun","pivot":[0,12,3.5],"cubes":[{"origin":[-2.15,11,2.5],"size":[4.3,2,0.75],"uv":{"east":{"uv":[41,133],"uv_size":[1,2]},"south":{"uv":[123,71],"uv_size":[4,2]},"west":{"uv":[133,43],"uv_size":[1,2]},"up":{"uv":[106,129],"uv_size":[4,1]},"down":{"uv":[129,111],"uv_size":[4,-1]}}},{"origin":[-2.15,11,1.5],"size":[4.3,1,1],"uv":{"north":{"uv":[129,111],"uv_size":[4,1]},"east":{"uv":[135,10],"uv_size":[1,1]},"west":{"uv":[11,135],"uv_size":[1,1]},"down":{"uv":[129,118],"uv_size":[4,-1]}}},{"origin":[-2.15,12.06081,1.06081],"size":[4.3,1,1.414],"pivot":[2.15,13.06081,2.56081],"rotation":[45,0,0],"uv":{"east":{"uv":[12,135],"uv_size":[1,1]},"west":{"uv":[135,12],"uv_size":[1,1]},"up":{"uv":[124,129],"uv_size":[4,1]}}},{"origin":[-2.15,11,3.25],"size":[1.15,2,1],"uv":{"east":{"uv":[133,45],"uv_size":[1,2]},"west":{"uv":[133,51],"uv_size":[1,2]},"up":{"uv":[13,135],"uv_size":[1,1]},"down":{"uv":[135,14],"uv_size":[1,-1]}}},{"origin":[1,11,3.25],"size":[1.15,2,1],"uv":{"east":{"uv":[57,133],"uv_size":[1,2]},"west":{"uv":[133,58],"uv_size":[1,2]},"up":{"uv":[14,135],"uv_size":[1,1]},"down":{"uv":[15,136],"uv_size":[1,-1]}}},{"origin":[-2.15,11,4.25],"size":[1.15,1.5,0.5],"uv":{"east":{"uv":[60,133],"uv_size":[1,2]},"south":{"uv":[133,60],"uv_size":[1,2]},"west":{"uv":[61,133],"uv_size":[1,2]},"down":{"uv":[16,136],"uv_size":[1,-1]}}},{"origin":[1,11.00008,4.24992],"size":[1.15,1.5,0.5],"uv":{"east":{"uv":[63,133],"uv_size":[1,2]},"south":{"uv":[133,63],"uv_size":[1,2]},"west":{"uv":[64,133],"uv_size":[1,2]},"down":{"uv":[17,136],"uv_size":[1,-1]}}},{"origin":[-2.15,12.43934,3.39645],"size":[1.15,0.5,0.707],"pivot":[-1.5,11.93934,3.89645],"rotation":[-45,0,0],"uv":{"east":{"uv":[18,135],"uv_size":[1,1]},"west":{"uv":[19,135],"uv_size":[1,1]},"up":{"uv":[135,19],"uv_size":[1,1]}}},{"origin":[1,12.43934,3.39645],"size":[1.15,0.5,0.707],"pivot":[1.65,11.93934,3.89645],"rotation":[-45,0,0],"uv":{"east":{"uv":[21,135],"uv_size":[1,1]},"west":{"uv":[135,22],"uv_size":[1,1]},"up":{"uv":[23,135],"uv_size":[1,1]}}},{"origin":[-0.75,12.05,3.7],"size":[1.5,2,0.75],"uv":{"north":{"uv":[110,129],"uv_size":[2,2]},"east":{"uv":[65,133],"uv_size":[1,2]},"south":{"uv":[130,6],"uv_size":[2,2]},"west":{"uv":[66,133],"uv_size":[1,2]}}},{"origin":[-0.75,14.05,3.4],"size":[1.5,0.5,1.25],"uv":{"north":{"uv":[133,66],"uv_size":[2,1]},"south":{"uv":[67,133],"uv_size":[2,1]},"up":{"uv":[133,67],"uv_size":[2,1]},"down":{"uv":[133,69],"uv_size":[2,-1]}}},{"origin":[-1.5,14.05,3.4],"size":[0.75,0.5,1.25],"pivot":[-0.75,14.05,3.4],"rotation":[0,0,45],"uv":{"north":{"uv":[27,135],"uv_size":[1,1]},"south":{"uv":[28,135],"uv_size":[1,1]},"up":{"uv":[30,135],"uv_size":[1,1]},"down":{"uv":[31,136],"uv_size":[1,-1]}}},{"origin":[0.38388,14.93388,3.4],"size":[0.75,0.5,1.25],"pivot":[1.63388,14.93388,3.4],"rotation":[0,0,-45],"uv":{"north":{"uv":[32,135],"uv_size":[1,1]},"south":{"uv":[33,135],"uv_size":[1,1]},"up":{"uv":[34,135],"uv_size":[1,1]},"down":{"uv":[35,136],"uv_size":[1,-1]}}},{"origin":[0.93033,14.58033,3.4],"size":[0.35,1.5,1.25],"uv":{"north":{"uv":[69,133],"uv_size":[1,2]},"east":{"uv":[133,69],"uv_size":[1,2]},"south":{"uv":[70,133],"uv_size":[1,2]},"west":{"uv":[71,133],"uv_size":[1,2]},"up":{"uv":[36,135],"uv_size":[1,1]}}},{"origin":[-1.28033,14.58033,3.4],"size":[0.35,1.5,1.25],"uv":{"north":{"uv":[38,135],"uv_size":[1,1]},"east":{"uv":[39,135],"uv_size":[1,1]},"south":{"uv":[135,39],"uv_size":[1,1]},"west":{"uv":[40,135],"uv_size":[1,1]},"up":{"uv":[135,40],"uv_size":[1,1]}}},{"origin":[-2.25,12.05,3.55],"size":[4.5,0.5,0.5],"pivot":[1.75,12.05,4.05],"rotation":[-45,0,0],"uv":{"north":{"uv":[18,128],"uv_size":[5,1]},"east":{"uv":[135,41],"uv_size":[1,1]},"south":{"uv":[128,39],"uv_size":[5,1]},"west":{"uv":[42,135],"uv_size":[1,1]},"up":{"uv":[40,128],"uv_size":[5,1]},"down":{"uv":[128,41],"uv_size":[5,-1]}}},{"origin":[-0.38335,15.17151,3.9],"size":[0.42,0.15,0.3],"pivot":[-0.44335,15.32151,4.2],"rotation":[0,0,45],"uv":{"north":{"uv":[43,135],"uv_size":[1,1]},"south":{"uv":[135,44],"uv_size":[1,1]},"up":{"uv":[135,45],"uv_size":[1,1]},"down":{"uv":[46,136],"uv_size":[1,-1]}}},{"origin":[0.12151,14.78967,3.9],"size":[0.42,0.15,0.3],"pivot":[0.06151,14.93967,4.2],"rotation":[0,0,-45],"uv":{"north":{"uv":[135,46],"uv_size":[1,1]},"south":{"uv":[48,135],"uv_size":[1,1]},"up":{"uv":[135,49],"uv_size":[1,1]},"down":{"uv":[50,136],"uv_size":[1,-1]}}},{"origin":[-0.50698,15.17302,3.9],"size":[0.15,0.42,0.3],"uv":{"north":{"uv":[135,50],"uv_size":[1,1]},"east":{"uv":[51,135],"uv_size":[1,1]},"south":{"uv":[53,135],"uv_size":[1,1]},"west":{"uv":[135,53],"uv_size":[1,1]}}},{"origin":[-0.48941,15.40059,3.9],"size":[0.42,0.15,0.3],"pivot":[-0.54941,15.55059,4.2],"rotation":[0,0,-45],"uv":{"north":{"uv":[135,55],"uv_size":[1,1]},"south":{"uv":[135,56],"uv_size":[1,1]},"up":{"uv":[135,57],"uv_size":[1,1]},"down":{"uv":[58,136],"uv_size":[1,-1]}}},{"origin":[0.35698,15.17302,3.9],"size":[0.15,0.42,0.3],"uv":{"north":{"uv":[135,58],"uv_size":[1,1]},"east":{"uv":[59,135],"uv_size":[1,1]},"south":{"uv":[135,59],"uv_size":[1,1]},"west":{"uv":[60,135],"uv_size":[1,1]}}},{"origin":[0.22757,15.78243,3.9],"size":[0.42,0.15,0.3],"pivot":[0.16757,15.93243,4.2],"rotation":[0,0,45],"uv":{"north":{"uv":[135,61],"uv_size":[1,1]},"south":{"uv":[135,62],"uv_size":[1,1]},"up":{"uv":[64,135],"uv_size":[1,1]},"down":{"uv":[65,136],"uv_size":[1,-1]}}},{"origin":[-0.21,14.54,3.9],"size":[0.42,0.45,0.3],"uv":{"north":{"uv":[135,65],"uv_size":[1,1]},"east":{"uv":[66,135],"uv_size":[1,1]},"south":{"uv":[135,66],"uv_size":[1,1]},"west":{"uv":[135,67],"uv_size":[1,1]},"up":{"uv":[135,68],"uv_size":[1,1]}}},{"origin":[-0.21,15.74,3.9],"size":[0.42,0.15,0.3],"uv":{"north":{"uv":[70,135],"uv_size":[1,1]},"south":{"uv":[135,71],"uv_size":[1,1]},"up":{"uv":[135,72],"uv_size":[1,1]},"down":{"uv":[73,136],"uv_size":[1,-1]}}}]},{"name":"bone","parent":"IS","pivot":[-0.62813,13.625,4.625]},{"name":"handle","parent":"gun","pivot":[0,-1.5,-19.5],"cubes":[{"origin":[2.4,4.9,-32.2],"size":[1,0.5,2.5],"pivot":[2.9,5.4,-32.2],"rotation":[0,-30,0],"uv":{"east":{"uv":[133,71],"uv_size":[2,1]},"south":{"uv":[74,135],"uv_size":[1,1]},"west":{"uv":[133,72],"uv_size":[2,1]},"up":{"uv":[72,133],"uv_size":[1,2]},"down":{"uv":[75,135],"uv_size":[1,-2]}}},{"origin":[2.33301,4.9,-32.95],"size":[1,0.5,1],"uv":{"east":{"uv":[135,75],"uv_size":[1,1]},"west":{"uv":[135,76],"uv_size":[1,1]},"up":{"uv":[77,135],"uv_size":[1,1]},"down":{"uv":[135,78],"uv_size":[1,-1]}}},{"origin":[1.5,4.5,-30.65],"size":[0.5,1.5,10],"uv":{"north":{"uv":[76,133],"uv_size":[1,2]},"east":{"uv":[102,20],"uv_size":[10,2]},"south":{"uv":[77,133],"uv_size":[1,2]},"west":{"uv":[104,81],"uv_size":[10,2]},"up":{"uv":[56,62],"uv_size":[1,10]}}}]},{"name":"hinge","parent":"handle","pivot":[3.08301,5.4,-33],"cubes":[{"origin":[2.58301,4.9,-40.6],"size":[1,1,8],"uv":{"east":{"uv":[103,53],"uv_size":[8,1]},"south":{"uv":[135,78],"uv_size":[1,1]},"west":{"uv":[122,42],"uv_size":[8,1]},"up":{"uv":[38,49],"uv_size":[1,8]},"down":{"uv":[12,130],"uv_size":[1,-8]}}},{"origin":[2.58301,4.9,-42.1],"size":[1,1,1.5],"pivot":[2.58301,5.9,-40.6],"rotation":[0,-40,0],"uv":{"east":{"uv":[133,83],"uv_size":[2,1]},"west":{"uv":[133,84],"uv_size":[2,1]},"up":{"uv":[78,133],"uv_size":[1,2]},"down":{"uv":[82,135],"uv_size":[1,-2]}}},{"origin":[3.52277,4.9,-43.01542],"size":[0.707,1,0.707],"pivot":[3.22977,5.9,-42.01542],"rotation":[0,-85,0],"uv":{"north":{"uv":[80,135],"uv_size":[1,1]},"east":{"uv":[135,80],"uv_size":[1,1]},"up":{"uv":[82,135],"uv_size":[1,1]},"down":{"uv":[135,83],"uv_size":[1,-1]}}}]},{"name":"slide","parent":"gun","pivot":[0,4,-23.5],"cubes":[{"origin":[-1.5,2.9,-28.1],"size":[3,2.5,12.5],"uv":{"north":{"uv":[121,83],"uv_size":[3,3]},"east":{"uv":[81,71],"uv_size":[13,3]},"west":{"uv":[87,75],"uv_size":[13,3]},"up":{"uv":[92,92],"uv_size":[3,13]}}}]},{"name":"mag","parent":"gun","pivot":[0,-16.02785,-20.80586],"rotation":[1,0,0],"cubes":[{"origin":[-1.75,-16.06791,-22.03308],"size":[3.5,17,6],"pivot":[1.25,-12.56791,-21.53308],"rotation":[20,0,0],"uv":{"north":{"uv":[67,62],"uv_size":[4,17]},"east":{"uv":[50,0],"uv_size":[6,17]},"south":{"uv":[19,70],"uv_size":[4,17]},"west":{"uv":[52,17],"uv_size":[6,17]}}},{"origin":[-1.75,-16.56791,-21.03308],"size":[3.5,0.5,1.5],"pivot":[1.25,-12.56791,-21.53308],"rotation":[20,0,0],"uv":{"east":{"uv":[133,85],"uv_size":[2,1]},"west":{"uv":[133,86],"uv_size":[2,1]}}},{"origin":[-1.75,-18.06791,-17.53308],"size":[3.5,2,1.5],"pivot":[1.25,-12.56791,-21.53308],"rotation":[20,0,0],"uv":{"east":{"uv":[12,130],"uv_size":[2,2]},"south":{"uv":[123,98],"uv_size":[4,2]},"west":{"uv":[18,130],"uv_size":[2,2]}}},{"origin":[-1.75,-17.56791,-18.53308],"size":[3.5,0.5,1],"pivot":[1.25,-12.56791,-21.53308],"rotation":[20,0,0],"uv":{"east":{"uv":[83,135],"uv_size":[1,1]},"west":{"uv":[135,83],"uv_size":[1,1]}}},{"origin":[-1.75,-17.06791,-19.53308],"size":[3.5,1,2],"pivot":[1.25,-12.56791,-21.53308],"rotation":[20,0,0],"uv":{"east":{"uv":[87,133],"uv_size":[2,1]},"west":{"uv":[133,87],"uv_size":[2,1]}}},{"origin":[-1.75,-0.07595,-26.63205],"size":[3.5,2.075,5.65],"uv":{"north":{"uv":[124,34],"uv_size":[4,2]},"east":{"uv":[115,113],"uv_size":[6,2]},"west":{"uv":[116,48],"uv_size":[6,2]},"up":{"uv":[104,92],"uv_size":[4,6]}}},{"origin":[-2,-16.38356,-21.63615],"size":[4,0.75,7.5],"uv":{"north":{"uv":[78,130],"uv_size":[4,1]},"east":{"uv":[123,65],"uv_size":[8,1]},"south":{"uv":[89,130],"uv_size":[4,1]},"west":{"uv":[123,112],"uv_size":[8,1]},"up":{"uv":[62,96],"uv_size":[4,8]}}}]},{"name":"bullet0","parent":"mag","pivot":[0.00004,3.25325,-21.46909],"rotation":[88.23172,1.76754,44.97273],"cubes":[{"origin":[0.00004,3.25324,-22.96909],"size":[1.5,3.5,1.5],"pivot":[-7.0206,36.05324,-14.44846],"rotation":[0,0,0],"uv":{"north":{"uv":[10,126],"uv_size":[2,3]},"east":{"uv":[126,21],"uv_size":[2,3]},"south":{"uv":[126,24],"uv_size":[2,3]},"west":{"uv":[31,126],"uv_size":[2,3]},"up":{"uv":[20,130],"uv_size":[2,2]},"down":{"uv":[42,132],"uv_size":[2,-2]}}},{"origin":[-5.75499,5.69417,-22.71658],"size":[1,1.5,1],"pivot":[-7.5206,42.00324,-13.94846],"rotation":[0,0,-10],"uv":{"south":{"uv":[90,133],"uv_size":[1,2]},"west":{"uv":[91,133],"uv_size":[1,2]}}},{"origin":[0.24753,6.70324,-22.71658],"size":[1,1.5,1],"pivot":[-7.5206,40.50324,-13.44846],"rotation":[0,0,0],"uv":{"up":{"uv":[135,85],"uv_size":[1,1]}}},{"origin":[5.98363,8.73931,-22.71658],"size":[1,1.5,1],"pivot":[-8.5206,42.00324,-12.94846],"rotation":[0,0,10],"uv":{"north":{"uv":[133,94],"uv_size":[1,2]},"east":{"uv":[95,133],"uv_size":[1,2]},"south":{"uv":[133,96],"uv_size":[1,2]}}},{"origin":[0.24753,8.73931,-28.45268],"size":[1,1.5,1],"pivot":[-7.5206,42.00324,-12.94846],"rotation":[10,0,0],"uv":{"east":{"uv":[100,133],"uv_size":[1,2]},"south":{"uv":[133,100],"uv_size":[1,2]},"west":{"uv":[101,133],"uv_size":[1,2]}}},{"origin":[0.24753,5.69417,-16.71406],"size":[1,1.5,1],"pivot":[-7.5206,42.00324,-13.94846],"rotation":[-10,0,0],"uv":{"north":{"uv":[102,133],"uv_size":[1,2]},"east":{"uv":[133,102],"uv_size":[1,2]}}}]},{"name":"exp_part","parent":"mag","pivot":[-0.25,-16.02785,-20.80586],"cubes":[{"origin":[-2.25,-36.56791,-22.03308],"size":[4.5,18.5,6.5],"pivot":[1,-12.56791,-21.53308],"rotation":[20,0,0],"uv":{"east":{"uv":[14,12],"uv_size":[7,18]},"south":{"uv":[0,55],"uv_size":[5,18]},"west":{"uv":[21,12],"uv_size":[7,18]},"down":{"uv":[95,99],"uv_size":[5,-7]}}},{"origin":[-1.5,-41.37415,-11.1055],"size":[3,4.5,1.5],"pivot":[0,-36.87415,-11.1055],"rotation":[142.5,0,0],"uv":{"north":{"uv":[19,110],"uv_size":[3,5]},"east":{"uv":[78,119],"uv_size":[2,5]},"south":{"uv":[110,22],"uv_size":[3,5]},"west":{"uv":[81,119],"uv_size":[2,5]}}},{"origin":[-1.5,-38.40723,-14.12182],"size":[3,3,1.5],"pivot":[0,-35.40723,-14.12182],"rotation":[37.5,0,0],"uv":{"north":{"uv":[104,121],"uv_size":[3,3]},"east":{"uv":[126,38],"uv_size":[2,3]},"south":{"uv":[107,121],"uv_size":[3,3]},"west":{"uv":[126,44],"uv_size":[2,3]},"down":{"uv":[61,128],"uv_size":[3,-2]}}},{"origin":[-2.25,-36.56791,-22.93308],"size":[4.5,20.85,0.965],"pivot":[1,-12.56791,-21.53308],"rotation":[20,0,0],"uv":{"north":{"uv":[45,0],"uv_size":[5,21]},"east":{"uv":[44,95],"uv_size":[1,21]},"west":{"uv":[5,97],"uv_size":[1,21]},"up":{"uv":[128,44],"uv_size":[5,1]},"down":{"uv":[128,46],"uv_size":[5,-1]}}},{"origin":[-2.25,-18.0341,-20.86382],"size":[4.5,2.35,6.85],"uv":{"east":{"uv":[112,106],"uv_size":[7,2]},"west":{"uv":[112,108],"uv_size":[7,2]},"up":{"uv":[96,23],"uv_size":[5,7]}}}]},{"name":"body","parent":"gun","pivot":[0,-1.5,-19.5],"cubes":[{"origin":[-1.41379,2.83223,-45],"size":[2.828,3.275,1],"uv":{"north":{"uv":[110,121],"uv_size":[3,3]},"east":{"uv":[14,132],"uv_size":[1,3]},"west":{"uv":[15,132],"uv_size":[1,3]},"down":{"uv":[17,133],"uv_size":[3,-1]}}},{"origin":[-2.5,6.1,-45],"size":[5,4,16.5],"uv":{"north":{"uv":[107,15],"uv_size":[5,4]},"east":{"uv":[68,15],"uv_size":[17,4]},"south":{"uv":[37,107],"uv_size":[5,4]},"west":{"uv":[68,19],"uv_size":[17,4]},"down":{"uv":[38,74],"uv_size":[5,-17]}}},{"origin":[-3.85,0.65,-44.5],"size":[7.7,3,13],"uv":{"north":{"uv":[102,10],"uv_size":[8,3]},"east":{"uv":[89,10],"uv_size":[13,3]},"south":{"uv":[103,50],"uv_size":[8,3]},"west":{"uv":[90,56],"uv_size":[13,3]},"up":{"uv":[49,36],"uv_size":[8,13]},"down":{"uv":[49,62],"uv_size":[8,-13]}}},{"origin":[-2.14645,6.35355,-28.5],"size":[0.5,4.1,3.5],"pivot":[-2.14645,9.85355,-28.5],"rotation":[0,65,0],"uv":{"east":{"uv":[108,96],"uv_size":[4,4]},"down":{"uv":[82,133],"uv_size":[1,-4]}}},{"origin":[-2.14645,6.35355,-23.5],"size":[0.5,4.1,3.5],"pivot":[-2.14645,10.45355,-20],"rotation":[0,-65,0],"uv":{"east":{"uv":[108,104],"uv_size":[4,4]},"down":{"uv":[52,134],"uv_size":[1,-4]}}},{"origin":[-2.14645,5.45355,-28.5],"size":[0.5,5,8.5],"pivot":[-2.14645,10.45355,-28.5],"rotation":[0,0,-35],"uv":{"east":{"uv":[8,85],"uv_size":[9,5]}}},{"origin":[1.5,6.1,-28.5],"size":[1,4,8.5],"uv":{"east":{"uv":[94,33],"uv_size":[9,4]},"west":{"uv":[94,50],"uv_size":[9,4]},"down":{"uv":[28,129],"uv_size":[1,-9]}}},{"origin":[1.5,5.74645,-20.84645],"size":[1,0.5,1],"pivot":[2,5.74645,-20.34645],"rotation":[-45,0,0],"uv":{"east":{"uv":[135,92],"uv_size":[1,1]},"west":{"uv":[135,93],"uv_size":[1,1]},"down":{"uv":[135,95],"uv_size":[1,-1]}}},{"origin":[-2.55,0.6,-44.9],"size":[5.1,5.5,8.6],"uv":{"north":{"uv":[98,63],"uv_size":[5,6]},"east":{"uv":[76,33],"uv_size":[9,6]},"west":{"uv":[75,79],"uv_size":[9,6]},"up":{"uv":[75,85],"uv_size":[5,9]}}},{"origin":[-2.55,5.1,-36.3],"size":[5.1,1,2.1],"pivot":[2.55,6.1,-36.3],"rotation":[-45,0,0],"uv":{"east":{"uv":[133,90],"uv_size":[2,1]},"west":{"uv":[133,104],"uv_size":[2,1]},"up":{"uv":[119,90],"uv_size":[5,2]}}},{"origin":[-2.55,0.6,-36.3],"size":[5.1,4.279,3.05],"uv":{"east":{"uv":[72,115],"uv_size":[3,4]},"west":{"uv":[8,116],"uv_size":[3,4]},"up":{"uv":[85,47],"uv_size":[5,3]}}},{"origin":[-2.55,0.6,-36.3],"size":[5.1,1,3.1],"pivot":[2.55,0.6,-36.3],"rotation":[-12.5,0,0],"uv":{"east":{"uv":[132,17],"uv_size":[3,1]},"west":{"uv":[132,18],"uv_size":[3,1]},"down":{"uv":[75,113],"uv_size":[5,-3]}}},{"origin":[-2.55,-0.07096,-33.27348],"size":[5.1,4.95,2],"uv":{"east":{"uv":[83,119],"uv_size":[2,5]},"west":{"uv":[98,119],"uv_size":[2,5]},"up":{"uv":[119,104],"uv_size":[5,2]},"down":{"uv":[119,108],"uv_size":[5,-2]}}},{"origin":[-2.55,-0.57096,-31.27348],"size":[5.1,5.45,3],"uv":{"north":{"uv":[37,102],"uv_size":[5,5]},"east":{"uv":[34,110],"uv_size":[3,5]},"south":{"uv":[87,102],"uv_size":[5,5]},"west":{"uv":[67,110],"uv_size":[3,5]},"up":{"uv":[81,110],"uv_size":[5,3]}}},{"origin":[-2.55,-0.57096,-20.27348],"size":[5.1,5.45,7.5],"uv":{"north":{"uv":[103,0],"uv_size":[5,5]},"east":{"uv":[96,0],"uv_size":[7,5]},"west":{"uv":[96,37],"uv_size":[7,5]},"up":{"uv":[96,85],"uv_size":[5,7]}}},{"origin":[1.95,-0.57096,-28.27348],"size":[0.6,5.45,8],"uv":{"west":{"uv":[88,28],"uv_size":[8,5]},"up":{"uv":[96,122],"uv_size":[1,8]},"down":{"uv":[4,131],"uv_size":[1,-8]}}},{"origin":[2.55,4.22904,-27.77348],"size":[1.5,0.5,6.5],"uv":{"west":{"uv":[125,12],"uv_size":[7,1]},"up":{"uv":[56,110],"uv_size":[2,7]},"down":{"uv":[100,117],"uv_size":[2,-7]}}},{"origin":[2.45,0.22904,-26.97348],"size":[1,2,0.5],"uv":{"north":{"uv":[133,106],"uv_size":[1,2]},"south":{"uv":[108,133],"uv_size":[1,2]},"west":{"uv":[133,108],"uv_size":[1,2]},"up":{"uv":[95,135],"uv_size":[1,1]},"down":{"uv":[135,96],"uv_size":[1,-1]}}},{"origin":[2.45,0.67904,-26.27348],"size":[1,1.5,3.5],"uv":{"north":{"uv":[135,96],"uv_size":[1,1]},"south":{"uv":[97,135],"uv_size":[1,1]},"west":{"uv":[106,130],"uv_size":[4,1]},"up":{"uv":[85,130],"uv_size":[1,4]},"down":{"uv":[86,134],"uv_size":[1,-4]}}},{"origin":[2.5,2.67904,-26.02348],"size":[0.5,0.5,3.5],"uv":{"west":{"uv":[114,130],"uv_size":[4,1]},"up":{"uv":[98,130],"uv_size":[1,4]},"down":{"uv":[99,134],"uv_size":[1,-4]}}},{"origin":[2.75,2.47904,-27.02348],"size":[0.5,1,1.5],"uv":{"north":{"uv":[99,135],"uv_size":[1,1]},"south":{"uv":[135,99],"uv_size":[1,1]},"west":{"uv":[133,110],"uv_size":[2,1]},"up":{"uv":[111,133],"uv_size":[1,2]},"down":{"uv":[112,135],"uv_size":[1,-2]}}},{"origin":[2.8,2.47904,-23.52348],"size":[0.5,1,1.5],"uv":{"north":{"uv":[100,135],"uv_size":[1,1]},"south":{"uv":[135,100],"uv_size":[1,1]},"west":{"uv":[113,133],"uv_size":[2,1]},"up":{"uv":[115,133],"uv_size":[1,2]},"down":{"uv":[133,117],"uv_size":[1,-2]}}},{"origin":[2.55,4.22904,-31.27348],"size":[1.5,0.5,3.5],"pivot":[4.05,4.22904,-27.77348],"rotation":[0,25,0],"uv":{"west":{"uv":[118,130],"uv_size":[4,1]},"up":{"uv":[44,123],"uv_size":[2,4]},"down":{"uv":[87,127],"uv_size":[2,-4]}}},{"origin":[1.05,4.22904,-22.77348],"size":[3,0.5,1.5],"pivot":[4.05,4.22904,-21.27348],"rotation":[0,60,0],"uv":{"south":{"uv":[32,132],"uv_size":[3,1]},"up":{"uv":[126,69],"uv_size":[3,2]},"down":{"uv":[70,128],"uv_size":[3,-2]}}},{"origin":[1.05,3.22904,-22.77348],"size":[3,0.5,1.5],"pivot":[4.05,3.22904,-21.27348],"rotation":[0,57.5,0],"uv":{"south":{"uv":[132,33],"uv_size":[3,1]},"west":{"uv":[133,121],"uv_size":[2,1]},"up":{"uv":[73,126],"uv_size":[3,2]},"down":{"uv":[126,85],"uv_size":[3,-2]}}},{"origin":[1.05,2.22904,-22.77348],"size":[3,0.5,1.5],"pivot":[4.05,2.22904,-21.27348],"rotation":[0,55,0],"uv":{"south":{"uv":[132,41],"uv_size":[3,1]},"west":{"uv":[133,122],"uv_size":[2,1]},"up":{"uv":[126,85],"uv_size":[3,2]},"down":{"uv":[106,128],"uv_size":[3,-2]}}},{"origin":[2.55,3.22904,-31.27348],"size":[1.5,0.5,3.5],"pivot":[4.05,3.22904,-27.77348],"rotation":[0,27.5,0],"uv":{"south":{"uv":[128,133],"uv_size":[2,1]},"west":{"uv":[126,130],"uv_size":[4,1]},"up":{"uv":[38,124],"uv_size":[2,4]},"down":{"uv":[124,42],"uv_size":[2,-4]}}},{"origin":[2.55,2.22904,-31.27348],"size":[1.5,0.5,3.5],"pivot":[4.05,2.22904,-27.77348],"rotation":[0,30,0],"uv":{"south":{"uv":[132,133],"uv_size":[2,1]},"west":{"uv":[130,130],"uv_size":[4,1]},"up":{"uv":[40,124],"uv_size":[2,4]},"down":{"uv":[124,48],"uv_size":[2,-4]}}},{"origin":[2.55,1.22904,-31.27348],"size":[1.5,0.5,3.5],"pivot":[4.05,1.22904,-27.77348],"rotation":[0,32.5,0],"uv":{"south":{"uv":[134,4],"uv_size":[2,1]},"west":{"uv":[131,27],"uv_size":[4,1]},"up":{"uv":[66,124],"uv_size":[2,4]},"down":{"uv":[68,128],"uv_size":[2,-4]}}},{"origin":[2.55,0.22904,-31.27348],"size":[1.5,0.5,3.5],"pivot":[4.05,0.22904,-27.77348],"rotation":[0,35,0],"uv":{"south":{"uv":[134,6],"uv_size":[2,1]},"west":{"uv":[34,131],"uv_size":[4,1]},"up":{"uv":[78,124],"uv_size":[2,4]},"down":{"uv":[80,128],"uv_size":[2,-4]}}},{"origin":[2.55,0.22904,-27.77348],"size":[1.5,4,0.5],"uv":{"north":{"uv":[82,124],"uv_size":[2,4]},"south":{"uv":[124,83],"uv_size":[2,4]},"west":{"uv":[3,131],"uv_size":[1,4]},"down":{"uv":[134,9],"uv_size":[2,-1]}}},{"origin":[2.55,2.22904,-21.77348],"size":[1.5,2,0.5],"uv":{"north":{"uv":[38,131],"uv_size":[2,2]},"south":{"uv":[40,131],"uv_size":[2,2]},"west":{"uv":[134,19],"uv_size":[1,2]},"down":{"uv":[134,15],"uv_size":[2,-1]}}},{"origin":[-2.55,-0.57096,-28.27348],"size":[0.6,4.95,8],"uv":{"east":{"uv":[88,38],"uv_size":[8,5]},"up":{"uv":[23,123],"uv_size":[1,8]},"down":{"uv":[30,131],"uv_size":[1,-8]}}},{"origin":[-2.55,4.37911,-28.77341],"size":[0.6,0.707,0.707],"pivot":[-1.95,4.37911,-28.77341],"rotation":[-45,0,0],"uv":{"east":{"uv":[135,101],"uv_size":[1,1]},"up":{"uv":[103,135],"uv_size":[1,1]}}},{"origin":[-2.55,4.37911,-20.77341],"size":[0.6,0.707,0.707],"pivot":[-1.95,4.37911,-20.77341],"rotation":[-45,0,0],"uv":{"north":{"uv":[135,104],"uv_size":[1,1]},"east":{"uv":[135,105],"uv_size":[1,1]}}},{"origin":[-2.55,-15.66336,-23.91293],"size":[5.1,7.5,1],"pivot":[2.55,-8.21336,-23.91293],"rotation":[20,0,0],"uv":{"east":{"uv":[46,123],"uv_size":[1,8]},"west":{"uv":[53,123],"uv_size":[1,8]}}},{"origin":[-2.5495,-12.1211,-17.25004],"size":[5.099,1.5,1.2],"pivot":[2.5495,-10.0211,-17.25004],"rotation":[-42.5,0,0],"uv":{"north":{"uv":[119,108],"uv_size":[5,2]},"east":{"uv":[134,21],"uv_size":[1,2]},"west":{"uv":[22,134],"uv_size":[1,2]}}},{"origin":[-2.5495,-1.3711,-24.75004],"size":[5.099,1.5,1.2],"pivot":[2.5495,0.7289,-24.75004],"rotation":[-42.5,0,0],"uv":{"east":{"uv":[135,109],"uv_size":[1,1]},"south":{"uv":[128,88],"uv_size":[5,1]},"west":{"uv":[135,110],"uv_size":[1,1]}}},{"origin":[-2.5475,-17.02096,-27.92348],"size":[5.095,16.45,2],"pivot":[2.5495,-0.62096,-27.92348],"rotation":[27.5,0,0],"uv":{"east":{"uv":[31,97],"uv_size":[2,16]},"south":{"uv":[62,31],"uv_size":[5,16]},"west":{"uv":[12,98],"uv_size":[2,16]}}},{"origin":[-2.5495,-16.62096,-23.42348],"size":[5.099,13.95,2.5],"pivot":[2.5495,-0.62096,-27.92348],"rotation":[27.5,0,0],"uv":{"north":{"uv":[29,64],"uv_size":[5,14]},"east":{"uv":[19,87],"uv_size":[3,14]},"west":{"uv":[34,87],"uv_size":[3,14]}}},{"origin":[-2.25,-15.02096,-25.92348],"size":[4.5,12.95,3],"pivot":[2.45,-0.62096,-27.92348],"rotation":[27.5,0,0],"uv":{"east":{"uv":[50,93],"uv_size":[3,13]},"west":{"uv":[59,93],"uv_size":[3,13]}}},{"origin":[-2.5495,-15.57096,-20.42348],"size":[5.099,4.05,13],"uv":{"east":{"uv":[81,63],"uv_size":[13,4]},"west":{"uv":[81,67],"uv_size":[13,4]},"up":{"uv":[8,72],"uv_size":[5,13]},"down":{"uv":[13,85],"uv_size":[5,-13]}}},{"origin":[-2.5495,-15.77096,-20.12348],"size":[5.099,15.25,6.525],"pivot":[2.5495,-0.52096,-20.12348],"rotation":[27.5,0,0],"uv":{"east":{"uv":[45,21],"uv_size":[7,15]},"west":{"uv":[31,49],"uv_size":[7,15]}}},{"origin":[-2.55,-15.57096,-21.37348],"size":[5.1,0.7,0.95],"uv":{"north":{"uv":[102,128],"uv_size":[5,1]},"east":{"uv":[111,135],"uv_size":[1,1]},"west":{"uv":[135,111],"uv_size":[1,1]},"down":{"uv":[128,107],"uv_size":[5,-1]}}},{"origin":[-2.55,-15.57096,-7.42348],"size":[5.1,1.3,3],"uv":{"east":{"uv":[132,49],"uv_size":[3,1]},"south":{"uv":[128,107],"uv_size":[5,1]},"west":{"uv":[132,50],"uv_size":[3,1]},"down":{"uv":[111,59],"uv_size":[5,-3]}}},{"origin":[-2.5505,2.77904,-14.77348],"size":[5.1,2.1,2],"pivot":[2.55,4.87904,-12.77348],"rotation":[52.5,0,0],"uv":{"east":{"uv":[131,51],"uv_size":[2,2]},"south":{"uv":[120,50],"uv_size":[5,2]},"west":{"uv":[56,131],"uv_size":[2,2]}}},{"origin":[-2.55,-15.49936,-14.10744],"size":[5.1,19.1,3],"pivot":[2.55,3.60064,-11.10744],"rotation":[20.5,0,0],"uv":{"east":{"uv":[45,74],"uv_size":[3,19]},"south":{"uv":[24,53],"uv_size":[5,19]},"west":{"uv":[3,78],"uv_size":[3,19]}}},{"origin":[-1.5,10.8,-44.55],"size":[3,1.15,54],"uv":{"north":{"uv":[58,132],"uv_size":[3,1]},"east":{"uv":[76,6],"uv_size":[54,1]},"south":{"uv":[61,132],"uv_size":[3,1]},"west":{"uv":[76,7],"uv_size":[54,1]},"up":{"uv":[8,0],"uv_size":[3,54]}}},{"origin":[-1.5,-1.45,-44.85],"size":[3,1.65,13.5],"uv":{"north":{"uv":[109,126],"uv_size":[3,2]},"east":{"uv":[96,30],"uv_size":[14,2]},"south":{"uv":[126,110],"uv_size":[3,2]},"west":{"uv":[98,69],"uv_size":[14,2]},"down":{"uv":[85,101],"uv_size":[3,-14]}}},{"origin":[-1.64038,10.91109,-44.55],"size":[0.6,0.6,54],"pivot":[-1.04038,11.56109,-44.55],"rotation":[0,0,45],"uv":{"north":{"uv":[112,135],"uv_size":[1,1]},"east":{"uv":[76,8],"uv_size":[54,1]},"south":{"uv":[135,112],"uv_size":[1,1]},"down":{"uv":[33,132],"uv_size":[1,-54]}}},{"origin":[-1.64038,-1.64038,-44.85],"size":[0.6,0.6,13.5],"pivot":[-1.04038,-0.99038,-44.85],"rotation":[0,0,45],"uv":{"north":{"uv":[135,113],"uv_size":[1,1]},"east":{"uv":[110,27],"uv_size":[14,1]},"south":{"uv":[114,135],"uv_size":[1,1]},"down":{"uv":[17,125],"uv_size":[1,-14]}}},{"origin":[1.35962,-1.64038,-44.85],"size":[0.6,0.6,13.5],"pivot":[1.95962,-0.99038,-44.85],"rotation":[0,0,45],"uv":{"north":{"uv":[135,114],"uv_size":[1,1]},"south":{"uv":[115,135],"uv_size":[1,1]},"west":{"uv":[112,70],"uv_size":[14,1]},"up":{"uv":[42,111],"uv_size":[1,14]}}},{"origin":[1.35962,10.91109,-44.55],"size":[0.6,0.6,54],"pivot":[1.95962,11.56109,-44.55],"rotation":[0,0,45],"uv":{"north":{"uv":[135,115],"uv_size":[1,1]},"south":{"uv":[116,135],"uv_size":[1,1]},"west":{"uv":[81,62],"uv_size":[54,1]},"up":{"uv":[48,81],"uv_size":[1,54]}}},{"origin":[3.28536,3.03536,-44.5],"size":[0.6,0.6,13],"pivot":[3.88536,3.68536,-44.5],"rotation":[0,0,45],"uv":{"north":{"uv":[135,116],"uv_size":[1,1]},"east":{"uv":[113,3],"uv_size":[13,1]},"south":{"uv":[117,135],"uv_size":[1,1]},"up":{"uv":[2,113],"uv_size":[1,13]}}},{"origin":[-3.56612,3.03536,-44.5],"size":[0.6,0.6,13],"pivot":[-2.96612,3.68536,-44.5],"rotation":[0,0,45],"uv":{"north":{"uv":[135,117],"uv_size":[1,1]},"east":{"uv":[113,23],"uv_size":[13,1]},"south":{"uv":[118,135],"uv_size":[1,1]},"up":{"uv":[31,113],"uv_size":[1,13]}}},{"origin":[-3.56612,0.03536,-44.5],"size":[0.6,0.6,13],"pivot":[-2.96612,0.68536,-44.5],"rotation":[0,0,45],"uv":{"north":{"uv":[135,118],"uv_size":[1,1]},"south":{"uv":[119,135],"uv_size":[1,1]},"west":{"uv":[113,26],"uv_size":[13,1]},"down":{"uv":[63,126],"uv_size":[1,-13]}}},{"origin":[3.28536,0.03536,-44.5],"size":[0.6,0.6,13],"pivot":[3.88536,0.68536,-44.5],"rotation":[0,0,45],"uv":{"north":{"uv":[135,119],"uv_size":[1,1]},"south":{"uv":[120,135],"uv_size":[1,1]},"west":{"uv":[113,29],"uv_size":[13,1]},"down":{"uv":[65,126],"uv_size":[1,-13]}}},{"origin":[-2.5,4.85,-20],"size":[5,5.25,11.5],"uv":{"north":{"uv":[103,37],"uv_size":[5,5]},"east":{"uv":[76,23],"uv_size":[12,5]},"west":{"uv":[76,28],"uv_size":[12,5]}}},{"origin":[-2.4995,2.65,-9.05],"size":[4.999,3,1],"uv":{"east":{"uv":[20,132],"uv_size":[1,3]},"south":{"uv":[112,67],"uv_size":[5,3]},"west":{"uv":[21,132],"uv_size":[1,3]}}},{"origin":[-2.4995,-1.29429,-7.11927],"size":[4.999,1.5,1.5],"pivot":[2.4995,0.20571,-7.11927],"rotation":[-25,0,0],"uv":{"east":{"uv":[134,23],"uv_size":[2,1]},"south":{"uv":[125,128],"uv_size":[5,1]},"west":{"uv":[134,24],"uv_size":[2,1]},"up":{"uv":[120,75],"uv_size":[5,2]}}},{"origin":[-2.50025,5.6,-8.55],"size":[5.0005,1,2],"pivot":[-2.5,5.6,-6.55],"rotation":[20,0,0],"uv":{"east":{"uv":[134,25],"uv_size":[2,1]},"west":{"uv":[134,26],"uv_size":[2,1]},"down":{"uv":[120,83],"uv_size":[5,-2]}}},{"origin":[-2.4995,4.85,-11.6],"size":[4.999,2.6,22.5],"pivot":[2,4.85,-11.6],"rotation":[-69.7,0,0],"uv":{"east":{"uv":[67,56],"uv_size":[23,3]},"south":{"uv":[112,92],"uv_size":[5,3]},"west":{"uv":[67,59],"uv_size":[23,3]},"up":{"uv":[28,12],"uv_size":[5,23]},"down":{"uv":[14,53],"uv_size":[5,-23]}}},{"origin":[-2.2495,-16.2525,-13.79395],"size":[4.499,2.1,10],"uv":{"north":{"uv":[124,59],"uv_size":[4,2]},"east":{"uv":[108,4],"uv_size":[10,2]},"west":{"uv":[108,40],"uv_size":[10,2]},"down":{"uv":[88,102],"uv_size":[4,-10]}}},{"origin":[0.0005,-15.35047,-2.35544],"size":[2.499,9.6,1],"pivot":[2.4995,-15.35047,-1.35544],"rotation":[-68.65266,-3.72636,-1.45506],"uv":{"north":{"uv":[29,53],"uv_size":[2,10]},"south":{"uv":[8,106],"uv_size":[2,10]},"west":{"uv":[24,117],"uv_size":[1,10]}}},{"origin":[-2.4995,-15.35047,-2.35544],"size":[2.499,9.6,1],"pivot":[-2.4995,-15.35047,-1.35544],"rotation":[-68.65266,3.72636,1.45506],"uv":{"north":{"uv":[10,106],"uv_size":[2,10]},"east":{"uv":[5,118],"uv_size":[1,10]},"south":{"uv":[45,106],"uv_size":[2,10]}}},{"origin":[-2.4995,-11.69797,-3.66149],"size":[4.999,2.6,6],"pivot":[2.4995,-9.09797,-3.66149],"rotation":[-49.5,0,0],"uv":{"east":{"uv":[108,75],"uv_size":[6,3]},"south":{"uv":[112,98],"uv_size":[5,3]},"west":{"uv":[108,78],"uv_size":[6,3]},"up":{"uv":[95,99],"uv_size":[5,6]}}},{"origin":[-2.4995,4.81894,-12.77347],"size":[4.999,1.1,2.5],"pivot":[2.4995,4.81894,-12.77347],"rotation":[-37.2,0,0],"uv":{"east":{"uv":[64,132],"uv_size":[3,1]},"west":{"uv":[67,132],"uv_size":[3,1]}}},{"origin":[-2.5,5.6,-8.5],"size":[5,4.5,16.5],"uv":{"east":{"uv":[56,10],"uv_size":[17,5]},"west":{"uv":[57,51],"uv_size":[17,5]},"down":{"uv":[57,73],"uv_size":[5,-17]}}},{"origin":[-2.5,6.3,8],"size":[5,3.8,2.0005],"uv":{"east":{"uv":[92,124],"uv_size":[2,4]},"south":{"uv":[70,108],"uv_size":[5,4]},"west":{"uv":[94,124],"uv_size":[2,4]}}},{"origin":[-2.5,5.6,8],"size":[5,0.7,2.125],"pivot":[2.5,5.6,8],"rotation":[19.5,0,0],"uv":{"east":{"uv":[134,34],"uv_size":[2,1]},"west":{"uv":[134,35],"uv_size":[2,1]},"down":{"uv":[34,123],"uv_size":[5,-2]}}},{"origin":[-1.35,0.68551,2.08492],"size":[2.7,1.5,1.5],"pivot":[1.85,3.68551,2.08492],"rotation":[-25,0,0],"uv":{"north":{"uv":[70,132],"uv_size":[3,1]},"east":{"uv":[134,36],"uv_size":[2,1]},"west":{"uv":[134,37],"uv_size":[2,1]},"down":{"uv":[126,119],"uv_size":[3,-2]}}},{"origin":[-2.45,-0.67396,-6.549],"size":[2.2,0.5,4.5],"pivot":[-2.45,-0.17396,-6.549],"rotation":[0,15,0],"uv":{"east":{"uv":[39,129],"uv_size":[5,1]},"south":{"uv":[39,134],"uv_size":[2,1]},"up":{"uv":[14,120],"uv_size":[2,5]},"down":{"uv":[26,125],"uv_size":[2,-5]}}},{"origin":[-0.25,-0.67396,-6.549],"size":[2.7,0.5,4.5],"pivot":[2.45,-0.17396,-6.549],"rotation":[0,-15,0],"uv":{"south":{"uv":[87,132],"uv_size":[3,1]},"west":{"uv":[129,54],"uv_size":[5,1]},"up":{"uv":[14,111],"uv_size":[3,5]},"down":{"uv":[22,117],"uv_size":[3,-5]}}},{"origin":[-1.35,-0.67396,-2.549],"size":[2.7,0.5,4],"pivot":[1.35,-0.17396,-2.549],"rotation":[22.5,0,0],"uv":{"north":{"uv":[90,132],"uv_size":[3,1]},"east":{"uv":[131,53],"uv_size":[4,1]},"west":{"uv":[131,56],"uv_size":[4,1]},"up":{"uv":[14,116],"uv_size":[3,4]},"down":{"uv":[26,120],"uv_size":[3,-4]}}},{"origin":[-0.65,1.82604,-1.049],"size":[1.5,4,0.5],"pivot":[0.85,5.82604,-1.049],"rotation":[-17.5,0,0],"uv":{"north":{"uv":[98,124],"uv_size":[2,4]},"east":{"uv":[4,131],"uv_size":[1,4]},"south":{"uv":[104,124],"uv_size":[2,4]},"west":{"uv":[23,131],"uv_size":[1,4]},"down":{"uv":[134,44],"uv_size":[2,-1]}}},{"origin":[-1.855,-13.4,0.75],"size":[3.71,19,6],"pivot":[2.35,5.6,0],"rotation":[20,0,0],"uv":{"east":{"uv":[19,30],"uv_size":[6,19]},"south":{"uv":[52,62],"uv_size":[4,19]},"west":{"uv":[33,12],"uv_size":[6,19]},"down":{"uv":[14,111],"uv_size":[4,-6]}}},{"origin":[-1.35,-13.4,0.25],"size":[2.7,19,0.5],"pivot":[2.35,5.6,0],"rotation":[20,0,0],"uv":{"north":{"uv":[27,78],"uv_size":[3,19]}}},{"origin":[0.643,-13.31449,0.23492],"size":[0.707,19,0.707],"pivot":[1.35,5.68551,0.23492],"rotation":[27.23631,41.64114,18.88172],"uv":{"west":{"uv":[59,106],"uv_size":[1,19]}}},{"origin":[-2.057,-13.31449,0.23492],"size":[0.707,19,0.707],"pivot":[-1.35,5.68551,0.23492],"rotation":[27.23631,41.64114,18.88172],"uv":{"north":{"uv":[60,106],"uv_size":[1,19]}}},{"origin":[-1.85,-5.17687,7.208],"size":[3.7,7.5,1.15],"pivot":[1.85,2.32313,8.358],"rotation":[29,0,0],"uv":{"east":{"uv":[89,123],"uv_size":[1,7]},"south":{"uv":[14,98],"uv_size":[4,7]},"west":{"uv":[58,124],"uv_size":[1,7]}}},{"origin":[-1.85,-7.73652,10.74407],"size":[3.7,3.5,1.25],"pivot":[1.85,-4.23652,11.99407],"rotation":[20,0,0],"uv":{"east":{"uv":[24,132],"uv_size":[1,3]},"south":{"uv":[116,50],"uv_size":[4,3]},"west":{"uv":[26,132],"uv_size":[1,3]}}},{"origin":[-1.85,-9.97544,11.94114],"size":[3.7,2.45,1.25],"pivot":[1.85,-7.52544,13.19114],"rotation":[-8.2,0,0],"uv":{"east":{"uv":[134,44],"uv_size":[1,2]},"south":{"uv":[124,104],"uv_size":[4,2]},"west":{"uv":[134,46],"uv_size":[1,2]}}},{"origin":[-1.85,3.85,7.15],"size":[3.7,2.5,1.5],"pivot":[-1.85,6.05,7.65],"rotation":[-20,0,0],"uv":{"east":{"uv":[56,126],"uv_size":[2,3]},"south":{"uv":[81,116],"uv_size":[4,3]},"west":{"uv":[64,126],"uv_size":[2,3]}}},{"origin":[-2.5,4.85,-35],"size":[1,1.25,6.5],"uv":{"east":{"uv":[125,13],"uv_size":[7,1]},"south":{"uv":[123,135],"uv_size":[1,1]},"west":{"uv":[125,15],"uv_size":[7,1]}}},{"origin":[-2.5,4.85,-36.8175],"size":[1,1,2.2675],"pivot":[-1.5,4.85,-35.05],"rotation":[-45,0,0],"uv":{"east":{"uv":[134,48],"uv_size":[2,1]},"west":{"uv":[134,51],"uv_size":[2,1]}}},{"origin":[-1.84266,-0.10711,-44.9],"size":[3.68555,0.70721,14],"uv":{"north":{"uv":[131,75],"uv_size":[4,1]},"down":{"uv":[71,93],"uv_size":[4,-14]}}},{"origin":[-1.79289,10.09989,-45],"size":[3.58557,0.70721,55],"uv":{"north":{"uv":[131,76],"uv_size":[4,1]},"south":{"uv":[131,77],"uv_size":[4,1]},"up":{"uv":[0,0],"uv_size":[4,55]}}},{"origin":[-2.64645,9.74645,-44.9995],"size":[1,1,16.5],"pivot":[-2.14645,9.74645,-44.995],"rotation":[0,0,45],"uv":{"north":{"uv":[135,124],"uv_size":[1,1]},"east":{"uv":[96,42],"uv_size":[17,1]},"south":{"uv":[125,135],"uv_size":[1,1]}}},{"origin":[-1.79289,10.30711,-28.5],"size":[0.5,0.5,8.5],"pivot":[-1.79289,10.80711,-28.5],"rotation":[0,0,45],"uv":{"east":{"uv":[62,50],"uv_size":[9,1]}}},{"origin":[-2.64645,9.74645,-20],"size":[1,1,30],"pivot":[-2.14645,9.74645,-19.5],"rotation":[0,0,45],"uv":{"north":{"uv":[135,126],"uv_size":[1,1]},"east":{"uv":[89,13],"uv_size":[30,1]},"south":{"uv":[127,135],"uv_size":[1,1]}}},{"origin":[-2.69645,0.24645,-44.9],"size":[1,1,14],"pivot":[-2.19645,0.24645,-44.4],"rotation":[0,0,45],"uv":{"north":{"uv":[135,127],"uv_size":[1,1]},"down":{"uv":[25,126],"uv_size":[1,-14]}}},{"origin":[-1.84287,-1.27807,-31.27348],"size":[3.68555,0.70721,4],"uv":{"north":{"uv":[131,78],"uv_size":[4,1]},"down":{"uv":[109,48],"uv_size":[4,-4]}}},{"origin":[0.98934,-0.92452,-31.27348],"size":[1,1,4],"pivot":[1.48934,-0.92452,-30.77348],"rotation":[0,0,45],"uv":{"north":{"uv":[135,128],"uv_size":[1,1]},"west":{"uv":[89,131],"uv_size":[4,1]}}},{"origin":[-2.69645,-0.92452,-31.27348],"size":[1,1,4],"pivot":[-2.19645,-0.92452,-30.77348],"rotation":[0,0,45],"uv":{"north":{"uv":[135,129],"uv_size":[1,1]},"down":{"uv":[74,135],"uv_size":[1,-4]}}},{"origin":[-1.84287,-1.32157,-28.84261],"size":[3.68555,0.70721,9],"pivot":[1.24268,-1.32157,-28.34261],"rotation":[-62.5,0,0],"uv":{"down":{"uv":[72,103],"uv_size":[4,-9]}}},{"origin":[1.74268,-3.62157,-27.29261],"size":[1,1,2],"pivot":[2.14268,-3.62157,-26.79261],"rotation":[-62.5,0,0],"uv":{"north":{"uv":[135,130],"uv_size":[1,1]},"south":{"uv":[131,135],"uv_size":[1,1]},"west":{"uv":[54,134],"uv_size":[2,1]},"up":{"uv":[134,58],"uv_size":[1,2]},"down":{"uv":[134,62],"uv_size":[1,-2]}}},{"origin":[0.98934,-1.15832,-28.529],"size":[1,1,9],"pivot":[1.48934,-1.15832,-28.029],"rotation":[-53.6398,38.8447,24.7851],"uv":{"west":{"uv":[117,69],"uv_size":[9,1]}}},{"origin":[-2.69645,-1.15832,-28.529],"size":[1,1,9],"pivot":[-2.19645,-1.15832,-28.029],"rotation":[-53.6398,38.8447,24.7851],"uv":{"down":{"uv":[86,130],"uv_size":[1,-9]}}},{"origin":[-1.84287,-9.34792,-25.25247],"size":[3.68555,0.70721,7.5],"pivot":[1.24268,-9.34792,-24.25247],"rotation":[-70,0,0],"uv":{"down":{"uv":[100,106],"uv_size":[4,-7]}}},{"origin":[0.98934,-9.22699,-24.92024],"size":[1,1,7.5],"pivot":[1.48934,-9.22699,-23.92024],"rotation":[-62.7637,41.6411,18.8817],"uv":{"west":{"uv":[125,32],"uv_size":[7,1]}}},{"origin":[-2.69645,-9.22699,-24.92024],"size":[1,1,7.5],"pivot":[-2.19645,-9.22699,-23.92024],"rotation":[-62.7637,41.6411,18.8817],"uv":{"down":{"uv":[27,132],"uv_size":[1,-7]}}},{"origin":[-1.84287,-16.07807,-23.07348],"size":[3.68555,0.70721,0.5],"pivot":[1.24268,-16.07807,-22.07348],"rotation":[-90,0,0],"uv":{"south":{"uv":[116,131],"uv_size":[4,1]},"down":{"uv":[131,124],"uv_size":[4,-1]}}},{"origin":[0.98934,-16.07807,-22.71993],"size":[1,1,0.5],"pivot":[1.48934,-16.07807,-21.71993],"rotation":[-90,45,0],"uv":{"south":{"uv":[2,136],"uv_size":[1,1]},"west":{"uv":[136,2],"uv_size":[1,1]}}},{"origin":[-2.69645,-16.07807,-22.71993],"size":[1,1,0.5],"pivot":[-2.19645,-16.07807,-21.71993],"rotation":[-90,45,0],"uv":{"south":{"uv":[5,136],"uv_size":[1,1]},"down":{"uv":[136,7],"uv_size":[1,-1]}}},{"origin":[0.98934,0.24645,-44.9],"size":[1,1,14],"pivot":[1.48934,0.24645,-44.4],"rotation":[0,0,45],"uv":{"north":{"uv":[7,136],"uv_size":[1,1]},"west":{"uv":[113,2],"uv_size":[14,1]}}},{"origin":[0.93934,9.74645,-44.9995],"size":[1,1,55],"pivot":[1.43934,9.74645,-44.495],"rotation":[0,0,45],"uv":{"north":{"uv":[8,136],"uv_size":[1,1]},"south":{"uv":[136,8],"uv_size":[1,1]},"up":{"uv":[18,72],"uv_size":[1,55]}}},{"origin":[-2.74,7.39603,-34.89301],"size":[5.5,1.32,2.28624],"uv":{"north":{"uv":[126,3],"uv_size":[6,1]},"east":{"uv":[134,54],"uv_size":[2,1]},"south":{"uv":[126,41],"uv_size":[6,1]},"west":{"uv":[134,63],"uv_size":[2,1]}}},{"origin":[-2.74,7.06608,-34.98147],"size":[5.5,2.28624,1.32],"pivot":[2.1,7.06608,-34.32147],"rotation":[-30,0,0],"uv":{"east":{"uv":[67,134],"uv_size":[1,2]},"west":{"uv":[68,134],"uv_size":[1,2]},"up":{"uv":[126,49],"uv_size":[6,1]},"down":{"uv":[126,74],"uv_size":[6,-1]}}},{"origin":[-2.82,7.60608,-34.55832],"size":[5.7,0.9,0.9],"pivot":[2.22,7.60608,-33.89832],"rotation":[-45,0,0],"uv":{"north":{"uv":[126,119],"uv_size":[6,1]},"east":{"uv":[9,136],"uv_size":[1,1]},"south":{"uv":[120,126],"uv_size":[6,1]},"west":{"uv":[136,9],"uv_size":[1,1]},"up":{"uv":[126,120],"uv_size":[6,1]},"down":{"uv":[126,122],"uv_size":[6,-1]}}},{"origin":[-2.77,0.65608,-31.40832],"size":[5.5,1,1],"pivot":[2.07,0.65608,-30.74832],"rotation":[-45,0,0],"uv":{"north":{"uv":[126,122],"uv_size":[6,1]},"east":{"uv":[10,136],"uv_size":[1,1]},"south":{"uv":[126,125],"uv_size":[6,1]},"west":{"uv":[136,10],"uv_size":[1,1]},"up":{"uv":[126,126],"uv_size":[6,1]},"down":{"uv":[127,1],"uv_size":[6,-1]}}},{"origin":[-2.77,0.20608,-21.90832],"size":[5.5,1,1.5],"uv":{"north":{"uv":[127,1],"uv_size":[6,1]},"east":{"uv":[134,64],"uv_size":[2,1]},"south":{"uv":[127,2],"uv_size":[6,1]},"west":{"uv":[134,69],"uv_size":[2,1]},"up":{"uv":[117,19],"uv_size":[6,2]},"down":{"uv":[117,32],"uv_size":[6,-2]}}},{"origin":[-3.02,-4.79392,-25.90832],"size":[1,1.25,2],"pivot":[-2.68,-4.79392,-25.24832],"rotation":[20,0,0],"uv":{"north":{"uv":[11,136],"uv_size":[1,1]},"east":{"uv":[134,70],"uv_size":[2,1]},"south":{"uv":[136,11],"uv_size":[1,1]},"up":{"uv":[85,134],"uv_size":[1,2]},"down":{"uv":[86,136],"uv_size":[1,-2]}}},{"origin":[-2.77,-4.09392,-19.55832],"size":[5.5,1,1],"pivot":[2.07,-4.09392,-18.89832],"rotation":[-45,0,0],"uv":{"north":{"uv":[127,19],"uv_size":[6,1]},"east":{"uv":[12,136],"uv_size":[1,1]},"south":{"uv":[127,20],"uv_size":[6,1]},"west":{"uv":[136,12],"uv_size":[1,1]},"up":{"uv":[127,30],"uv_size":[6,1]},"down":{"uv":[127,32],"uv_size":[6,-1]}}},{"origin":[-2.77,-12.59392,-16.55832],"size":[5.5,1,1],"pivot":[2.07,-12.59392,-15.89832],"rotation":[-45,0,0],"uv":{"north":{"uv":[127,43],"uv_size":[6,1]},"east":{"uv":[13,136],"uv_size":[1,1]},"south":{"uv":[127,63],"uv_size":[6,1]},"west":{"uv":[136,13],"uv_size":[1,1]},"up":{"uv":[127,64],"uv_size":[6,1]},"down":{"uv":[127,68],"uv_size":[6,-1]}}},{"origin":[-2.74,7.06608,-33.83832],"size":[5.5,2.28624,1.32],"pivot":[2.1,7.06608,-33.17832],"rotation":[30,0,0],"uv":{"east":{"uv":[87,134],"uv_size":[1,2]},"west":{"uv":[88,134],"uv_size":[1,2]},"up":{"uv":[127,68],"uv_size":[6,1]},"down":{"uv":[127,72],"uv_size":[6,-1]}}},{"origin":[-2.74,7.09603,-10.99301],"size":[5.5,1.32,2.28624],"uv":{"north":{"uv":[127,72],"uv_size":[6,1]},"east":{"uv":[134,88],"uv_size":[2,1]},"south":{"uv":[127,92],"uv_size":[6,1]},"west":{"uv":[134,89],"uv_size":[2,1]}}},{"origin":[-2.74,6.76608,-11.08147],"size":[5.5,2.28624,1.32],"pivot":[2.1,6.76608,-10.42147],"rotation":[-30,0,0],"uv":{"east":{"uv":[134,92],"uv_size":[1,2]},"west":{"uv":[134,94],"uv_size":[1,2]},"up":{"uv":[127,93],"uv_size":[6,1]},"down":{"uv":[127,95],"uv_size":[6,-1]}}},{"origin":[-2.82,7.30608,-10.65832],"size":[5.7,0.9,0.9],"pivot":[2.22,7.30608,-9.99832],"rotation":[-45,0,0],"uv":{"north":{"uv":[127,95],"uv_size":[6,1]},"east":{"uv":[14,136],"uv_size":[1,1]},"south":{"uv":[127,96],"uv_size":[6,1]},"west":{"uv":[136,14],"uv_size":[1,1]},"up":{"uv":[127,97],"uv_size":[6,1]},"down":{"uv":[127,99],"uv_size":[6,-1]}}},{"origin":[-2.74,6.76608,-9.93832],"size":[5.5,2.28624,1.32],"pivot":[2.1,6.76608,-9.27832],"rotation":[30,0,0],"uv":{"east":{"uv":[96,134],"uv_size":[1,2]},"west":{"uv":[134,96],"uv_size":[1,2]},"up":{"uv":[127,99],"uv_size":[6,1]},"down":{"uv":[127,101],"uv_size":[6,-1]}}},{"origin":[-2.74,-14.90397,-3.44301],"size":[5.5,1.32,2.28624],"uv":{"north":{"uv":[127,101],"uv_size":[6,1]},"east":{"uv":[98,134],"uv_size":[2,1]},"south":{"uv":[127,102],"uv_size":[6,1]},"west":{"uv":[134,98],"uv_size":[2,1]}}},{"origin":[-2.74,-15.23392,-3.53147],"size":[5.5,2.28624,1.32],"pivot":[2.1,-15.23392,-2.87147],"rotation":[-30,0,0],"uv":{"east":{"uv":[134,99],"uv_size":[1,2]},"west":{"uv":[134,101],"uv_size":[1,2]},"up":{"uv":[127,103],"uv_size":[6,1]},"down":{"uv":[120,128],"uv_size":[6,-1]}}},{"origin":[-2.82,-14.69392,-3.10832],"size":[5.7,0.9,0.9],"pivot":[2.22,-14.69392,-2.44832],"rotation":[-45,0,0],"uv":{"north":{"uv":[126,127],"uv_size":[6,1]},"east":{"uv":[15,136],"uv_size":[1,1]},"south":{"uv":[128,4],"uv_size":[6,1]},"west":{"uv":[136,15],"uv_size":[1,1]},"up":{"uv":[128,5],"uv_size":[6,1]},"down":{"uv":[128,15],"uv_size":[6,-1]}}},{"origin":[-2.74,-15.23392,-2.38832],"size":[5.5,2.28624,1.32],"pivot":[2.1,-15.23392,-1.72832],"rotation":[30,0,0],"uv":{"east":{"uv":[105,134],"uv_size":[1,2]},"west":{"uv":[106,134],"uv_size":[1,2]},"up":{"uv":[128,21],"uv_size":[6,1]},"down":{"uv":[128,23],"uv_size":[6,-1]}}},{"origin":[-2.74,-14.70397,-13.79301],"size":[5.5,1.32,2.28624],"uv":{"north":{"uv":[128,23],"uv_size":[6,1]},"east":{"uv":[134,103],"uv_size":[2,1]},"south":{"uv":[128,24],"uv_size":[6,1]},"west":{"uv":[134,106],"uv_size":[2,1]}}},{"origin":[-2.74,-15.03392,-13.88147],"size":[5.5,2.28624,1.32],"pivot":[2.1,-15.03392,-13.22147],"rotation":[-30,0,0],"uv":{"east":{"uv":[134,107],"uv_size":[1,2]},"west":{"uv":[109,134],"uv_size":[1,2]},"up":{"uv":[128,25],"uv_size":[6,1]},"down":{"uv":[128,27],"uv_size":[6,-1]}}},{"origin":[-2.82,-14.49392,-13.45832],"size":[5.7,0.9,0.9],"pivot":[2.22,-14.49392,-12.79832],"rotation":[-45,0,0],"uv":{"north":{"uv":[34,128],"uv_size":[6,1]},"east":{"uv":[16,136],"uv_size":[1,1]},"south":{"uv":[128,34],"uv_size":[6,1]},"west":{"uv":[136,16],"uv_size":[1,1]},"up":{"uv":[128,35],"uv_size":[6,1]},"down":{"uv":[128,37],"uv_size":[6,-1]}}},{"origin":[-2.74,-15.03392,-12.73832],"size":[5.5,2.28624,1.32],"pivot":[2.1,-15.03392,-12.07832],"rotation":[30,0,0],"uv":{"east":{"uv":[110,134],"uv_size":[1,2]},"west":{"uv":[113,134],"uv_size":[1,2]},"up":{"uv":[128,37],"uv_size":[6,1]},"down":{"uv":[128,39],"uv_size":[6,-1]}}}]},{"name":"barrel","parent":"gun","pivot":[0,7.9,-33.5],"cubes":[{"origin":[-1.34235,1.13101,-53.95855],"size":[2.68449,1.11187,9.1],"pivot":[1.34214,2.24287,-53.95855],"rotation":[0,0,45],"uv":{"east":{"uv":[120,58],"uv_size":[9,1]},"west":{"uv":[120,61],"uv_size":[9,1]}}},{"origin":[-1.34235,2.24287,-53.95855],"size":[2.68449,1.11187,9.1],"uv":{"east":{"uv":[121,113],"uv_size":[9,1]},"west":{"uv":[121,114],"uv_size":[9,1]}}},{"origin":[0.23013,1.59141,-53.95855],"size":[1.11187,2.68449,9.1],"pivot":[0.23013,3.81514,-53.40261],"rotation":[0,0,45],"uv":{"up":{"uv":[116,121],"uv_size":[1,9]},"down":{"uv":[117,130],"uv_size":[1,-9]}}},{"origin":[-0.55593,1.45646,-53.95855],"size":[1.11187,2.68449,9.1],"uv":{"up":{"uv":[118,121],"uv_size":[1,9]},"down":{"uv":[119,130],"uv_size":[1,-9]}}}]},{"name":"muzzle","parent":"gun","pivot":[0,8.925,-33],"cubes":[{"origin":[-1.61082,0.80221,-57.55025],"size":[3.22139,1.33424,4],"pivot":[1.61057,2.13645,-57.55025],"rotation":[0,0,45],"uv":{"north":{"uv":[118,132],"uv_size":[3,1]},"east":{"uv":[124,131],"uv_size":[4,1]},"south":{"uv":[132,119],"uv_size":[3,1]},"west":{"uv":[131,124],"uv_size":[4,1]}}},{"origin":[-1.61082,2.13645,-57.55025],"size":[3.22139,1.33424,4],"uv":{"north":{"uv":[132,120],"uv_size":[3,1]},"east":{"uv":[128,131],"uv_size":[4,1]},"south":{"uv":[121,132],"uv_size":[3,1]},"west":{"uv":[132,3],"uv_size":[4,1]}}},{"origin":[0.27615,1.35469,-57.55025],"size":[1.33424,3.22139,4],"pivot":[0.27615,4.02317,-56.88314],"rotation":[0,0,45],"uv":{"north":{"uv":[51,132],"uv_size":[1,3]},"south":{"uv":[73,132],"uv_size":[1,3]},"up":{"uv":[80,131],"uv_size":[1,4]},"down":{"uv":[81,135],"uv_size":[1,-4]}}},{"origin":[0.31039,1.55469,-57.5603],"size":[2,2,4],"pivot":[0.97615,4.22317,-56.88314],"rotation":[0,0,45],"uv":{"north":{"uv":[0,132],"uv_size":[2,2]}}},{"origin":[-0.66712,1.19275,-57.55025],"size":[1.33424,3.22139,4],"uv":{"north":{"uv":[79,132],"uv_size":[1,3]},"south":{"uv":[83,132],"uv_size":[1,3]},"up":{"uv":[84,131],"uv_size":[1,4]},"down":{"uv":[7,136],"uv_size":[1,-4]}}}]},{"name":"right_arm","parent":"gun","pivot":[-6.05,-3.7,49.6],"rotation":[-92.76355,-5.2647,5.25264],"cubes":[{"origin":[-10.3,-57.7,43.1],"size":[9,54,12],"uv":{"north":{"uv":[41,35],"uv_size":[21,126]},"east":{"uv":[13,35],"uv_size":[28,126]},"south":{"uv":[90,35],"uv_size":[21,126]},"west":{"uv":[62,35],"uv_size":[28,126]},"up":{"uv":[41,7],"uv_size":[21,28]},"down":{"uv":[62,35],"uv_size":[21,-28]}}}]},{"name":"left_arm","parent":"gun","pivot":[21.1,-24.8,5.7],"rotation":[-91.781,33.99015,48.52977],"cubes":[{"origin":[16.6,-78.8,-0.3],"size":[9,54,12],"uv":{"north":{"uv":[42,33],"uv_size":[21,126]},"east":{"uv":[14,33],"uv_size":[28,126]},"south":{"uv":[91,33],"uv_size":[21,126]},"west":{"uv":[63,33],"uv_size":[28,126]},"up":{"uv":[42,5],"uv_size":[21,28]},"down":{"uv":[63,33],"uv_size":[21,-28]}}}]},{"name":"s_muzzle","parent":"gun","pivot":[0,2.8,-53.45]},{"name":"s_grip","parent":"gun","pivot":[0,-1.4,-38]},{"name":"s_left","parent":"gun","pivot":[3.85,2.15,-38]},{"name":"s_right","parent":"gun","pivot":[-3.85,2.15,-38]},{"name":"s_scope","parent":"gun","pivot":[0,11.925,-12]},{"name":"s_mag","parent":"gun","pivot":[0,-16,-18]},{"name":"s_stock","parent":"gun","pivot":[0,8.4,10]},{"name":"camera","parent":"root","pivot":[6.5,19.2,30.5]}]}]}