{"format_version":"1.12.0","minecraft:geometry":[{"description":{"identifier":"geometry.unknown","texture_width":256,"texture_height":256,"visible_bounds_width":16,"visible_bounds_height":4,"visible_bounds_offset":[0,0,0]},"bones":[{"name":"root","pivot":[0,0,0]},{"name":"gun","parent":"root","pivot":[0,-0.35,0.625]},{"name":"right_arm","parent":"gun","pivot":[-4.50775,-12.965,57.818],"rotation":[-92.7551,-2.7676,5.132],"cubes":[{"origin":[-8.794,-66.965,51.3905],"size":[9,54,12],"uv":{"north":{"uv":[9,54],"uv_size":[9,54]},"east":{"uv":[24,0],"uv_size":[12,54]},"south":{"uv":[18,54],"uv_size":[9,54]},"west":{"uv":[36,0],"uv_size":[12,54]},"up":{"uv":[115,24],"uv_size":[9,12]},"down":{"uv":[115,48],"uv_size":[9,-12]}}}]},{"name":"barrel","parent":"gun","pivot":[0,4.9225,-110.525],"cubes":[{"origin":[-1.96423,2.5756,-119.54495],"size":[3.92815,1.62697,99.75],"pivot":[1.96392,4.20257,-119.54495],"rotation":[0,0,45],"uv":{"east":{"uv":[32,16],"uv_size":[100,2]},"south":{"uv":[142,6],"uv_size":[4,2]},"west":{"uv":[32,18],"uv_size":[100,2]}}},{"origin":[-1.96405,4.20257,-119.54495],"size":[3.92815,1.62697,99.75],"uv":{"east":{"uv":[32,20],"uv_size":[100,2]},"south":{"uv":[68,142],"uv_size":[4,2]},"west":{"uv":[32,22],"uv_size":[100,2]}}},{"origin":[0.33674,3.2493,-119.54495],"size":[1.62697,3.92815,99.75],"pivot":[0.33674,6.50323,-118.73147],"rotation":[0,0,45],"uv":{"south":{"uv":[34,131],"uv_size":[2,4]},"up":{"uv":[32,24],"uv_size":[2,100]},"down":{"uv":[34,124],"uv_size":[2,-100]}}},{"origin":[-0.81348,3.05183,-119.54495],"size":[1.62697,3.92815,99.75],"uv":{"south":{"uv":[106,140],"uv_size":[2,4]},"up":{"uv":[36,24],"uv_size":[2,100]},"down":{"uv":[38,124],"uv_size":[2,-100]}}}]},{"name":"front_IS","parent":"gun","pivot":[0,8.72775,-28.78],"cubes":[{"origin":[-2.22428,7.6932,-29.81455],"size":[4.44857,2.0691,0.77591],"uv":{"east":{"uv":[80,68],"uv_size":[1,2]},"south":{"uv":[109,142],"uv_size":[4,2]},"west":{"uv":[109,111],"uv_size":[1,2]},"up":{"uv":[36,124],"uv_size":[4,1]},"down":{"uv":[56,147],"uv_size":[4,-1]}}},{"origin":[-2.22428,7.6932,-30.8491],"size":[4.44857,1.03455,1.03455],"uv":{"north":{"uv":[65,146],"uv_size":[4,1]},"east":{"uv":[107,67],"uv_size":[1,1]},"west":{"uv":[51,123],"uv_size":[1,1]},"down":{"uv":[109,147],"uv_size":[4,-1]}}},{"origin":[-2.2217,8.79066,-31.30346],"size":[4.44856,1.03455,1.46285],"pivot":[2.22428,9.82521,-29.75164],"rotation":[45,0,0],"uv":{"east":{"uv":[107,134],"uv_size":[1,1]},"west":{"uv":[132,137],"uv_size":[1,1]},"up":{"uv":[148,0],"uv_size":[4,1]}}},{"origin":[-2.22428,7.6932,-29.03864],"size":[1.18973,2.0691,1.03455],"uv":{"east":{"uv":[59,119],"uv_size":[1,2]},"west":{"uv":[126,135],"uv_size":[1,2]},"up":{"uv":[27,138],"uv_size":[1,1]},"down":{"uv":[137,141],"uv_size":[1,-1]}}},{"origin":[1.03455,7.6932,-29.03864],"size":[1.18973,2.0691,1.03455],"uv":{"east":{"uv":[9,138],"uv_size":[1,2]},"west":{"uv":[47,140],"uv_size":[1,2]},"up":{"uv":[21,141],"uv_size":[1,1]}}},{"origin":[-2.22428,7.6932,-28.00409],"size":[1.18973,1.55183,0.51727],"uv":{"east":{"uv":[136,142],"uv_size":[1,2]},"south":{"uv":[20,143],"uv_size":[1,2]},"west":{"uv":[6,145],"uv_size":[1,2]},"down":{"uv":[98,144],"uv_size":[1,-1]}}},{"origin":[1.03455,7.69328,-28.00417],"size":[1.18973,1.55183,0.51727],"uv":{"east":{"uv":[33,146],"uv_size":[1,2]},"south":{"uv":[91,150],"uv_size":[1,2]},"west":{"uv":[92,150],"uv_size":[1,2]}}},{"origin":[-2.22428,9.18227,-28.88713],"size":[1.18973,0.51728,0.73143],"pivot":[-1.55183,8.66499,-28.36986],"rotation":[-45,0,0],"uv":{"east":{"uv":[101,147],"uv_size":[1,1]},"west":{"uv":[8,148],"uv_size":[1,1]},"up":{"uv":[142,151],"uv_size":[1,1]}}},{"origin":[1.03455,9.18227,-28.88713],"size":[1.18973,0.51728,0.73143],"pivot":[1.70701,8.66499,-28.36986],"rotation":[-45,0,0],"uv":{"east":{"uv":[151,144],"uv_size":[1,1]},"west":{"uv":[151,150],"uv_size":[1,1]},"up":{"uv":[151,151],"uv_size":[1,1]}}},{"origin":[-0.77591,8.77948,-28.57309],"size":[1.55183,2.0691,0.77591],"uv":{"north":{"uv":[28,69],"uv_size":[2,2]},"east":{"uv":[100,150],"uv_size":[1,2]},"south":{"uv":[4,130],"uv_size":[2,2]},"west":{"uv":[101,150],"uv_size":[1,2]},"up":{"uv":[60,88],"uv_size":[2,1]}}},{"origin":[-2.32774,8.77948,-28.72827],"size":[4.65548,0.51727,0.51728],"pivot":[1.81046,8.77948,-28.211],"rotation":[-45,0,0],"uv":{"north":{"uv":[112,86],"uv_size":[5,1]},"east":{"uv":[152,1],"uv_size":[1,1]},"south":{"uv":[135,96],"uv_size":[5,1]},"west":{"uv":[152,2],"uv_size":[1,1]},"up":{"uv":[2,147],"uv_size":[5,1]},"down":{"uv":[147,86],"uv_size":[5,-1]}}},{"origin":[-0.21726,10.83823,-28.36618],"size":[0.43451,1.29319,0.31037],"uv":{"north":{"uv":[152,3],"uv_size":[1,1]},"east":{"uv":[152,4],"uv_size":[1,1]},"south":{"uv":[152,5],"uv_size":[1,1]},"west":{"uv":[152,6],"uv_size":[1,1]},"up":{"uv":[7,152],"uv_size":[1,1]}}}]},{"name":"IS","parent":"gun","pivot":[0,8.72775,2.2625],"cubes":[{"origin":[-2.22428,7.6932,1.22795],"size":[4.44857,2.0691,0.77591],"uv":{"east":{"uv":[114,150],"uv_size":[1,2]},"south":{"uv":[132,142],"uv_size":[4,2]},"west":{"uv":[115,150],"uv_size":[1,2]},"up":{"uv":[148,2],"uv_size":[4,1]},"down":{"uv":[148,4],"uv_size":[4,-1]}}},{"origin":[-2.22583,7.6932,0.1934],"size":[4.44856,1.03455,1.03455],"uv":{"north":{"uv":[4,148],"uv_size":[4,1]},"east":{"uv":[8,152],"uv_size":[1,1]},"west":{"uv":[9,152],"uv_size":[1,1]},"down":{"uv":[10,149],"uv_size":[4,-1]}}},{"origin":[-2.22687,8.79066,-0.26096],"size":[4.44857,1.03455,1.46285],"pivot":[2.22428,9.82521,1.29086],"rotation":[45,0,0],"uv":{"east":{"uv":[10,152],"uv_size":[1,1]},"west":{"uv":[152,12],"uv_size":[1,1]},"up":{"uv":[148,22],"uv_size":[4,1]}}},{"origin":[-2.22428,7.6932,2.00386],"size":[1.18973,2.0691,1.03455],"uv":{"east":{"uv":[143,150],"uv_size":[1,2]},"west":{"uv":[150,144],"uv_size":[1,2]},"up":{"uv":[152,13],"uv_size":[1,1]},"down":{"uv":[152,15],"uv_size":[1,-1]}}},{"origin":[1.03455,7.6932,2.00386],"size":[1.18973,2.0691,1.03455],"uv":{"east":{"uv":[146,150],"uv_size":[1,2]},"west":{"uv":[148,150],"uv_size":[1,2]},"up":{"uv":[152,15],"uv_size":[1,1]},"down":{"uv":[20,153],"uv_size":[1,-1]}}},{"origin":[-2.22428,7.6932,3.03841],"size":[1.18973,1.55183,0.51728],"uv":{"east":{"uv":[150,150],"uv_size":[1,2]},"south":{"uv":[0,151],"uv_size":[1,2]},"west":{"uv":[1,151],"uv_size":[1,2]},"down":{"uv":[21,153],"uv_size":[1,-1]}}},{"origin":[1.03455,7.69328,3.03833],"size":[1.18973,1.55183,0.51728],"uv":{"east":{"uv":[3,151],"uv_size":[1,2]},"south":{"uv":[4,151],"uv_size":[1,2]},"west":{"uv":[5,151],"uv_size":[1,2]}}},{"origin":[-2.22739,9.18227,2.15537],"size":[1.18973,0.51728,0.73143],"pivot":[-1.55183,8.66499,2.67264],"rotation":[-45,0,0],"uv":{"east":{"uv":[152,23],"uv_size":[1,1]},"west":{"uv":[25,152],"uv_size":[1,1]},"up":{"uv":[26,152],"uv_size":[1,1]}}},{"origin":[1.03196,9.18227,2.15537],"size":[1.18973,0.51728,0.73143],"pivot":[1.5001,8.66499,2.67264],"rotation":[-45,0,0],"uv":{"east":{"uv":[152,30],"uv_size":[1,1]},"west":{"uv":[152,31],"uv_size":[1,1]},"up":{"uv":[32,152],"uv_size":[1,1]}}},{"origin":[-0.77591,8.77948,2.46941],"size":[1.55183,2.0691,0.77591],"uv":{"north":{"uv":[117,138],"uv_size":[2,2]},"east":{"uv":[6,151],"uv_size":[1,2]},"south":{"uv":[31,146],"uv_size":[2,2]},"west":{"uv":[151,6],"uv_size":[1,2]}}},{"origin":[-0.77591,10.84858,2.15904],"size":[1.55183,0.51727,1.29319],"uv":{"north":{"uv":[28,145],"uv_size":[2,1]},"south":{"uv":[7,151],"uv_size":[2,1]},"up":{"uv":[9,151],"uv_size":[2,1]},"down":{"uv":[151,11],"uv_size":[2,-1]}}},{"origin":[-1.55183,10.84858,2.15904],"size":[0.77591,0.51727,1.29319],"pivot":[-0.77591,10.84858,2.15904],"rotation":[0,0,45],"uv":{"north":{"uv":[152,35],"uv_size":[1,1]},"south":{"uv":[152,37],"uv_size":[1,1]},"up":{"uv":[152,45],"uv_size":[1,1]},"down":{"uv":[152,52],"uv_size":[1,-1]}}},{"origin":[0.39715,11.763,2.15904],"size":[0.77591,0.51727,1.29319],"pivot":[1.69033,11.763,2.15904],"rotation":[0,0,-45],"uv":{"north":{"uv":[152,52],"uv_size":[1,1]},"south":{"uv":[152,54],"uv_size":[1,1]},"up":{"uv":[152,57],"uv_size":[1,1]},"down":{"uv":[152,59],"uv_size":[1,-1]}}},{"origin":[0.96247,11.39723,2.15904],"size":[0.36209,1.55183,1.29319],"uv":{"north":{"uv":[11,151],"uv_size":[1,2]},"east":{"uv":[12,151],"uv_size":[1,2]},"south":{"uv":[13,151],"uv_size":[1,2]},"west":{"uv":[14,151],"uv_size":[1,2]},"up":{"uv":[61,152],"uv_size":[1,1]}}},{"origin":[-1.32457,11.39723,2.15904],"size":[0.36209,1.55182,1.29319],"uv":{"north":{"uv":[15,151],"uv_size":[1,2]},"east":{"uv":[16,151],"uv_size":[1,2]},"south":{"uv":[17,151],"uv_size":[1,2]},"west":{"uv":[18,151],"uv_size":[1,2]},"up":{"uv":[67,152],"uv_size":[1,1]}}},{"origin":[-2.32774,8.77948,2.31423],"size":[4.65548,0.51727,0.51728],"pivot":[1.81046,8.77948,2.8315],"rotation":[-45,0,0],"uv":{"north":{"uv":[147,86],"uv_size":[5,1]},"east":{"uv":[68,152],"uv_size":[1,1]},"south":{"uv":[147,87],"uv_size":[5,1]},"west":{"uv":[152,70],"uv_size":[1,1]},"up":{"uv":[88,147],"uv_size":[5,1]},"down":{"uv":[147,89],"uv_size":[5,-1]}}},{"origin":[-0.39659,12.00883,2.67632],"size":[0.43451,0.15518,0.31036],"pivot":[-0.45866,12.16402,2.98668],"rotation":[0,0,45],"uv":{"north":{"uv":[152,71],"uv_size":[1,1]},"south":{"uv":[152,73],"uv_size":[1,1]},"up":{"uv":[152,74],"uv_size":[1,1]},"down":{"uv":[75,153],"uv_size":[1,-1]}}},{"origin":[0.12571,11.6138,2.67632],"size":[0.43451,0.15518,0.31036],"pivot":[0.06363,11.76899,2.98668],"rotation":[0,0,-45],"uv":{"north":{"uv":[77,152],"uv_size":[1,1]},"south":{"uv":[79,152],"uv_size":[1,1]},"up":{"uv":[80,152],"uv_size":[1,1]},"down":{"uv":[152,81],"uv_size":[1,-1]}}},{"origin":[-0.5245,12.01039,2.67632],"size":[0.15518,0.43451,0.31036],"uv":{"north":{"uv":[81,152],"uv_size":[1,1]},"east":{"uv":[152,81],"uv_size":[1,1]},"south":{"uv":[82,152],"uv_size":[1,1]},"west":{"uv":[152,82],"uv_size":[1,1]}}},{"origin":[-0.50632,12.24583,2.67632],"size":[0.43451,0.15518,0.31036],"pivot":[-0.56839,12.40101,2.98668],"rotation":[0,0,-45],"uv":{"north":{"uv":[152,85],"uv_size":[1,1]},"south":{"uv":[152,87],"uv_size":[1,1]},"up":{"uv":[152,88],"uv_size":[1,1]},"down":{"uv":[89,153],"uv_size":[1,-1]}}},{"origin":[0.36932,12.01039,2.67632],"size":[0.15518,0.43451,0.31036],"uv":{"north":{"uv":[152,89],"uv_size":[1,1]},"east":{"uv":[152,90],"uv_size":[1,1]},"south":{"uv":[91,152],"uv_size":[1,1]},"west":{"uv":[92,152],"uv_size":[1,1]}}},{"origin":[0.23544,12.64086,2.67632],"size":[0.43451,0.15518,0.31036],"pivot":[0.17336,12.79604,2.98668],"rotation":[0,0,45],"uv":{"north":{"uv":[94,152],"uv_size":[1,1]},"south":{"uv":[95,152],"uv_size":[1,1]},"up":{"uv":[96,152],"uv_size":[1,1]},"down":{"uv":[97,153],"uv_size":[1,-1]}}},{"origin":[-0.21726,11.35551,2.67632],"size":[0.43451,0.46555,0.31036],"uv":{"north":{"uv":[98,152],"uv_size":[1,1]},"east":{"uv":[152,99],"uv_size":[1,1]},"south":{"uv":[100,152],"uv_size":[1,1]},"west":{"uv":[152,100],"uv_size":[1,1]},"up":{"uv":[101,152],"uv_size":[1,1]}}},{"origin":[-0.21726,12.59697,2.67632],"size":[0.43451,0.15518,0.31036],"uv":{"north":{"uv":[102,152],"uv_size":[1,1]},"south":{"uv":[103,152],"uv_size":[1,1]},"up":{"uv":[104,152],"uv_size":[1,1]},"down":{"uv":[152,105],"uv_size":[1,-1]}}}]},{"name":"body","parent":"gun","pivot":[0,2.6425,-66.065],"cubes":[{"origin":[1.91425,2.63775,-61.657],"size":[0.95,1.425,62.1965],"uv":{"north":{"uv":[105,152],"uv_size":[1,1]},"east":{"uv":[83,59],"uv_size":[62,1]},"west":{"uv":[93,55],"uv_size":[62,1]},"up":{"uv":[30,69],"uv_size":[1,62]}}},{"origin":[-2.8643,2.6378,-61.657],"size":[0.95,1.425,39.9665],"uv":{"north":{"uv":[106,152],"uv_size":[1,1]},"east":{"uv":[105,48],"uv_size":[40,1]},"south":{"uv":[152,106],"uv_size":[1,1]},"west":{"uv":[109,41],"uv_size":[40,1]},"up":{"uv":[69,102],"uv_size":[1,40]}}},{"origin":[-2.86425,2.6378,-3.308],"size":[0.4275,1.425,3.42],"uv":{"north":{"uv":[107,152],"uv_size":[1,1]},"east":{"uv":[4,109],"uv_size":[3,1]},"south":{"uv":[152,107],"uv_size":[1,1]},"up":{"uv":[105,95],"uv_size":[1,3]}}},{"origin":[-2.8643,2.25775,-21.8355],"size":[0.4275,0.855,1.2825],"pivot":[-2.69325,3.11275,-21.8355],"rotation":[-45,0,0],"uv":{"east":{"uv":[152,108],"uv_size":[1,1]},"up":{"uv":[152,112],"uv_size":[1,1]}}},{"origin":[-2.8643,1.83025,-3.308],"size":[0.4275,1.2825,0.855],"pivot":[-2.69325,3.11275,-3.308],"rotation":[-45,0,0],"uv":{"north":{"uv":[152,113],"uv_size":[1,1]},"east":{"uv":[114,152],"uv_size":[1,1]}}},{"origin":[-2.8643,0.97525,3.532],"size":[0.4275,1.2825,0.855],"pivot":[-2.8643,2.25775,3.532],"rotation":[-45,0,0],"uv":{"north":{"uv":[152,116],"uv_size":[1,1]},"east":{"uv":[117,152],"uv_size":[1,1]}}},{"origin":[-2.86425,1.40275,0.112],"size":[0.4275,0.855,1.2825],"pivot":[-2.88325,2.25775,0.112],"rotation":[-45,0,0],"uv":{"east":{"uv":[152,123],"uv_size":[1,1]},"up":{"uv":[126,152],"uv_size":[1,1]}}},{"origin":[1.68625,3.4975,-25.24825],"size":[0.684,2.8215,29.735],"uv":{"north":{"uv":[26,133],"uv_size":[1,3]},"east":{"uv":[83,56],"uv_size":[30,3]},"south":{"uv":[47,135],"uv_size":[1,3]},"west":{"uv":[90,76],"uv_size":[30,3]}}},{"origin":[2.37025,4.30975,0.24025],"size":[0.4275,0.855,2.1375],"uv":{"north":{"uv":[127,152],"uv_size":[1,1]},"west":{"uv":[20,151],"uv_size":[2,1]},"up":{"uv":[151,20],"uv_size":[1,2]},"down":{"uv":[22,153],"uv_size":[1,-2]}}},{"origin":[2.37025,4.30975,2.37775],"size":[0.4275,0.855,0.4275],"pivot":[2.79775,5.16475,2.37775],"rotation":[0,-30,0],"uv":{"west":{"uv":[152,131],"uv_size":[1,1]},"up":{"uv":[132,152],"uv_size":[1,1]},"down":{"uv":[152,133],"uv_size":[1,-1]}}},{"origin":[2.1565,4.30975,2.37775],"size":[0.4275,0.855,1.71],"uv":{"south":{"uv":[152,133],"uv_size":[1,1]},"west":{"uv":[25,151],"uv_size":[2,1]},"up":{"uv":[27,151],"uv_size":[1,2]},"down":{"uv":[28,153],"uv_size":[1,-2]}}},{"origin":[1.72425,6.319,-25.24825],"size":[0.646,1.9,29.735],"pivot":[2.37025,6.319,3.82175],"rotation":[0,0,-45],"uv":{"north":{"uv":[29,151],"uv_size":[1,2]},"east":{"uv":[105,26],"uv_size":[30,2]},"south":{"uv":[30,151],"uv_size":[1,2]},"west":{"uv":[105,28],"uv_size":[30,2]}}},{"origin":[-1.10223,6.64994,-22.70225],"size":[2.20462,0.513,27.14625],"uv":{"east":{"uv":[123,68],"uv_size":[27,1]},"south":{"uv":[33,151],"uv_size":[2,1]},"down":{"uv":[63,129],"uv_size":[2,-27]}}},{"origin":[-2.3703,3.8395,-25.24825],"size":[0.684,2.3085,7.79],"uv":{"north":{"uv":[35,151],"uv_size":[1,2]},"east":{"uv":[130,60],"uv_size":[8,2]},"south":{"uv":[36,151],"uv_size":[1,2]}}},{"origin":[-2.3703,2.3145,-21.98975],"size":[0.855,1.525,23.085],"uv":{"east":{"uv":[105,46],"uv_size":[23,2]},"south":{"uv":[38,151],"uv_size":[1,2]},"up":{"uv":[82,127],"uv_size":[1,23]}}},{"origin":[-2.3703,3.8395,-4.03475],"size":[0.684,2.3085,5.13],"uv":{"north":{"uv":[40,151],"uv_size":[1,2]},"east":{"uv":[42,140],"uv_size":[5,2]},"south":{"uv":[41,151],"uv_size":[1,2]}}},{"origin":[-2.37001,1.7058,4.4881],"size":[1.2825,2.1375,4.5073],"uv":{"east":{"uv":[140,93],"uv_size":[5,2]}}},{"origin":[-2.37001,1.7058,9.00536],"size":[1.2825,2.1375,1.07464],"pivot":[-2.37001,3.8433,9.00536],"rotation":[0,45,0],"uv":{"east":{"uv":[45,151],"uv_size":[1,2]}}},{"origin":[-1.61012,2.1333,9.33775],"size":[3.2205,1.71,0.4275],"uv":{"south":{"uv":[36,145],"uv_size":[3,2]}}},{"origin":[1.08776,2.1333,4.49161],"size":[1.2825,1.71,4.5137],"uv":{"west":{"uv":[132,140],"uv_size":[5,2]}}},{"origin":[1.05994,2.1333,8.93819],"size":[1.2825,1.71,1.07464],"pivot":[2.27526,3.8433,9.00536],"rotation":[0,-45,0],"uv":{"west":{"uv":[55,151],"uv_size":[1,2]}}},{"origin":[-2.3703,-0.179,-0.61475],"size":[0.855,2.5,3.42],"uv":{"east":{"uv":[78,113],"uv_size":[3,3]},"up":{"uv":[102,149],"uv_size":[1,3]}}},{"origin":[-2.37025,-0.179,2.6865],"size":[0.855,5.13,1.8092],"uv":{"north":{"uv":[54,145],"uv_size":[1,5]},"east":{"uv":[73,31],"uv_size":[2,5]},"up":{"uv":[56,151],"uv_size":[1,2]}}},{"origin":[-2.3703,6.148,-25.24825],"size":[0.684,1.7,7.79],"pivot":[-2.3703,6.148,-25.24825],"rotation":[0,0,45],"uv":{"north":{"uv":[57,151],"uv_size":[1,2]},"east":{"uv":[134,6],"uv_size":[8,2]},"south":{"uv":[58,151],"uv_size":[1,2]},"up":{"uv":[95,137],"uv_size":[1,8]}}},{"origin":[-2.3703,6.148,-4.03475],"size":[0.684,1.7,5.13],"pivot":[-2.3703,6.148,-4.03475],"rotation":[0,0,45],"uv":{"north":{"uv":[59,151],"uv_size":[1,2]},"east":{"uv":[16,141],"uv_size":[5,2]},"south":{"uv":[62,151],"uv_size":[1,2]}}},{"origin":[-2.86425,1.03225,-57.2205],"size":[0.855,1.2825,28.705],"pivot":[-2.86425,1.03225,-57.2205],"rotation":[0,0,45],"uv":{"north":{"uv":[152,136],"uv_size":[1,1]},"east":{"uv":[122,10],"uv_size":[29,1]}}},{"origin":[2.25967,0.42767,-57.2205],"size":[0.855,1.2825,28.705],"pivot":[2.25967,0.42767,-57.2205],"rotation":[0,0,-45],"uv":{"north":{"uv":[152,139],"uv_size":[1,1]},"west":{"uv":[122,110],"uv_size":[29,1]}}},{"origin":[-2.8643,2.6378,-61.657],"size":[1.2825,0.855,33.2975],"pivot":[-2.8643,2.6378,-57.857],"rotation":[0,0,45],"uv":{"north":{"uv":[152,143],"uv_size":[1,1]},"west":{"uv":[120,76],"uv_size":[33,1]},"up":{"uv":[11,110],"uv_size":[1,33]},"down":{"uv":[12,143],"uv_size":[1,-33]}}},{"origin":[1.95739,1.73089,-61.657],"size":[1.2825,0.855,33.2975],"pivot":[1.95739,1.73089,-61.657],"rotation":[0,0,-45],"uv":{"north":{"uv":[152,144],"uv_size":[1,1]},"east":{"uv":[120,77],"uv_size":[33,1]},"up":{"uv":[96,110],"uv_size":[1,33]},"down":{"uv":[97,143],"uv_size":[1,-33]}}},{"origin":[-2.8642,-3.0475,-61.6855],"size":[0.95,2.2,33.155],"uv":{"north":{"uv":[63,151],"uv_size":[1,2]},"east":{"uv":[93,49],"uv_size":[33,2]},"west":{"uv":[93,51],"uv_size":[33,2]},"up":{"uv":[98,110],"uv_size":[1,33]},"down":{"uv":[84,149],"uv_size":[1,-33]}}},{"origin":[1.91425,-3.0475,-61.6855],"size":[0.95,2.2,33.155],"uv":{"north":{"uv":[65,151],"uv_size":[1,2]},"east":{"uv":[93,53],"uv_size":[33,2]},"west":{"uv":[99,24],"uv_size":[33,2]},"up":{"uv":[75,118],"uv_size":[1,33]},"down":{"uv":[76,151],"uv_size":[1,-33]}}},{"origin":[-2.86425,-0.86775,-57.2205],"size":[5.7285,1.9,28.69],"uv":{"north":{"uv":[133,136],"uv_size":[6,2]},"east":{"uv":[105,30],"uv_size":[29,2]},"west":{"uv":[105,32],"uv_size":[29,2]}}},{"origin":[-2.2665,-2.544,-61.4555],"size":[4.533,5.8,33.3525],"uv":{"north":{"uv":[103,118],"uv_size":[5,6]},"east":{"uv":[40,24],"uv_size":[33,6]},"west":{"uv":[40,30],"uv_size":[33,6]},"up":{"uv":[52,48],"uv_size":[5,33]},"down":{"uv":[57,81],"uv_size":[5,-33]}}},{"origin":[-2.85125,0.2485,-60.8005],"size":[5.7025,0.4275,2.1375],"uv":{"north":{"uv":[144,32],"uv_size":[6,1]},"east":{"uv":[151,40],"uv_size":[2,1]},"south":{"uv":[145,36],"uv_size":[6,1]},"west":{"uv":[151,48],"uv_size":[2,1]},"up":{"uv":[126,137],"uv_size":[6,2]},"down":{"uv":[3,140],"uv_size":[6,-2]}}},{"origin":[-2.86425,-3.29975,-28.5305],"size":[5.7285,5.9575,28.6425],"uv":{"north":{"uv":[115,34],"uv_size":[6,6]},"east":{"uv":[46,36],"uv_size":[29,6]},"south":{"uv":[116,0],"uv_size":[6,6]},"west":{"uv":[46,42],"uv_size":[29,6]},"up":{"uv":[22,42],"uv_size":[6,29]}}},{"origin":[-2.86425,-3.72725,0.112],"size":[5.7285,5.13,3.42],"uv":{"east":{"uv":[135,25],"uv_size":[3,5]},"west":{"uv":[34,135],"uv_size":[3,5]},"up":{"uv":[109,131],"uv_size":[6,3]},"down":{"uv":[115,134],"uv_size":[6,-3]}}},{"origin":[-2.86425,-4.92425,0.1975],"size":[5.7285,0.855,1.71],"pivot":[-2.43675,-4.92425,0.1975],"rotation":[45,0,0],"uv":{"east":{"uv":[151,59],"uv_size":[2,1]},"west":{"uv":[67,151],"uv_size":[2,1]},"down":{"uv":[138,26],"uv_size":[6,-2]}}},{"origin":[2.00925,1.40275,0.5395],"size":[0.855,2.1375,2.9925],"uv":{"east":{"uv":[145,44],"uv_size":[3,2]},"west":{"uv":[51,145],"uv_size":[3,2]},"up":{"uv":[108,149],"uv_size":[1,3]}}},{"origin":[2.00925,1.40275,0.112],"size":[0.855,1.255,0.4275],"uv":{"east":{"uv":[146,152],"uv_size":[1,1]},"west":{"uv":[147,152],"uv_size":[1,1]}}},{"origin":[2.00925,3.59137,0.52132],"size":[0.855,0.475,1.33],"pivot":[2.86425,4.01887,0.52132],"rotation":[-23,0,0],"uv":{"west":{"uv":[150,152],"uv_size":[1,1]},"up":{"uv":[152,150],"uv_size":[1,1]}}},{"origin":[-2.86425,-2.573,9.517],"size":[5.7285,3.8475,1.2825],"uv":{"east":{"uv":[33,136],"uv_size":[1,4]},"west":{"uv":[65,137],"uv_size":[1,4]}}},{"origin":[-2.86425,-1.84625,10.7995],"size":[5.7285,3.6765,22.23],"uv":{"east":{"uv":[90,79],"uv_size":[22,4]},"west":{"uv":[90,83],"uv_size":[22,4]},"down":{"uv":[40,87],"uv_size":[6,-22]}}},{"origin":[-2.86382,1.83068,9.9445],"size":[0.855,1.34235,23.085],"pivot":[-2.86382,1.83068,9.9445],"rotation":[0,0,45],"uv":{"east":{"uv":[126,53],"uv_size":[23,1]}}},{"origin":[-2.9144,2.67795,33.0295],"size":[0.855,0.855,20.9475],"pivot":[-3.03535,2.557,34.0295],"rotation":[0,0,45],"uv":{"north":{"uv":[0,153],"uv_size":[1,1]},"east":{"uv":[128,9],"uv_size":[21,1]}}},{"origin":[1.16759,1.83068,9.9445],"size":[1.34235,0.855,23.085],"pivot":[1.65494,1.83068,9.9445],"rotation":[0,0,45],"uv":{"up":{"uv":[48,128],"uv_size":[1,23]}}},{"origin":[1.65505,2.557,33.0295],"size":[0.855,0.855,21.8025],"pivot":[1.65505,2.557,33.0295],"rotation":[0,0,45],"uv":{"north":{"uv":[2,153],"uv_size":[1,1]},"up":{"uv":[62,128],"uv_size":[1,22]}}},{"origin":[-1.91464,1.92486,9.9445],"size":[3.82955,0.855,23.5125],"uv":{"up":{"uv":[16,87],"uv_size":[4,24]}}},{"origin":[-2.26383,1.87908,33.0295],"size":[4.5275,1.2825,20.9475],"uv":{"north":{"uv":[147,89],"uv_size":[5,1]},"up":{"uv":[75,24],"uv_size":[5,21]}}},{"origin":[-1.49625,3.16158,29.6095],"size":[2.9925,0.855,22.58482],"uv":{"north":{"uv":[149,106],"uv_size":[3,1]},"east":{"uv":[126,58],"uv_size":[23,1]},"south":{"uv":[149,107],"uv_size":[3,1]},"west":{"uv":[127,91],"uv_size":[23,1]},"down":{"uv":[72,120],"uv_size":[3,-23]}}},{"origin":[-1.49625,4.01667,30.21408],"size":[2.9925,0.60449,21.375],"uv":{"east":{"uv":[128,106],"uv_size":[21,1]},"west":{"uv":[128,107],"uv_size":[21,1]},"up":{"uv":[75,97],"uv_size":[3,21]}}},{"origin":[-1.49625,4.01658,29.6095],"size":[2.9925,0.855,0.855],"pivot":[1.49625,4.01658,29.6095],"rotation":[-45,0,0],"uv":{"north":{"uv":[126,149],"uv_size":[3,1]},"east":{"uv":[3,153],"uv_size":[1,1]},"west":{"uv":[153,3],"uv_size":[1,1]}}},{"origin":[-1.49625,4.01658,50.9845],"size":[2.9925,0.855,0.855],"pivot":[1.49625,4.01658,50.9845],"rotation":[-45,0,0],"uv":{"east":{"uv":[4,153],"uv_size":[1,1]},"west":{"uv":[153,4],"uv_size":[1,1]},"up":{"uv":[150,8],"uv_size":[3,1]}}},{"origin":[-1.9146,2.30658,30.892],"size":[3.8295,0.855,2.1375],"pivot":[0.94658,3.16158,33.0295],"rotation":[12.5,0,0],"uv":{"east":{"uv":[74,151],"uv_size":[2,1]},"west":{"uv":[151,75],"uv_size":[2,1]},"up":{"uv":[142,138],"uv_size":[4,2]}}},{"origin":[-2.8643,1.2745,49.2745],"size":[5.7285,1.2825,4.7025],"uv":{"east":{"uv":[96,147],"uv_size":[5,1]},"west":{"uv":[104,147],"uv_size":[5,1]},"down":{"uv":[78,127],"uv_size":[6,-5]}}},{"origin":[-2.8643,1.02408,49.26842],"size":[5.7285,0.855,0.855],"pivot":[-2.43675,1.87908,49.26842],"rotation":[-45,0,0],"uv":{"east":{"uv":[5,153],"uv_size":[1,1]},"south":{"uv":[145,84],"uv_size":[6,1]},"west":{"uv":[153,5],"uv_size":[1,1]}}},{"origin":[-2.8643,-3.67842,49.26842],"size":[5.7285,0.855,0.855],"pivot":[-2.43675,-2.82342,49.26842],"rotation":[-45,0,0],"uv":{"east":{"uv":[6,153],"uv_size":[1,1]},"west":{"uv":[153,6],"uv_size":[1,1]},"up":{"uv":[145,123],"uv_size":[6,1]}}},{"origin":[-2.8643,-10.268,49.2745],"size":[5.7285,6.84,4.7025],"uv":{"east":{"uv":[118,63],"uv_size":[5,7]},"west":{"uv":[118,79],"uv_size":[5,7]},"up":{"uv":[122,99],"uv_size":[6,5]},"down":{"uv":[122,109],"uv_size":[6,-5]}}},{"origin":[-3.449,-13.688,53.977],"size":[6.898,15.8175,5.985],"uv":{"north":{"uv":[16,71],"uv_size":[7,16]},"east":{"uv":[24,87],"uv_size":[6,16]},"south":{"uv":[23,71],"uv_size":[7,16]},"west":{"uv":[87,24],"uv_size":[6,16]}}},{"origin":[-2.565,-2.1455,50.9845],"size":[5.13,2.1375,2.9925],"uv":{"north":{"uv":[141,79],"uv_size":[5,2]},"east":{"uv":[78,145],"uv_size":[3,2]},"west":{"uv":[88,145],"uv_size":[3,2]},"up":{"uv":[75,45],"uv_size":[5,3]},"down":{"uv":[42,138],"uv_size":[5,-3]}}},{"origin":[-1.63323,-15.49947,53.977],"size":[3.2685,19.4427,5.985],"uv":{"north":{"uv":[13,100],"uv_size":[3,19]},"south":{"uv":[60,102],"uv_size":[3,19]},"up":{"uv":[66,130],"uv_size":[3,6]},"down":{"uv":[127,137],"uv_size":[3,-6]}}},{"origin":[-3.449,0.4195,53.977],"size":[2.565,1.71,5.985],"pivot":[-3.449,2.1295,53.977],"rotation":[0,0,-45],"uv":{"north":{"uv":[117,145],"uv_size":[3,2]},"south":{"uv":[145,125],"uv_size":[3,2]},"up":{"uv":[130,131],"uv_size":[3,6]}}},{"origin":[0.42612,-16.00258,53.977],"size":[2.565,1.71,5.985],"pivot":[0.42612,-14.29258,53.977],"rotation":[0,0,-45],"uv":{"north":{"uv":[145,127],"uv_size":[3,2]},"south":{"uv":[145,129],"uv_size":[3,2]},"down":{"uv":[132,22],"uv_size":[3,-6]}}},{"origin":[1.28112,-0.18508,53.977],"size":[1.71,2.565,5.985],"pivot":[0.42612,1.52492,53.977],"rotation":[0,0,-45],"uv":{"north":{"uv":[88,97],"uv_size":[2,3]},"south":{"uv":[44,110],"uv_size":[2,3]},"west":{"uv":[132,34],"uv_size":[6,3]}}},{"origin":[-2.594,-16.60715,53.977],"size":[1.71,2.565,5.985],"pivot":[-3.449,-14.89715,53.977],"rotation":[0,0,-45],"uv":{"north":{"uv":[20,124],"uv_size":[2,3]},"east":{"uv":[42,132],"uv_size":[6,3]},"south":{"uv":[42,125],"uv_size":[2,3]}}},{"origin":[-2.97875,-13.688,59.962],"size":[5.9575,2.1375,2.1375],"uv":{"east":{"uv":[22,147],"uv_size":[2,2]},"south":{"uv":[138,49],"uv_size":[6,2]},"west":{"uv":[36,147],"uv_size":[2,2]}}},{"origin":[-2.97875,-11.5505,59.962],"size":[5.9575,6.4125,2.1375],"pivot":[-2.77875,-11.5505,62.0995],"rotation":[5,0,0],"uv":{"east":{"uv":[91,137],"uv_size":[2,6]},"south":{"uv":[22,116],"uv_size":[6,6]},"west":{"uv":[93,137],"uv_size":[2,6]}}},{"origin":[-2.97875,-0.008,59.962],"size":[5.9575,2.1375,2.1375],"uv":{"east":{"uv":[51,147],"uv_size":[2,2]},"south":{"uv":[138,113],"uv_size":[6,2]},"west":{"uv":[72,147],"uv_size":[2,2]}}},{"origin":[-2.97875,-5.5655,59.962],"size":[5.9575,5.5575,2.1375],"pivot":[-2.77875,-0.008,62.0995],"rotation":[-5,0,0],"uv":{"east":{"uv":[99,138],"uv_size":[2,6]},"south":{"uv":[116,99],"uv_size":[6,6]},"west":{"uv":[115,138],"uv_size":[2,6]}}},{"origin":[-1.49769,1.93094,59.962],"size":[2.965,1.71,2.1375],"uv":{"south":{"uv":[145,133],"uv_size":[3,2]},"up":{"uv":[145,135],"uv_size":[3,2]}}},{"origin":[-3.00913,0.4195,59.962],"size":[2.1375,1.71,2.1375],"pivot":[-3.00913,2.1295,59.962],"rotation":[0,0,-45],"uv":{"south":{"uv":[46,148],"uv_size":[2,2]},"up":{"uv":[56,148],"uv_size":[2,2]}}},{"origin":[0.81087,-0.18508,59.962],"size":[1.71,2.1375,2.1375],"pivot":[-0.04413,1.52492,59.962],"rotation":[0,0,-45],"uv":{"south":{"uv":[65,148],"uv_size":[2,2]},"west":{"uv":[67,148],"uv_size":[2,2]}}},{"origin":[0.38337,-16.00258,59.962],"size":[2.1375,1.2825,2.1375],"pivot":[-0.04413,-14.29258,59.962],"rotation":[0,0,-45],"uv":{"south":{"uv":[82,151],"uv_size":[2,1]},"down":{"uv":[89,150],"uv_size":[2,-2]}}},{"origin":[-2.45642,-16.30486,59.962],"size":[1.2825,2.1375,2.1375],"pivot":[-3.31142,-14.59486,59.962],"rotation":[0,0,-45],"uv":{"east":{"uv":[91,148],"uv_size":[2,2]},"south":{"uv":[85,151],"uv_size":[1,2]}}},{"origin":[-1.49769,-15.19944,59.962],"size":[2.965,1.71,2.1375],"uv":{"south":{"uv":[145,144],"uv_size":[3,2]},"down":{"uv":[146,26],"uv_size":[3,-2]}}},{"origin":[-1.71,-3.428,49.2745],"size":[3.42,4.7025,4.7025],"uv":{"east":{"uv":[51,124],"uv_size":[5,5]},"west":{"uv":[103,124],"uv_size":[5,5]}}},{"origin":[-1.71,-11.5505,49.2745],"size":[3.42,1.2825,4.7025],"uv":{"north":{"uv":[22,150],"uv_size":[3,1]},"east":{"uv":[109,147],"uv_size":[5,1]},"west":{"uv":[147,121],"uv_size":[5,1]},"down":{"uv":[105,140],"uv_size":[3,-5]}}},{"origin":[-1.71,-14.1155,51.412],"size":[3.42,2.565,2.565],"uv":{"north":{"uv":[88,140],"uv_size":[3,3]},"east":{"uv":[117,140],"uv_size":[3,3]},"west":{"uv":[0,141],"uv_size":[3,3]},"down":{"uv":[65,144],"uv_size":[3,-3]}}},{"origin":[0,-16.253,44.9995],"size":[2.565,5.985,2.565],"pivot":[0,-14.9705,44.9995],"rotation":[0,-45,0],"uv":{"north":{"uv":[56,132],"uv_size":[3,6]},"east":{"uv":[59,132],"uv_size":[3,6]},"south":{"uv":[99,132],"uv_size":[3,6]},"west":{"uv":[132,99],"uv_size":[3,6]},"down":{"uv":[129,144],"uv_size":[3,-3]}}},{"origin":[-0.513,-14.9705,44.9995],"size":[4.275,0.855,4.275],"pivot":[1.197,-13.688,44.9995],"rotation":[0,-45,0],"uv":{"north":{"uv":[148,45],"uv_size":[4,1]},"east":{"uv":[102,148],"uv_size":[4,1]},"south":{"uv":[148,103],"uv_size":[4,1]},"west":{"uv":[148,104],"uv_size":[4,1]},"up":{"uv":[78,133],"uv_size":[4,4]},"down":{"uv":[92,137],"uv_size":[4,-4]}}},{"origin":[-0.513,-12.833,44.9995],"size":[4.275,0.855,4.275],"pivot":[1.197,-11.5505,44.9995],"rotation":[0,-45,0],"uv":{"north":{"uv":[106,148],"uv_size":[4,1]},"east":{"uv":[148,108],"uv_size":[4,1]},"south":{"uv":[110,148],"uv_size":[4,1]},"west":{"uv":[148,113],"uv_size":[4,1]},"up":{"uv":[134,113],"uv_size":[4,4]},"down":{"uv":[115,138],"uv_size":[4,-4]}}},{"origin":[-2.8643,-10.268,33.0295],"size":[5.7285,12.825,16.245],"uv":{"north":{"uv":[60,89],"uv_size":[6,13]},"east":{"uv":[16,16],"uv_size":[16,13]},"south":{"uv":[66,89],"uv_size":[6,13]},"west":{"uv":[16,29],"uv_size":[16,13]},"down":{"uv":[87,56],"uv_size":[6,-16]}}},{"origin":[-2.86425,-3.72725,3.532],"size":[5.7285,7.2675,5.985],"uv":{"north":{"uv":[88,110],"uv_size":[6,7]},"east":{"uv":[110,99],"uv_size":[6,7]},"west":{"uv":[16,111],"uv_size":[6,7]},"up":{"uv":[116,105],"uv_size":[6,6]},"down":{"uv":[4,123],"uv_size":[6,-6]}}},{"origin":[-1.91,-17.12294,12.39568],"size":[3.82,5.13,6.84],"uv":{"north":{"uv":[83,51],"uv_size":[4,5]},"east":{"uv":[118,70],"uv_size":[7,5]},"west":{"uv":[52,119],"uv_size":[7,5]},"down":{"uv":[59,128],"uv_size":[4,-7]}}},{"origin":[-1.91043,-13.13225,14.0485],"size":[3.82,5.13,3.42],"pivot":[-1.51,-8.00225,17.4685],"rotation":[60,0,0],"uv":{"east":{"uv":[123,135],"uv_size":[3,5]},"south":{"uv":[130,111],"uv_size":[4,5]},"west":{"uv":[0,136],"uv_size":[3,5]}}},{"origin":[-1.91,-16.55225,15.49871],"size":[3.82,10.26,6.4125],"pivot":[-1.51,-10.13975,21.91121],"rotation":[100,0,0],"uv":{"north":{"uv":[44,113],"uv_size":[4,10]},"east":{"uv":[7,100],"uv_size":[6,10]},"south":{"uv":[48,113],"uv_size":[4,10]},"west":{"uv":[88,100],"uv_size":[6,10]}}},{"origin":[-1.90957,-5.86475,14.9035],"size":[3.82,2.1375,1.71],"pivot":[-1.51,-5.86475,16.6135],"rotation":[-12.5,0,0],"uv":{"east":{"uv":[114,148],"uv_size":[2,2]},"south":{"uv":[143,16],"uv_size":[4,2]},"west":{"uv":[148,119],"uv_size":[2,2]}}},{"origin":[-1.91,-5.06042,14.51114],"size":[3.82,4.7025,2.565],"pivot":[-1.51,-3.77792,17.07614],"rotation":[-67.5,0,0],"uv":{"east":{"uv":[16,136],"uv_size":[3,5]},"south":{"uv":[123,130],"uv_size":[4,5]},"west":{"uv":[19,136],"uv_size":[3,5]}}},{"origin":[-1.91,-2.46914,19.80831],"size":[3.82,0.855,2.565],"uv":{"east":{"uv":[28,150],"uv_size":[3,1]},"west":{"uv":[31,150],"uv_size":[3,1]},"down":{"uv":[26,142],"uv_size":[4,-3]}}},{"origin":[-1.91,-2.46914,21.94581],"size":[3.82,2.565,5.13],"pivot":[1.91,-2.46914,22.37331],"rotation":[-27.5,0,0],"uv":{"east":{"uv":[135,93],"uv_size":[5,3]},"west":{"uv":[22,136],"uv_size":[5,3]},"down":{"uv":[30,136],"uv_size":[4,-5]}}},{"origin":[-1.91,-8.09322,26.55558],"size":[3.82,6.4125,6.5125],"uv":{"north":{"uv":[99,126],"uv_size":[4,6]},"east":{"uv":[117,86],"uv_size":[6,6]},"west":{"uv":[88,117],"uv_size":[6,6]}}},{"origin":[-1.91043,-12.591,26.60194],"size":[3.82,8.55,6.84],"pivot":[1.91,-7.461,27.02944],"rotation":[-35,0,0],"uv":{"north":{"uv":[65,115],"uv_size":[4,9]},"east":{"uv":[99,98],"uv_size":[7,9]},"west":{"uv":[0,100],"uv_size":[7,9]}}},{"origin":[-1.91086,-15.34131,29.33981],"size":[3.82,2.9925,10.26],"pivot":[1.91,-15.34131,29.33981],"rotation":[30,0,0],"uv":{"east":{"uv":[122,42],"uv_size":[10,3]},"west":{"uv":[0,123],"uv_size":[10,3]},"down":{"uv":[113,123],"uv_size":[4,-10]}}},{"origin":[-1.91,-14.41475,9.0895],"size":[3.82,10.6875,6.4125],"pivot":[-1.71,-3.72725,9.0895],"rotation":[20,0,0],"uv":{"north":{"uv":[52,108],"uv_size":[4,11]},"east":{"uv":[99,26],"uv_size":[6,11]},"south":{"uv":[56,108],"uv_size":[4,11]},"west":{"uv":[99,87],"uv_size":[6,11]}}},{"origin":[-1.71,-7.66025,-0.35825],"size":[3.42,0.855,3.8475],"pivot":[-1.71,-6.37775,0.06925],"rotation":[-52.5,0,0],"uv":{"east":{"uv":[148,125],"uv_size":[4,1]},"west":{"uv":[148,126],"uv_size":[4,1]},"up":{"uv":[103,107],"uv_size":[3,4]},"down":{"uv":[56,128],"uv_size":[3,-4]}}},{"origin":[-1.2825,-9.79775,-2.06825],"size":[2.565,2.9925,0.855],"pivot":[-2.1375,-6.80525,-2.06825],"rotation":[5,0,0],"uv":{"north":{"uv":[137,141],"uv_size":[3,3]},"east":{"uv":[113,149],"uv_size":[1,3]},"south":{"uv":[140,141],"uv_size":[3,3]},"west":{"uv":[117,149],"uv_size":[1,3]},"down":{"uv":[150,40],"uv_size":[3,-1]}}},{"origin":[-0.855,-7.30675,5.83624],"size":[1.71,3.8475,0.855],"pivot":[-0.855,-3.45925,5.83624],"rotation":[-12.5,0,0],"uv":{"north":{"uv":[11,143],"uv_size":[2,4]},"east":{"uv":[71,138],"uv_size":[1,4]},"south":{"uv":[63,143],"uv_size":[2,4]},"west":{"uv":[38,147],"uv_size":[1,4]},"down":{"uv":[88,152],"uv_size":[2,-1]}}},{"origin":[-1.71,-9.87175,8.40124],"size":[3.42,0.855,3.42],"pivot":[-1.71,-9.87175,8.40124],"rotation":[45,0,0],"uv":{"east":{"uv":[150,43],"uv_size":[3,1]},"west":{"uv":[150,44],"uv_size":[3,1]},"up":{"uv":[142,19],"uv_size":[3,3]},"down":{"uv":[21,145],"uv_size":[3,-3]}}},{"origin":[-1.71,-9.87175,1.13374],"size":[3.42,0.855,7.2675],"uv":{"east":{"uv":[138,36],"uv_size":[7,1]},"west":{"uv":[138,44],"uv_size":[7,1]},"up":{"uv":[78,106],"uv_size":[3,7]},"down":{"uv":[63,137],"uv_size":[3,-7]}}},{"origin":[-2.86425,-3.72725,9.517],"size":[5.7285,1.49625,6.84],"pivot":[-2.43675,-3.72725,9.517],"rotation":[17.5,0,0],"uv":{"east":{"uv":[138,51],"uv_size":[7,1]},"west":{"uv":[141,108],"uv_size":[7,1]},"down":{"uv":[112,69],"uv_size":[6,-7]}}},{"origin":[-2.8643,-1.718,27.472],"size":[5.7285,3.8475,7.2675],"pivot":[-2.43675,-1.718,27.472],"rotation":[-40,0,0],"uv":{"east":{"uv":[123,93],"uv_size":[7,4]},"west":{"uv":[109,123],"uv_size":[7,4]},"down":{"uv":[112,86],"uv_size":[6,-7]}}},{"origin":[-2.86468,1.83025,9.517],"size":[5.7285,1.71,2.9925],"pivot":[-2.26575,3.54025,9.517],"rotation":[-45,0,0],"uv":{"east":{"uv":[28,146],"uv_size":[3,2]},"west":{"uv":[146,28],"uv_size":[3,2]},"up":{"uv":[132,49],"uv_size":[6,3]}}},{"origin":[-2.8698,-6.18252,-29.8605],"size":[5.7395,3.249,13.445],"pivot":[2.69368,-6.18252,-17.7455],"rotation":[-15,0,0],"uv":{"north":{"uv":[133,63],"uv_size":[6,3]},"east":{"uv":[109,42],"uv_size":[13,3]},"west":{"uv":[113,56],"uv_size":[13,3]},"down":{"uv":[93,37],"uv_size":[6,-13]}}},{"origin":[-2.86425,-6.52674,-16.46082],"size":[5.7285,3.5,5.5],"uv":{"east":{"uv":[127,127],"uv_size":[6,4]},"west":{"uv":[128,4],"uv_size":[6,4]},"down":{"uv":[117,117],"uv_size":[6,-6]}}},{"origin":[-2.86425,-4.76577,-11.09698],"size":[5.7285,2.565,6.1],"pivot":[2.69325,-6.04827,-19.64698],"rotation":[-3,0,0],"uv":{"east":{"uv":[133,127],"uv_size":[6,3]},"west":{"uv":[133,133],"uv_size":[6,3]},"down":{"uv":[16,124],"uv_size":[6,-6]}}},{"origin":[-2.86425,-6.52674,-10.96082],"size":[5.7285,1.2825,2.565],"pivot":[2.69325,-6.52674,-10.96082],"rotation":[32.5,0,0],"uv":{"east":{"uv":[54,150],"uv_size":[3,1]},"west":{"uv":[57,150],"uv_size":[3,1]},"down":{"uv":[134,6],"uv_size":[6,-3]}}},{"origin":[-2.86425,-6.80898,-7.5969],"size":[5.7285,1.2825,2.565],"pivot":[2.69325,-6.80898,-5.0319],"rotation":[-35,0,0],"uv":{"east":{"uv":[150,60],"uv_size":[3,1]},"west":{"uv":[150,61],"uv_size":[3,1]},"down":{"uv":[109,137],"uv_size":[6,-3]}}},{"origin":[-2.86425,-6.04827,-5.01198],"size":[5.7285,3.8475,5.13],"pivot":[2.69325,-6.04827,-19.54698],"rotation":[-3,0,0],"uv":{"east":{"uv":[130,93],"uv_size":[5,4]},"south":{"uv":[56,128],"uv_size":[6,4]},"west":{"uv":[131,79],"uv_size":[5,4]},"down":{"uv":[123,68],"uv_size":[6,-5]}}},{"origin":[1.5297,7.60441,-31.5655],"size":[0.65,0.65,36.0975],"pivot":[1.9232,8.45941,-31.138],"rotation":[0,0,45],"uv":{"north":{"uv":[7,153],"uv_size":[1,1]},"south":{"uv":[153,7],"uv_size":[1,1]},"west":{"uv":[115,40],"uv_size":[36,1]},"up":{"uv":[71,102],"uv_size":[1,36]}}},{"origin":[-1.54113,7.77541,-31.5655],"size":[0.65,0.65,36.0975],"pivot":[-1.31863,8.45941,-31.138],"rotation":[0,0,45],"uv":{"north":{"uv":[8,153],"uv_size":[1,1]},"east":{"uv":[116,12],"uv_size":[36,1]},"south":{"uv":[153,8],"uv_size":[1,1]},"down":{"uv":[10,146],"uv_size":[1,-36]}}},{"origin":[-1.5,7.7927,-31.5655],"size":[3,0.8,36.0975],"uv":{"north":{"uv":[62,150],"uv_size":[3,1]},"south":{"uv":[65,150],"uv_size":[3,1]},"up":{"uv":[46,77],"uv_size":[3,36]}}},{"origin":[-1.5,7.1611,-31.5905],"size":[3,0.6316,36.0725],"uv":{"north":{"uv":[150,65],"uv_size":[3,1]},"east":{"uv":[117,98],"uv_size":[36,1]},"south":{"uv":[68,150],"uv_size":[3,1]},"west":{"uv":[118,62],"uv_size":[36,1]},"down":{"uv":[80,60],"uv_size":[3,-36]}}},{"origin":[-3,-1.205,-53.45375],"size":[6,1.2825,1.2825],"pivot":[2.907,-0.35,-53.45375],"rotation":[-45,0,0],"uv":{"north":{"uv":[146,67],"uv_size":[6,1]},"east":{"uv":[9,153],"uv_size":[1,1]},"south":{"uv":[146,79],"uv_size":[6,1]},"west":{"uv":[153,9],"uv_size":[1,1]},"up":{"uv":[146,80],"uv_size":[6,1]},"down":{"uv":[146,82],"uv_size":[6,-1]}}},{"origin":[-3,-1.205,-36.78125],"size":[6,1.2825,1.2825],"pivot":[2.907,-0.35,-36.78125],"rotation":[-45,0,0],"uv":{"north":{"uv":[146,82],"uv_size":[6,1]},"east":{"uv":[10,153],"uv_size":[1,1]},"south":{"uv":[146,99],"uv_size":[6,1]},"west":{"uv":[153,10],"uv_size":[1,1]},"up":{"uv":[146,100],"uv_size":[6,1]},"down":{"uv":[146,102],"uv_size":[6,-1]}}},{"origin":[-3,-2.06,-21.81875],"size":[6,1.2825,1.2825],"pivot":[2.736,-1.205,-21.81875],"rotation":[-45,0,0],"uv":{"north":{"uv":[146,102],"uv_size":[6,1]},"east":{"uv":[11,153],"uv_size":[1,1]},"south":{"uv":[146,111],"uv_size":[6,1]},"west":{"uv":[153,11],"uv_size":[1,1]},"up":{"uv":[146,112],"uv_size":[6,1]},"down":{"uv":[146,116],"uv_size":[6,-1]}}},{"origin":[-3,-1.6325,-2.15375],"size":[6,1.2825,1.2825],"pivot":[2.736,-0.7775,-2.15375],"rotation":[-45,0,0],"uv":{"north":{"uv":[146,116],"uv_size":[6,1]},"east":{"uv":[12,153],"uv_size":[1,1]},"south":{"uv":[146,117],"uv_size":[6,1]},"west":{"uv":[153,12],"uv_size":[1,1]},"up":{"uv":[146,118],"uv_size":[6,1]},"down":{"uv":[129,147],"uv_size":[6,-1]}}},{"origin":[-3,-0.35,17.51125],"size":[6,1.2825,1.2825],"pivot":[2.736,0.505,17.51125],"rotation":[-45,0,0],"uv":{"north":{"uv":[135,146],"uv_size":[6,1]},"east":{"uv":[13,153],"uv_size":[1,1]},"south":{"uv":[146,138],"uv_size":[6,1]},"west":{"uv":[153,13],"uv_size":[1,1]},"up":{"uv":[146,139],"uv_size":[6,1]},"down":{"uv":[141,147],"uv_size":[6,-1]}}},{"origin":[-2.02375,-14.03,16.22875],"size":[4.0475,1.2825,1.2825],"pivot":[2.02375,-13.175,16.22875],"rotation":[-45,0,0],"uv":{"north":{"uv":[148,127],"uv_size":[4,1]},"east":{"uv":[14,153],"uv_size":[1,1]},"south":{"uv":[148,128],"uv_size":[4,1]},"west":{"uv":[153,14],"uv_size":[1,1]},"up":{"uv":[129,148],"uv_size":[4,1]},"down":{"uv":[148,130],"uv_size":[4,-1]}}},{"origin":[-3,-0.35,44.87125],"size":[6,1.2825,1.2825],"pivot":[2.736,0.505,44.87125],"rotation":[-45,0,0],"uv":{"north":{"uv":[16,147],"uv_size":[6,1]},"east":{"uv":[15,153],"uv_size":[1,1]},"south":{"uv":[147,16],"uv_size":[6,1]},"west":{"uv":[153,15],"uv_size":[1,1]},"up":{"uv":[147,17],"uv_size":[6,1]},"down":{"uv":[147,34],"uv_size":[6,-1]}}}]},{"name":"bolt","parent":"gun","pivot":[0,4.89872,-20.66482],"cubes":[{"origin":[-2.52247,3.95738,1.09876],"size":[1.41075,1.41075,1.6],"pivot":[-1.62899,5.56813,2.50951],"rotation":[0,0,-17.5],"uv":{"north":{"uv":[17,153],"uv_size":[1,1]},"east":{"uv":[93,151],"uv_size":[2,1]},"south":{"uv":[153,17],"uv_size":[1,1]},"up":{"uv":[90,151],"uv_size":[1,2]},"down":{"uv":[151,96],"uv_size":[1,-2]}}},{"origin":[-3.77686,4.36995,1.36901],"size":[1.41075,0.9405,0.9405],"pivot":[-1.47263,5.31045,2.50951],"rotation":[0,0,-27.5],"uv":{"north":{"uv":[18,153],"uv_size":[1,1]},"east":{"uv":[153,18],"uv_size":[1,1]},"south":{"uv":[19,153],"uv_size":[1,1]},"up":{"uv":[20,153],"uv_size":[1,1]},"down":{"uv":[153,21],"uv_size":[1,-1]}}},{"origin":[-4.92725,3.30598,1.36901],"size":[1.41075,0.9405,0.9405],"pivot":[-3.5165,4.24648,1.36901],"rotation":[0,5,-60],"uv":{"north":{"uv":[21,153],"uv_size":[1,1]},"east":{"uv":[153,21],"uv_size":[1,1]},"south":{"uv":[22,153],"uv_size":[1,1]},"west":{"uv":[153,22],"uv_size":[1,1]},"up":{"uv":[23,153],"uv_size":[1,1]},"down":{"uv":[153,24],"uv_size":[1,-1]}}},{"origin":[-5.36681,2.63191,1.49196],"size":[2,0.9405,0.9405],"pivot":[-3.36681,2.63191,1.49196],"rotation":[0,45,-65],"uv":{"north":{"uv":[95,151],"uv_size":[2,1]},"south":{"uv":[151,96],"uv_size":[2,1]},"west":{"uv":[153,24],"uv_size":[1,1]},"up":{"uv":[97,151],"uv_size":[2,1]},"down":{"uv":[151,110],"uv_size":[2,-1]}}},{"origin":[-7.87599,1.3502,2.90618],"size":[3.9115,0.9405,0.9405],"pivot":[-3.96449,1.3502,2.90618],"rotation":[18.88172,41.64114,-35.26369],"uv":{"north":{"uv":[148,130],"uv_size":[4,1]},"south":{"uv":[148,131],"uv_size":[4,1]},"west":{"uv":[153,25],"uv_size":[1,1]},"up":{"uv":[148,132],"uv_size":[4,1]},"down":{"uv":[133,149],"uv_size":[4,-1]}}},{"origin":[-0.72865,3.13956,-20.66482],"size":[1.4573,3.5185,26.94533],"uv":{"north":{"uv":[53,147],"uv_size":[1,4]},"up":{"uv":[72,120],"uv_size":[1,27]},"down":{"uv":[73,147],"uv_size":[1,-27]}}},{"origin":[0.30182,3.31636,-20.66482],"size":[1.4573,3.5185,26.94533],"pivot":[0.30182,6.23096,-19.93617],"rotation":[0,0,45],"uv":{"north":{"uv":[80,147],"uv_size":[1,4]},"up":{"uv":[74,120],"uv_size":[1,27]},"down":{"uv":[50,150],"uv_size":[1,-27]}}},{"origin":[-1.75911,4.17002,-20.66482],"size":[3.5185,1.4573,26.94533],"uv":{"north":{"uv":[148,133],"uv_size":[4,1]},"east":{"uv":[125,71],"uv_size":[27,1]},"west":{"uv":[125,72],"uv_size":[27,1]}}},{"origin":[-1.75919,2.71253,-20.66482],"size":[3.5185,1.4573,26.94533],"pivot":[1.75931,4.16983,-20.66482],"rotation":[0,0,45],"uv":{"north":{"uv":[148,135],"uv_size":[4,1]},"east":{"uv":[125,73],"uv_size":[27,1]},"west":{"uv":[125,74],"uv_size":[27,1]}}},{"origin":[-8.76423,-1.7244,3.75505],"size":[3.92815,1.62697,1.627],"pivot":[-4.83608,-0.09743,3.75505],"rotation":[0,0,45],"uv":{"north":{"uv":[143,63],"uv_size":[4,2]},"east":{"uv":[137,148],"uv_size":[2,2]},"south":{"uv":[78,143],"uv_size":[4,2]},"west":{"uv":[139,148],"uv_size":[2,2]}}},{"origin":[-8.76423,-0.09743,3.75505],"size":[3.92815,1.62697,1.627],"uv":{"east":{"uv":[148,140],"uv_size":[2,2]},"west":{"uv":[141,148],"uv_size":[2,2]}}},{"origin":[-6.46326,-1.0507,3.75505],"size":[1.62697,3.92815,1.627],"pivot":[-6.46326,2.20323,4.56853],"rotation":[0,0,45],"uv":{"north":{"uv":[92,143],"uv_size":[2,4]},"south":{"uv":[113,143],"uv_size":[2,4]},"up":{"uv":[148,142],"uv_size":[2,2]},"down":{"uv":[143,150],"uv_size":[2,-2]}}},{"origin":[-7.61348,-1.24817,3.75505],"size":[1.62697,3.92815,1.627],"uv":{"south":{"uv":[143,133],"uv_size":[2,4]},"up":{"uv":[148,144],"uv_size":[2,2]},"down":{"uv":[145,150],"uv_size":[2,-2]}}},{"origin":[-8.76423,-0.09742,3.75517],"size":[3.92815,1.62697,1.627],"pivot":[-4.83608,1.52955,3.75517],"rotation":[-90,45,0],"uv":{"north":{"uv":[144,0],"uv_size":[4,2]},"east":{"uv":[147,148],"uv_size":[2,2]},"south":{"uv":[144,2],"uv_size":[4,2]},"west":{"uv":[0,149],"uv_size":[2,2]}}},{"origin":[-6.46326,-2.53787,5.24235],"size":[1.62697,3.92815,1.627],"pivot":[-6.46326,0.71607,6.05583],"rotation":[-90,45,0],"uv":{"north":{"uv":[0,144],"uv_size":[2,4]},"south":{"uv":[144,24],"uv_size":[2,4]},"up":{"uv":[2,149],"uv_size":[2,2]},"down":{"uv":[4,151],"uv_size":[2,-2]}}},{"origin":[-9.9146,-1.7244,6.53252],"size":[3.92815,1.62697,1.627],"pivot":[-5.98645,-0.09743,6.53252],"rotation":[-90,-45,90],"uv":{"north":{"uv":[30,144],"uv_size":[4,2]},"east":{"uv":[6,149],"uv_size":[2,2]},"south":{"uv":[144,34],"uv_size":[4,2]},"west":{"uv":[149,6],"uv_size":[2,2]}}},{"origin":[-8.76416,-0.09743,5.38208],"size":[3.92815,1.62697,1.627],"pivot":[-5.98645,3.35419,5.38208],"rotation":[0,-90,0],"uv":{"east":{"uv":[8,149],"uv_size":[2,2]},"west":{"uv":[10,149],"uv_size":[2,2]}}},{"origin":[-6.79993,-1.0507,4.09186],"size":[1.62697,3.92815,1.627],"pivot":[-6.79993,2.20323,4.90534],"rotation":[-90,-45,90],"uv":{"north":{"uv":[34,144],"uv_size":[2,4]},"south":{"uv":[144,99],"uv_size":[2,4]},"up":{"uv":[12,149],"uv_size":[2,2]},"down":{"uv":[14,151],"uv_size":[2,-2]}}}]},{"name":"bolt_back_part","parent":"gun","pivot":[0,5.42043,5.1625],"cubes":[{"origin":[1.51526,3.8433,9.01541],"size":[0.855,2.2325,1.07464],"pivot":[2.37026,5.76705,9.01541],"rotation":[0,-45,0],"uv":{"west":{"uv":[112,151],"uv_size":[1,2]},"up":{"uv":[26,153],"uv_size":[1,1]}}},{"origin":[-2.62043,3.8433,8.41084],"size":[0.855,2.2325,1.07464],"pivot":[-1.76543,5.76705,8.41084],"rotation":[0,45,0],"uv":{"north":{"uv":[119,151],"uv_size":[1,2]},"east":{"uv":[120,151],"uv_size":[1,2]},"up":{"uv":[27,153],"uv_size":[1,1]}}},{"origin":[1.51526,6.0758,4.49092],"size":[0.855,1.3958,4.5245],"pivot":[2.37026,6.0758,4.49092],"rotation":[0,0,-45],"uv":{"south":{"uv":[153,28],"uv_size":[1,1]},"west":{"uv":[16,149],"uv_size":[4,1]}}},{"origin":[1.45038,6.83572,9.0153],"size":[0.16,0.3208,0.5299],"pivot":[1.61038,6.83572,9.0153],"rotation":[0,0,-45],"uv":{"south":{"uv":[30,153],"uv_size":[1,1]},"west":{"uv":[153,30],"uv_size":[1,1]}}},{"origin":[-1.65987,6.72265,9.0153],"size":[0.16,0.3207,0.5299],"pivot":[-1.49987,6.72265,9.0153],"rotation":[0,0,45],"uv":{"east":{"uv":[153,32],"uv_size":[1,1]},"south":{"uv":[33,153],"uv_size":[1,1]}}},{"origin":[-2.62364,5.471,4.4908],"size":[0.855,1.3958,4.5245],"pivot":[-1.76864,5.471,4.4908],"rotation":[0,0,45],"uv":{"north":{"uv":[35,153],"uv_size":[1,1]},"east":{"uv":[149,18],"uv_size":[4,1]},"south":{"uv":[153,35],"uv_size":[1,1]},"down":{"uv":[116,152],"uv_size":[1,-4]}}},{"origin":[-2.02974,3.8433,4.49091],"size":[4.4,2.2325,4.5245],"uv":{"north":{"uv":[144,103],"uv_size":[4,2]},"east":{"uv":[104,144],"uv_size":[4,2]},"west":{"uv":[144,113],"uv_size":[4,2]}}},{"origin":[-2.37322,3.84308,4.4908],"size":[0.55,2.2325,1.7785],"uv":{"north":{"uv":[123,151],"uv_size":[1,2]},"east":{"uv":[20,149],"uv_size":[2,2]},"south":{"uv":[151,123],"uv_size":[1,2]}}},{"origin":[-2.37001,3.8433,6.27941],"size":[0.21375,0.64125,2.736],"uv":{"east":{"uv":[150,68],"uv_size":[3,1]},"up":{"uv":[118,149],"uv_size":[1,3]}}},{"origin":[-2.223,4.86468,6.5305],"size":[0.21375,0.64125,2.1375],"uv":{"north":{"uv":[37,153],"uv_size":[1,1]},"east":{"uv":[151,110],"uv_size":[2,1]},"south":{"uv":[153,37],"uv_size":[1,1]},"up":{"uv":[128,151],"uv_size":[1,2]},"down":{"uv":[129,153],"uv_size":[1,-2]}}},{"origin":[-2.43675,4.86468,6.5305],"size":[0.21375,0.64125,0.855],"uv":{"north":{"uv":[38,153],"uv_size":[1,1]},"east":{"uv":[153,38],"uv_size":[1,1]},"up":{"uv":[40,153],"uv_size":[1,1]},"down":{"uv":[153,41],"uv_size":[1,-1]}}},{"origin":[-2.43675,4.86468,7.3855],"size":[0.21375,0.64125,0.4275],"pivot":[-2.43675,5.50593,7.3855],"rotation":[0,32.5,0],"uv":{"east":{"uv":[153,41],"uv_size":[1,1]},"up":{"uv":[43,153],"uv_size":[1,1]},"down":{"uv":[153,44],"uv_size":[1,-1]}}},{"origin":[-1.38624,6.8325,4.4908],"size":[2.76978,0.23006,5.0544],"uv":{"north":{"uv":[81,150],"uv_size":[3,1]},"up":{"uv":[30,136],"uv_size":[3,5]}}},{"origin":[-1.38628,6.60574,9.41042],"size":[2.76978,0.32536,0.3254],"pivot":[1.61038,6.8358,9.64052],"rotation":[-45,0,0],"uv":{"east":{"uv":[44,153],"uv_size":[1,1]},"west":{"uv":[153,44],"uv_size":[1,1]},"up":{"uv":[94,150],"uv_size":[3,1]}}},{"origin":[-1.61012,3.8433,8.9203],"size":[3.2205,2.9925,0.855],"uv":{"east":{"uv":[136,149],"uv_size":[1,3]},"south":{"uv":[27,142],"uv_size":[3,3]},"west":{"uv":[19,150],"uv_size":[1,3]},"up":{"uv":[150,97],"uv_size":[3,1]}}}]},{"name":"pin","parent":"gun","pivot":[-0.171,0.384,8.2345],"cubes":[{"origin":[-0.50575,5.243,7.028],"size":[0.684,0.684,2.9925],"pivot":[-0.2065,5.243,7.4555],"rotation":[0,0,135],"uv":{"east":{"uv":[150,119],"uv_size":[3,1]},"south":{"uv":[153,45],"uv_size":[1,1]},"west":{"uv":[120,150],"uv_size":[3,1]},"up":{"uv":[37,150],"uv_size":[1,3]},"down":{"uv":[39,153],"uv_size":[1,-3]}}}]},{"name":"mag","parent":"gun","pivot":[0.2565,-5.80652,-9.60272],"cubes":[{"origin":[-1.87892,-7.36402,-15.60272],"size":[3.933,9.5575,12.3975],"uv":{"north":{"uv":[92,127],"uv_size":[4,6]},"east":{"uv":[93,37],"uv_size":[12,6]},"south":{"uv":[128,99],"uv_size":[4,6]},"west":{"uv":[93,43],"uv_size":[12,6]},"up":{"uv":[105,34],"uv_size":[4,12]}}},{"origin":[-1.87892,-8.13352,-11.75522],"size":[3.933,0.7695,5.985],"uv":{"east":{"uv":[42,147],"uv_size":[6,1]},"west":{"uv":[63,147],"uv_size":[6,1]}}},{"origin":[-1.87892,-8.64652,-5.77022],"size":[3.933,1.2825,2.565],"uv":{"east":{"uv":[150,120],"uv_size":[3,1]},"south":{"uv":[26,149],"uv_size":[4,1]},"west":{"uv":[123,150],"uv_size":[3,1]}}},{"origin":[-2.09267,-7.70602,-15.81647],"size":[4.3605,0.855,12.825],"pivot":[1.62658,-7.27852,-15.38897],"rotation":[-7.5,0,0],"uv":{"north":{"uv":[149,28],"uv_size":[4,1]},"east":{"uv":[128,108],"uv_size":[13,1]},"south":{"uv":[149,29],"uv_size":[4,1]},"west":{"uv":[132,37],"uv_size":[13,1]},"up":{"uv":[65,102],"uv_size":[4,13]},"down":{"uv":[24,116],"uv_size":[4,-13]}}}]},{"name":"bullet","parent":"mag","pivot":[0,2.38296,-4.9325],"cubes":[{"origin":[-0.4275,1.9585,-15.1925],"size":[0.855,0.855,2.9925],"pivot":[0,2.386,-14.765],"rotation":[0,0,45],"uv":{"north":{"uv":[46,153],"uv_size":[1,1]},"east":{"uv":[132,150],"uv_size":[3,1]},"west":{"uv":[137,150],"uv_size":[3,1]},"up":{"uv":[47,150],"uv_size":[1,3]},"down":{"uv":[50,153],"uv_size":[1,-3]}}},{"origin":[-1.15729,1.77839,-12.2],"size":[1.2825,1.2825,7.2675],"pivot":[-0.30229,1.77839,-11.7725],"rotation":[0,0,45],"uv":{"north":{"uv":[47,153],"uv_size":[1,1]},"east":{"uv":[143,65],"uv_size":[7,1]},"south":{"uv":[153,47],"uv_size":[1,1]},"west":{"uv":[143,137],"uv_size":[7,1]},"up":{"uv":[60,142],"uv_size":[1,7]},"down":{"uv":[94,150],"uv_size":[1,-7]}}}]},{"name":"exp_mag","parent":"gun","pivot":[0,-5.80652,-9.60272],"cubes":[{"origin":[-1.87892,-12.49402,-15.60272],"size":[3.933,14.6875,12.3975],"uv":{"north":{"uv":[108,62],"uv_size":[4,11]},"east":{"uv":[68,48],"uv_size":[12,11]},"south":{"uv":[0,109],"uv_size":[4,11]},"west":{"uv":[68,59],"uv_size":[12,11]},"up":{"uv":[106,99],"uv_size":[4,12]}}},{"origin":[-1.87892,-13.34902,-11.75522],"size":[3.933,0.855,5.985],"uv":{"east":{"uv":[147,63],"uv_size":[6,1]},"west":{"uv":[147,64],"uv_size":[6,1]}}},{"origin":[-1.87892,-13.77652,-5.77022],"size":[3.933,1.2825,2.565],"uv":{"east":{"uv":[126,150],"uv_size":[3,1]},"south":{"uv":[42,149],"uv_size":[4,1]},"west":{"uv":[129,150],"uv_size":[3,1]}}},{"origin":[-2.09267,-12.87877,-15.81647],"size":[4.3605,0.855,12.825],"pivot":[1.62658,-12.45127,-15.38897],"rotation":[-7.5,0,0],"uv":{"north":{"uv":[149,46],"uv_size":[4,1]},"east":{"uv":[132,52],"uv_size":[13,1]},"south":{"uv":[149,47],"uv_size":[4,1]},"west":{"uv":[134,33],"uv_size":[13,1]},"up":{"uv":[40,103],"uv_size":[4,13]},"down":{"uv":[81,116],"uv_size":[4,-13]}}}]},{"name":"exp_mag_bullet","parent":"exp_mag","pivot":[0,2.19348,-9.60272],"cubes":[{"origin":[-0.8825,2.19348,-12.20272],"size":[1.2825,1.2825,7.2675],"pivot":[-0.6,2.19348,-11.20272],"rotation":[0,0,45],"uv":{"north":{"uv":[173,25],"uv_size":[1,1]},"east":{"uv":[166,25],"uv_size":[7,1]},"south":{"uv":[181,25],"uv_size":[1,1]},"west":{"uv":[174,25],"uv_size":[7,1]},"up":{"uv":[173,18],"uv_size":[1,7]},"down":{"uv":[174,25],"uv_size":[1,-7]}}},{"origin":[-0.455,2.39348,-15.10272],"size":[0.855,0.855,2.9925],"pivot":[-0.6,2.39348,-14.10272],"rotation":[0,0,45],"uv":{"north":{"uv":[160,26],"uv_size":[1,1]},"east":{"uv":[164,16],"uv_size":[2,1]},"west":{"uv":[168,0],"uv_size":[3,1]},"up":{"uv":[170,18],"uv_size":[-2,1]},"down":{"uv":[165,21],"uv_size":[-1,-2]}}}]},{"name":"muzzle","parent":"gun","pivot":[0,6.148,-131.045],"cubes":[{"origin":[-0.81348,2.98433,-130.14695],"size":[1.62697,3.92815,7.182],"uv":{"north":{"uv":[115,144],"uv_size":[2,4]},"up":{"uv":[73,24],"uv_size":[2,7]},"down":{"uv":[60,88],"uv_size":[2,-7]}}},{"origin":[0.59571,3.6093,-130.16401],"size":[2.1375,2.1375,0.855],"pivot":[1.10624,6.86323,-129.33347],"rotation":[0,0,45],"uv":{"north":{"uv":[51,149],"uv_size":[2,2]}}},{"origin":[0.33674,3.1818,-130.14695],"size":[1.62697,3.92815,7.182],"pivot":[0.33674,6.43573,-129.33347],"rotation":[0,0,45],"uv":{"north":{"uv":[125,144],"uv_size":[2,4]},"up":{"uv":[72,89],"uv_size":[2,7]},"down":{"uv":[44,110],"uv_size":[2,-7]}}},{"origin":[-1.96423,4.13507,-130.14695],"size":[3.92815,1.62697,7.182],"uv":{"north":{"uv":[144,119],"uv_size":[4,2]},"east":{"uv":[135,20],"uv_size":[7,2]},"west":{"uv":[136,85],"uv_size":[7,2]}}},{"origin":[-1.96423,2.5081,-130.14695],"size":[3.92815,1.62697,7.182],"pivot":[1.96392,4.13507,-130.14695],"rotation":[0,0,45],"uv":{"north":{"uv":[133,144],"uv_size":[4,2]},"east":{"uv":[136,87],"uv_size":[7,2]},"west":{"uv":[136,89],"uv_size":[7,2]}}},{"origin":[0.85536,5.29445,-122.96293],"size":[0.9,2,3.8475],"pivot":[0.98586,6.83345,-122.96293],"rotation":[0,0,-45],"uv":{"north":{"uv":[134,151],"uv_size":[1,2]},"south":{"uv":[139,151],"uv_size":[1,2]},"west":{"uv":[2,145],"uv_size":[4,2]}}},{"origin":[-1.5682,5.74629,-122.96293],"size":[0.9,2,3.8475],"pivot":[-1.4377,7.28529,-122.96293],"rotation":[0,0,45],"uv":{"north":{"uv":[140,151],"uv_size":[1,2]},"east":{"uv":[16,145],"uv_size":[4,2]},"south":{"uv":[141,151],"uv_size":[1,2]}}},{"origin":[-1.70914,2.5505,-120.99643],"size":[3.42,0.684,0.684],"pivot":[1.71086,3.4055,-120.99643],"rotation":[-45,0,0],"uv":{"north":{"uv":[150,137],"uv_size":[3,1]},"east":{"uv":[48,153],"uv_size":[1,1]},"south":{"uv":[140,150],"uv_size":[3,1]},"west":{"uv":[153,48],"uv_size":[1,1]},"up":{"uv":[150,140],"uv_size":[3,1]},"down":{"uv":[150,142],"uv_size":[3,-1]}}},{"origin":[-1.51937,2.124,-122.96293],"size":[3.05922,3.4,3.8475],"uv":{"north":{"uv":[42,142],"uv_size":[3,3]},"east":{"uv":[3,140],"uv_size":[4,3]},"south":{"uv":[45,142],"uv_size":[3,3]},"west":{"uv":[140,3],"uv_size":[4,3]},"down":{"uv":[33,144],"uv_size":[3,-4]}}},{"origin":[-1.204,5.70355,-122.96293],"size":[2.408,2,3.8475],"uv":{"north":{"uv":[149,56],"uv_size":[2,2]},"south":{"uv":[78,149],"uv_size":[2,2]},"up":{"uv":[24,145],"uv_size":[2,4]}}},{"origin":[-2.61821,3.38933,-122.96293],"size":[5.236,2.9,3.8475],"uv":{"north":{"uv":[136,79],"uv_size":[5,3]},"east":{"uv":[140,30],"uv_size":[4,3]},"south":{"uv":[136,82],"uv_size":[5,3]},"west":{"uv":[36,140],"uv_size":[4,3]},"down":{"uv":[131,91],"uv_size":[5,-4]}}}]},{"name":"s_scope","parent":"gun","pivot":[0,8.629,-12.07]},{"name":"s_muzzle","parent":"gun","pivot":[0,4.8655,-119.1605]},{"name":"left_arm","parent":"gun","pivot":[14.8495,-22.857,1.798],"rotation":[-95.35151,24.87581,45.8345],"cubes":[{"origin":[10.3495,-76.857,-4.202],"size":[9,54,12],"uv":{"north":{"uv":[48,0],"uv_size":[9,54]},"south":{"uv":[0,54],"uv_size":[9,54]},"west":{"uv":[12,0],"uv_size":[12,54]},"up":{"uv":[114,81],"uv_size":[9,12]},"down":{"uv":[115,24],"uv_size":[9,-12]}}}]},{"name":"camera","parent":"root","pivot":[6.6729,12.2052,28.5323]}]}]}