{
	"format_version": "1.8.0",
	"animations": {
		"recoil": {
			"animation_length": 0.68,
			"bones": {
				"gun": {
					"rotation": {
						"0.0": [0, 0, 0],
						"0.03": {
							"pre": [0.49992, -0.00873, 3.49996],
							"post": [0.49992, -0.00873, 3.49996],
							"lerp_mode": "catmullrom"
						},
						"0.07": {
							"post": [-3.99458, -0.19629, -1.49668],
							"lerp_mode": "catmullrom"
						},
						"0.19": {
							"post": [-4.52175, 0.11561, 1.47225],
							"lerp_mode": "catmullrom"
						},
						"0.3": {
							"post": [-0.92371, -0.27852, -0.56403],
							"lerp_mode": "catmullrom"
						},
						"0.37": {
							"post": [-0.29358, -0.17425, -2.40926],
							"lerp_mode": "catmullrom"
						},
						"0.49": {
							"post": [0.5, 0, 0],
							"lerp_mode": "catmullrom"
						},
						"0.55": {
							"post": [0.2, 0, -0.3],
							"lerp_mode": "catmullrom"
						},
						"0.6": {
							"post": [-0.1, 0, 0.1],
							"lerp_mode": "catmullrom"
						},
						"0.64": {
							"post": [0, 0, -0.05],
							"lerp_mode": "catmullrom"
						},
						"0.68": [0, 0, 0]
					},
					"position": {
						"0.0": [0, 0, 0],
						"0.02": {
							"pre": [0, -0.3, 5],
							"post": [0, -0.3, 5],
							"lerp_mode": "catmullrom"
						},
						"0.08": {
							"post": [0, 0.5, 6],
							"lerp_mode": "catmullrom"
						},
						"0.17": {
							"post": [0, 1.3, 5],
							"lerp_mode": "catmullrom"
						},
						"0.24": {
							"post": [0, 1.05, 4.39],
							"lerp_mode": "catmullrom"
						},
						"0.32": {
							"post": [0, 0.3, 3],
							"lerp_mode": "catmullrom"
						},
						"0.53": {
							"post": [0, -0.1, -0.1],
							"lerp_mode": "catmullrom"
						},
						"0.67": [0, 0, 0]
					}
				},
				"camera": {
					"rotation": {
						"0.0": [0, 0, 0],
						"0.05": {
							"pre": [-1, 0, 0.5],
							"post": [-1, 0, 0.5],
							"lerp_mode": "catmullrom"
						},
						"0.19": {
							"post": [0.3, 0, -0.2],
							"lerp_mode": "catmullrom"
						},
						"0.38": {
							"post": [-0.1, 0, 0.1],
							"lerp_mode": "catmullrom"
						},
						"0.63": {
							"post": [0, 0, 0],
							"lerp_mode": "catmullrom"
						}
					}
				}
			}
		},
		"recoil_ads": {
			"animation_length": 0.62,
			"bones": {
				"gun": {
					"rotation": {
						"0.0": {
							"post": [0, 0, 0],
							"lerp_mode": "catmullrom"
						},
						"0.03": {
							"post": [0.1, -0.10363, 0.1],
							"lerp_mode": "catmullrom"
						},
						"0.08": {
							"post": [-1.2, -0.19306, -0.1],
							"lerp_mode": "catmullrom"
						},
						"0.13": {
							"post": [-1.3, 0.13, 0.15],
							"lerp_mode": "catmullrom"
						},
						"0.21": {
							"post": [0.1, 0.0674, -0.3],
							"lerp_mode": "catmullrom"
						},
						"0.3": {
							"post": [0.2, -0.0036, 0.17499],
							"lerp_mode": "catmullrom"
						},
						"0.4": [0.3, -0.2, 0.1],
						"0.5": [-0.07, -0.075, -0.05],
						"0.62": [0, 0, 0]
					},
					"position": {
						"0.0": {
							"post": [0, 0, 0],
							"lerp_mode": "catmullrom"
						},
						"0.02": {
							"post": [0, -0.025, 1.8],
							"lerp_mode": "catmullrom"
						},
						"0.08": {
							"post": [0, 0, 1.85],
							"lerp_mode": "catmullrom"
						},
						"0.13": {
							"post": [0, -0.05, 1.28],
							"lerp_mode": "catmullrom"
						},
						"0.3": {
							"post": [0, -0.025, 0.1],
							"lerp_mode": "catmullrom"
						},
						"0.4": [0, 0, 0]
					}
				},
				"camera": {
					"rotation": {
						"0.0": [0, 0, 0],
						"0.05": {
							"pre": [-0.5, 0, 0.3],
							"post": [-0.5, 0, 0.3],
							"lerp_mode": "catmullrom"
						},
						"0.19": {
							"post": [0.1, 0, -0.15],
							"lerp_mode": "catmullrom"
						},
						"0.38": {
							"post": [0, 0, 0],
							"lerp_mode": "catmullrom"
						}
					}
				}
			}
		},
		"bolt_action": {
			"loop": "hold_on_last_frame",
			"animation_length": 1.24,
			"bones": {
				"pin": {
					"position": {
						"0.24": [0, 0, 0],
						"0.32": {
							"pre": [0, 0, 15],
							"post": [0, 0, 15],
							"lerp_mode": "catmullrom"
						},
						"0.4": [0, 0, 15],
						"0.52": [0, 0, 15],
						"0.6": {
							"pre": [0, 0, 0],
							"post": [0, 0, 0],
							"lerp_mode": "catmullrom"
						},
						"0.64": [0, 0, 0]
					}
				},
				"bolt_back_part": {
					"position": {
						"0.24": [0, 0, 0],
						"0.32": {
							"pre": [0, 0, 15],
							"post": [0, 0, 15],
							"lerp_mode": "catmullrom"
						},
						"0.4": [0, 0, 15],
						"0.52": [0, 0, 15],
						"0.6": {
							"pre": [0, 0, 0],
							"post": [0, 0, 0],
							"lerp_mode": "catmullrom"
						},
						"0.64": [0, 0, 0]
					}
				},
				"bolt": {
					"rotation": {
						"0.16": [0, 0, 0],
						"0.24": [0, 0, 57.5],
						"0.72": [0, 0, 57.5],
						"0.8": [0, 0, 0]
					},
					"position": {
						"0.24": [0, 0, 0],
						"0.32": {
							"pre": [0, 0, 15],
							"post": [0, 0, 15],
							"lerp_mode": "catmullrom"
						},
						"0.4": [0, 0, 15],
						"0.52": [0, 0, 15],
						"0.6": {
							"pre": [0, 0, 0],
							"post": [0, 0, 0],
							"lerp_mode": "catmullrom"
						},
						"0.64": [0, 0, 0]
					}
				},
				"gun": {
					"rotation": {
						"0.0": [0, 0, 0],
						"0.12": [2.49762, -0.10901, 2.49762],
						"0.2": [2.4905, -0.21782, 4.99527],
						"0.24": [2.47864, -0.32621, 7.49294],
						"0.32": [2.47257, -0.36941, 8.49203],
						"0.4": {
							"pre": [1.42769, -0.54278, 13.48931],
							"post": [1.42769, -0.54278, 13.48931],
							"lerp_mode": "catmullrom"
						},
						"0.48": [2.48535, -0.30822, 5.99302],
						"0.52": [2.47643, -0.37315, 7.49164],
						"0.6": [3.48256, -0.32989, 6.49256],
						"0.68": {
							"pre": [3.49751, 0.06622, 0.00461],
							"post": [3.49751, 0.06622, 0.00461],
							"lerp_mode": "catmullrom"
						},
						"0.76": [3.49144, -0.14956, 3.50093],
						"0.88": {
							"pre": [3.49672, -0.08937, 2.51382],
							"post": [3.49672, -0.08937, 2.51382],
							"lerp_mode": "catmullrom"
						},
						"0.96": [3.4879, -0.15086, 3.49815],
						"1.12": [-0.5, 0, 0.3],
						"1.24": [0, 0, 0]
					},
					"position": {
						"0.0": [0, 0, 0],
						"0.12": [0, -3, -2],
						"0.16": [0.5, -3, -3.1],
						"0.24": [0.5, -2, -3.1],
						"0.32": [0.5, -2, -4.1],
						"0.4": {
							"pre": [0.5, -2.5, -0.1],
							"post": [0.5, -2.5, -0.1],
							"lerp_mode": "catmullrom"
						},
						"0.48": [0.5, -2, -1.1],
						"0.52": [0.5, -1.7, -2.2],
						"0.6": [0.5, -1.9, -4.2],
						"0.68": {
							"pre": [0.5, -2.5, -8.2],
							"post": [0.5, -2.5, -8.2],
							"lerp_mode": "catmullrom"
						},
						"0.76": [0.5, -2.5, -7.3],
						"0.84": {
							"pre": [0.5, -3, -6.7],
							"post": [0.5, -3, -6.7],
							"lerp_mode": "catmullrom"
						},
						"0.96": {
							"post": [0.3, -3.4, -6.3],
							"lerp_mode": "catmullrom"
						},
						"1.04": {
							"post": [0.17, -1.65, -0.89],
							"lerp_mode": "catmullrom"
						},
						"1.2": [0, 0, 0.1]
					}
				},
				"right_arm": {
					"rotation": {
						"0.0": [0, 0, 0],
						"0.12": [-2.48163, 2.42403, 4.38807],
						"0.16": [-3.48163, 2.42403, 4.38807],
						"0.24": [-13.49249, 4.73112, 3.42494],
						"0.32": {
							"pre": [-36.01808, 1.84934, -0.66156],
							"post": [-36.01808, 1.84934, -0.66156],
							"lerp_mode": "catmullrom"
						},
						"0.4": [-36.02, 1.85, -0.66],
						"0.52": [-25.26434, 23.77099, 42.10387],
						"0.6": {
							"pre": [-23.41197, 10.78643, 19.97034],
							"post": [-23.41197, 10.78643, 19.97034],
							"lerp_mode": "catmullrom"
						},
						"0.72": [-23.41, 10.79, 19.97],
						"0.8": [-14.34088, -0.56024, -2.36071],
						"0.96": [0, 0, 0]
					},
					"position": {
						"0.0": [0, 0, 0],
						"0.12": [-7, 5, -5],
						"0.16": [-7, 4, -5],
						"0.24": [-5.9, 1.6, -9],
						"0.32": {
							"pre": [-7.9, -15.4, -1.6],
							"post": [-7.9, -15.4, -1.6],
							"lerp_mode": "catmullrom"
						},
						"0.4": [-7.9, -15.4, -1.6],
						"0.44": [-12.2, -10.9, 0.7],
						"0.52": [-14.5, -9.4, 3.2],
						"0.6": {
							"pre": [-11.1, -5.7, -8.8],
							"post": [-11.1, -5.7, -8.8],
							"lerp_mode": "catmullrom"
						},
						"0.72": [-11.1, -5.7, -8.8],
						"0.8": [-11.1, -8.7, -8.8],
						"0.96": [0, 0, 0]
					}
				}
			},
			"sound_effects": {
				"0.2": {
					"effect": "awp_bolt_back"
				},
				"0.52": {
					"effect": "awp_bolt_forward"
				}
			}
		},
		"full_reload": {
			"loop": "hold_on_last_frame",
			"animation_length": 3.29,
			"bones": {
				"gun": {
					"rotation": {
						"0.0": {
							"post": [0, 0, 0],
							"lerp_mode": "catmullrom"
						},
						"0.18": {
							"post": [-4.89071, -3.57181, -12.24081],
							"lerp_mode": "catmullrom"
						},
						"0.31": {
							"post": [-4.45526, -4.10007, -18.73293],
							"lerp_mode": "catmullrom"
						},
						"0.43": {
							"post": [-4.53065, -4.0196, -17.72924],
							"lerp_mode": "catmullrom"
						},
						"0.53": {
							"post": [-3.73019, -3.572, -12.7941],
							"lerp_mode": "catmullrom"
						},
						"0.61": {
							"post": [-4.69202, -3.84998, -16.22775],
							"lerp_mode": "catmullrom"
						},
						"0.68": {
							"post": [-4.52578, -3.79143, -12.29711],
							"lerp_mode": "catmullrom"
						},
						"0.79": {
							"post": [-3.72799, -3.56998, -13.29225],
							"lerp_mode": "catmullrom"
						},
						"0.94": {
							"post": [-1.27486, -3.07744, -8.93237],
							"lerp_mode": "catmullrom"
						},
						"1.15": {
							"post": [-3.77784, -3.13698, -1.29667],
							"lerp_mode": "catmullrom"
						},
						"1.26": {
							"post": [-3.77784, -3.13698, -2.29667],
							"lerp_mode": "catmullrom"
						},
						"1.39": {
							"post": [-6.27981, -3.23415, -9.65761],
							"lerp_mode": "catmullrom"
						},
						"1.47": {
							"post": [-5.29257, -3.06592, -8.71187],
							"lerp_mode": "catmullrom"
						},
						"1.54": {
							"post": [-4.07236, -3.15289, -21.2542],
							"lerp_mode": "catmullrom"
						},
						"1.62": {
							"post": [-5.23844, -3.15769, -12.20912],
							"lerp_mode": "catmullrom"
						},
						"1.71": {
							"post": [-5.23844, -3.15769, -12.20912],
							"lerp_mode": "catmullrom"
						},
						"1.82": {
							"post": [-3.1413, -1.96643, -10.26032],
							"lerp_mode": "catmullrom"
						},
						"1.95": {
							"post": [-0.42557, -0.55031, -8.72694],
							"lerp_mode": "catmullrom"
						},
						"2.14": {
							"post": [-4.35339, -5.24987, 6.37458],
							"lerp_mode": "catmullrom"
						},
						"2.22": {
							"post": [-4.2611, -5.32498, 5.37314],
							"lerp_mode": "catmullrom"
						},
						"2.36": {
							"post": [-3.57676, -5.05028, 8.87394],
							"lerp_mode": "catmullrom"
						},
						"2.42": {
							"post": [-4.48797, -5.1293, 7.87312],
							"lerp_mode": "catmullrom"
						},
						"2.5": {
							"post": [-6.91518, -4.63286, 12.86336],
							"lerp_mode": "catmullrom"
						},
						"2.57": {
							"post": [-4.49061, -5.08655, 7.86619],
							"lerp_mode": "catmullrom"
						},
						"2.65": {
							"post": [-3.49, -5.09, 7.87],
							"lerp_mode": "catmullrom"
						},
						"2.74": {
							"post": [-1.56629, -5.44482, -2.16621],
							"lerp_mode": "catmullrom"
						},
						"2.87": {
							"post": [-1.8029, -5.37131, 0.34388],
							"lerp_mode": "catmullrom"
						},
						"3.05": {
							"post": [-0.58628, -5.51695, -4.32056],
							"lerp_mode": "catmullrom"
						},
						"3.29": [0, 0, 0]
					},
					"position": {
						"0.0": {
							"post": [0, 0, 0],
							"lerp_mode": "catmullrom"
						},
						"0.12": {
							"post": [-1, -0.3, -1],
							"lerp_mode": "catmullrom"
						},
						"0.24": {
							"post": [-1, 0.7, -2],
							"lerp_mode": "catmullrom"
						},
						"0.35": {
							"post": [-0.8, 2.5, -2.6],
							"lerp_mode": "catmullrom"
						},
						"0.45": {
							"post": [-1, 2.5, -2.6],
							"lerp_mode": "catmullrom"
						},
						"0.53": {
							"post": [-0.9, 2.9, -3.1],
							"lerp_mode": "catmullrom"
						},
						"0.68": {
							"post": [-0.8, 0.5, -2.4],
							"lerp_mode": "catmullrom"
						},
						"0.86": {
							"post": [-1, -0.5, -1.4],
							"lerp_mode": "catmullrom"
						},
						"1.01": {
							"post": [-1.4, 0.7, -1.6],
							"lerp_mode": "catmullrom"
						},
						"1.2": {
							"post": [-1.4, 1, -0.6],
							"lerp_mode": "catmullrom"
						},
						"1.37": {
							"post": [-1.4, 1.5, -0.6],
							"lerp_mode": "catmullrom"
						},
						"1.47": {
							"post": [-1.4, 0.3, -0.6],
							"lerp_mode": "catmullrom"
						},
						"1.54": {
							"post": [-0.4, 0.4, -0.6],
							"lerp_mode": "catmullrom"
						},
						"1.62": {
							"post": [-1.3, 1.2, -0.6],
							"lerp_mode": "catmullrom"
						},
						"1.71": {
							"post": [-1.3, 1.9, -0.6],
							"lerp_mode": "catmullrom"
						},
						"1.82": {
							"post": [-1.3, 2.1, -0.6],
							"lerp_mode": "catmullrom"
						},
						"1.96": {
							"post": [0, 0, 0],
							"lerp_mode": "catmullrom"
						},
						"2.14": {
							"post": [1.2, 0, -1.6],
							"lerp_mode": "catmullrom"
						},
						"2.25": {
							"post": [1.4, -0.2, -1.6],
							"lerp_mode": "catmullrom"
						},
						"2.37": {
							"post": [1.7, -0.4, -1.6],
							"lerp_mode": "catmullrom"
						},
						"2.46": {
							"post": [1.7, -1.1, 0.4],
							"lerp_mode": "catmullrom"
						},
						"2.55": {
							"post": [1.7, -0.9, 0],
							"lerp_mode": "catmullrom"
						},
						"2.65": {
							"post": [1.7, -1.2, -0.8],
							"lerp_mode": "catmullrom"
						},
						"2.75": {
							"post": [1.7, -1.5, -3.4],
							"lerp_mode": "catmullrom"
						},
						"2.86": {
							"post": [1.7, -1.7, -2.4],
							"lerp_mode": "catmullrom"
						},
						"3.02": {
							"post": [1.7, -1.7, -1.4],
							"lerp_mode": "catmullrom"
						},
						"3.2": [0, 0, 0]
					}
				},
				"right_arm": {
					"rotation": {
						"1.98": [0, 0, 0],
						"2.08": [-4.19185, -0.63771, 3.07618],
						"2.19": [-22.00328, -2.6293, 22.02192],
						"2.25": [-22, -2.63, 22.02],
						"2.32": {
							"pre": [-25.12284, -13.36936, -1.00341],
							"post": [-25.12284, -13.36936, -1.00341],
							"lerp_mode": "catmullrom"
						},
						"2.39": {
							"post": [-25.12, -13.37, -1],
							"lerp_mode": "catmullrom"
						},
						"2.46": {
							"post": [-43.32922, -4.70356, 14.55067],
							"lerp_mode": "catmullrom"
						},
						"2.63": {
							"post": [-38.82537, -20.39914, -2.23045],
							"lerp_mode": "catmullrom"
						},
						"2.71": {
							"post": [-33.90524, -1.55947, 12.57831],
							"lerp_mode": "catmullrom"
						},
						"2.82": {
							"post": [-33.90524, -1.55947, 12.57831],
							"lerp_mode": "catmullrom"
						},
						"2.98": {
							"post": [-13.90176, 1.12018, 12.25943],
							"lerp_mode": "catmullrom"
						},
						"3.11": [0, 0, 0]
					},
					"position": {
						"1.98": [0, 0, 0],
						"2.08": [-8.69881, -4.53011, -5.83599],
						"2.19": [-19.87016, -5.83429, -9.73439],
						"2.25": [-19.87, -5.83, -9.73],
						"2.32": {
							"pre": [-18.99873, -7.33413, -12.41858],
							"post": [-18.99873, -7.33413, -12.41858],
							"lerp_mode": "catmullrom"
						},
						"2.39": {
							"post": [-19, -7.33, -12.42],
							"lerp_mode": "catmullrom"
						},
						"2.43": {
							"post": [-19.91205, -11.82333, -9.13911],
							"lerp_mode": "catmullrom"
						},
						"2.46": {
							"post": [-22.05873, -15.16361, -6.69561],
							"lerp_mode": "catmullrom"
						},
						"2.63": {
							"post": [-21.18339, -16.27374, -5.48298],
							"lerp_mode": "catmullrom"
						},
						"2.71": {
							"post": [-18.16617, -10.4312, -15.27363],
							"lerp_mode": "catmullrom"
						},
						"2.82": {
							"post": [-18.16617, -10.4312, -15.27363],
							"lerp_mode": "catmullrom"
						},
						"2.98": {
							"post": [-12.57, -13.12477, -6.50636],
							"lerp_mode": "catmullrom"
						},
						"3.11": [0, 0, 0]
					}
				},
				"left_arm": {
					"rotation": {
						"0.01": [0, 0, 0],
						"0.11": {
							"pre": [-14.30152, -18.47992, -44.49687],
							"post": [-14.30152, -18.47992, -44.49687],
							"lerp_mode": "catmullrom"
						},
						"0.34": {
							"post": [-27.11685, -14.79935, -63.3368],
							"lerp_mode": "catmullrom"
						},
						"0.49": [-27.11685, -14.79935, -63.3368],
						"0.64": {
							"pre": [-23.25, -19.56, -73.78],
							"post": [-23.25, -19.56, -73.78],
							"lerp_mode": "catmullrom"
						},
						"0.8": {
							"post": [-15.75, -19.56, -73.78],
							"lerp_mode": "catmullrom"
						},
						"0.96": [-14.93174, -16.90649, -66.71697],
						"1.27": [-15.24157, -17.7796, -69.07997],
						"1.38": [-16.24921, -19.17162, -78.81307],
						"1.49": [-15.99889, -19.35361, -76.29514],
						"1.54": [-18.5, -19.35, -76.3],
						"1.7": [-18.5, -19.35, -76.3],
						"1.83": [-10.77994, -23.74228, -58.5575],
						"1.94": [-6.07203, -10.34445, -11.23295],
						"2.03": [0, 0, 0]
					},
					"position": {
						"0.01": [0, 0, 0],
						"0.11": {
							"pre": [1, -3, 15],
							"post": [1, -3, 15],
							"lerp_mode": "catmullrom"
						},
						"0.22": {
							"post": [3.13, -7.4, 28.69],
							"lerp_mode": "catmullrom"
						},
						"0.36": {
							"post": [3, -11, 31],
							"lerp_mode": "catmullrom"
						},
						"0.49": [3, -12, 34],
						"0.64": {
							"pre": [4.57708, -15.1192, 38.50937],
							"post": [4.57708, -15.1192, 38.50937],
							"lerp_mode": "catmullrom"
						},
						"0.8": {
							"post": [0.12837, -42.80668, 41.08505],
							"lerp_mode": "catmullrom"
						},
						"0.96": [5.0706, -46.5375, 40.84255],
						"1.13": {
							"pre": [3.75137, -14.56293, 38.933],
							"post": [3.75137, -14.56293, 38.933],
							"lerp_mode": "catmullrom"
						},
						"1.27": {
							"post": [4.11701, -9.55588, 38.36526],
							"lerp_mode": "catmullrom"
						},
						"1.38": {
							"post": [1.41774, -10.27696, 37.49512],
							"lerp_mode": "catmullrom"
						},
						"1.49": {
							"post": [1.0971, -5.24319, 36.44001],
							"lerp_mode": "catmullrom"
						},
						"1.54": {
							"post": [2.43125, -1.0765, 36.22076],
							"lerp_mode": "catmullrom"
						},
						"1.7": [2.43125, -1.0765, 36.22076],
						"1.83": [-0.68733, -4.92842, 28.57939],
						"1.94": [0.18189, 2.98555, 7.68541],
						"2.03": [0, 0, 0]
					}
				},
				"bolt": {
					"rotation": {
						"2.25": [0, 0, 0],
						"2.32": {
							"pre": [0, 0, 57.5],
							"post": [0, 0, 57.5],
							"lerp_mode": "catmullrom"
						},
						"2.39": {
							"post": [0, 0, 57.5],
							"lerp_mode": "catmullrom"
						},
						"2.71": [0, 0, 57.5],
						"2.78": [0, 0, 57.5],
						"2.91": {
							"pre": [0, 0, 0],
							"post": [0, 0, 0],
							"lerp_mode": "catmullrom"
						}
					},
					"position": {
						"2.39": [0, 0, 0],
						"2.46": {
							"pre": [0, 0, 15],
							"post": [0, 0, 15],
							"lerp_mode": "catmullrom"
						},
						"2.63": {
							"post": [0, 0, 15],
							"lerp_mode": "catmullrom"
						},
						"2.71": {
							"post": [0, 0, 0],
							"lerp_mode": "catmullrom"
						},
						"2.78": {
							"post": [0, 0, 0],
							"lerp_mode": "catmullrom"
						}
					}
				},
				"bolt_back_part": {
					"position": {
						"2.39": [0, 0, 0],
						"2.46": {
							"pre": [0, 0, 15],
							"post": [0, 0, 15],
							"lerp_mode": "catmullrom"
						},
						"2.63": {
							"post": [0, 0, 15],
							"lerp_mode": "catmullrom"
						},
						"2.71": {
							"post": [0, 0, 0],
							"lerp_mode": "catmullrom"
						}
					}
				},
				"pin": {
					"position": {
						"2.39": [0, 0, 0],
						"2.46": {
							"pre": [0, 0, 15],
							"post": [0, 0, 15],
							"lerp_mode": "catmullrom"
						},
						"2.63": {
							"post": [0, 0, 15],
							"lerp_mode": "catmullrom"
						},
						"2.71": {
							"post": [0, 0, 0],
							"lerp_mode": "catmullrom"
						}
					}
				},
				"mag": {
					"rotation": {
						"0.0": [0, 0, 0],
						"1.27": [0, 0, 0],
						"1.38": [-0.30648, 0.54848, -4.96186],
						"1.49": [0, 0, 0]
					},
					"position": {
						"0.49": [0, 0, 0],
						"0.64": {
							"pre": [0, -8, 0],
							"post": [0, -8, 0],
							"lerp_mode": "catmullrom"
						},
						"0.8": {
							"post": [0.45252, -44.27774, 2.95315],
							"lerp_mode": "catmullrom"
						},
						"0.96": [5.3906, -45.0075, 2.70255],
						"1.13": {
							"pre": [4.07137, -16.03293, 0.793],
							"post": [4.07137, -16.03293, 0.793],
							"lerp_mode": "catmullrom"
						},
						"1.27": {
							"post": [4.43701, -8.02588, 0.22526],
							"lerp_mode": "catmullrom"
						},
						"1.38": {
							"post": [-0.01206, -8.84079, 0.35222],
							"lerp_mode": "catmullrom"
						},
						"1.49": {
							"post": [-0.09808, -3.79967, 0.02044],
							"lerp_mode": "catmullrom"
						},
						"1.54": {
							"post": [0, 0, 0],
							"lerp_mode": "catmullrom"
						}
					}
				},
				"exp_mag": {
					"rotation": {
						"0.0": [0, 0, 0],
						"1.27": [0, 0, 0],
						"1.38": [-0.30648, 0.54848, -4.96186],
						"1.49": [0, 0, 0]
					},
					"position": {
						"0.49": [0, 0, 0],
						"0.63": {
							"pre": [0, -8, 0],
							"post": [0, -8, 0],
							"lerp_mode": "catmullrom"
						},
						"0.8": {
							"post": [0.45252, -44.27774, 2.95315],
							"lerp_mode": "catmullrom"
						},
						"0.96": [5.3906, -45.0075, 2.70255],
						"1.13": {
							"pre": [4.07137, -16.03293, 0.793],
							"post": [4.07137, -16.03293, 0.793],
							"lerp_mode": "catmullrom"
						},
						"1.27": {
							"post": [4.43701, -8.02588, 0.22526],
							"lerp_mode": "catmullrom"
						},
						"1.38": {
							"post": [-0.12319, -10.82431, 0.58305],
							"lerp_mode": "catmullrom"
						},
						"1.49": {
							"post": [-0.10965, -5.79695, 0.24674],
							"lerp_mode": "catmullrom"
						},
						"1.54": {
							"post": [0, 0, 0],
							"lerp_mode": "catmullrom"
						}
					}
				}
			},
			"sound_effects": {
				"0.62": {
					"effect": "awp_mag_off"
				},
				"1.42": {
					"effect": "awp_mag_attach"
				},
				"2.31": {
					"effect": "awp_bolt_back"
				},
				"2.55": {
					"effect": "awp_bolt_forward"
				}
			}
		},
		"reload": {
			"animation_length": 2.19,
			"bones": {
				"gun": {
					"rotation": {
						"0.0": {
							"post": [0, 0, 0],
							"lerp_mode": "catmullrom"
						},
						"0.18": {
							"post": [-4.89071, -3.57181, -12.24081],
							"lerp_mode": "catmullrom"
						},
						"0.31": {
							"post": [-4.45526, -4.10007, -18.73293],
							"lerp_mode": "catmullrom"
						},
						"0.43": {
							"post": [-4.53065, -4.0196, -17.72924],
							"lerp_mode": "catmullrom"
						},
						"0.53": {
							"post": [-3.73019, -3.572, -12.7941],
							"lerp_mode": "catmullrom"
						},
						"0.61": {
							"post": [-4.69202, -3.84998, -16.22775],
							"lerp_mode": "catmullrom"
						},
						"0.68": {
							"post": [-4.52578, -3.79143, -12.29711],
							"lerp_mode": "catmullrom"
						},
						"0.79": {
							"post": [-3.72799, -3.56998, -13.29225],
							"lerp_mode": "catmullrom"
						},
						"0.94": {
							"post": [-1.27486, -3.07744, -8.93237],
							"lerp_mode": "catmullrom"
						},
						"1.15": {
							"post": [-3.77784, -3.13698, -1.29667],
							"lerp_mode": "catmullrom"
						},
						"1.26": {
							"post": [-3.77784, -3.13698, -2.29667],
							"lerp_mode": "catmullrom"
						},
						"1.39": {
							"post": [-6.27981, -3.23415, -9.65761],
							"lerp_mode": "catmullrom"
						},
						"1.47": {
							"post": [-5.29257, -3.06592, -8.71187],
							"lerp_mode": "catmullrom"
						},
						"1.54": {
							"post": [-4.07236, -3.15289, -21.2542],
							"lerp_mode": "catmullrom"
						},
						"1.62": {
							"post": [-5.23844, -3.15769, -12.20912],
							"lerp_mode": "catmullrom"
						},
						"1.71": {
							"post": [-5.23844, -3.15769, -12.20912],
							"lerp_mode": "catmullrom"
						},
						"1.82": {
							"post": [-3.1413, -1.96643, -10.26032],
							"lerp_mode": "catmullrom"
						},
						"1.95": {
							"post": [-0.42557, -0.55031, -8.72694],
							"lerp_mode": "catmullrom"
						},
						"2.09": {
							"post": [0, 0, 2],
							"lerp_mode": "catmullrom"
						},
						"2.19": [0, 0, 0]
					},
					"position": {
						"0.0": {
							"post": [0, 0, 0],
							"lerp_mode": "catmullrom"
						},
						"0.12": {
							"post": [-1, -0.3, -1],
							"lerp_mode": "catmullrom"
						},
						"0.24": {
							"post": [-1, 0.7, -2],
							"lerp_mode": "catmullrom"
						},
						"0.35": {
							"post": [-0.8, 2.5, -2.6],
							"lerp_mode": "catmullrom"
						},
						"0.45": {
							"post": [-1, 2.5, -2.6],
							"lerp_mode": "catmullrom"
						},
						"0.53": {
							"post": [-0.9, 2.9, -3.1],
							"lerp_mode": "catmullrom"
						},
						"0.68": {
							"post": [-0.8, 0.5, -2.4],
							"lerp_mode": "catmullrom"
						},
						"0.86": {
							"post": [-1, -0.5, -1.4],
							"lerp_mode": "catmullrom"
						},
						"1.01": {
							"post": [-1.4, 0.7, -1.6],
							"lerp_mode": "catmullrom"
						},
						"1.2": {
							"post": [-1.4, 1, -0.6],
							"lerp_mode": "catmullrom"
						},
						"1.37": {
							"post": [-1.4, 1.5, -0.6],
							"lerp_mode": "catmullrom"
						},
						"1.47": {
							"post": [-1.4, 0.3, -0.6],
							"lerp_mode": "catmullrom"
						},
						"1.54": {
							"post": [-0.4, 0.4, -0.6],
							"lerp_mode": "catmullrom"
						},
						"1.62": {
							"post": [-1.3, 1.2, -0.6],
							"lerp_mode": "catmullrom"
						},
						"1.71": {
							"post": [-1.3, 1.9, -0.6],
							"lerp_mode": "catmullrom"
						},
						"1.82": {
							"post": [-1.3, 2.1, -0.6],
							"lerp_mode": "catmullrom"
						},
						"1.96": {
							"post": [0, 0, 0],
							"lerp_mode": "catmullrom"
						},
						"2.07": {
							"post": [0, -0.3, -0.2],
							"lerp_mode": "catmullrom"
						},
						"2.18": {
							"post": [0, 0, 0],
							"lerp_mode": "catmullrom"
						}
					}
				},
				"left_arm": {
					"rotation": {
						"0.0": [0, 0, 0],
						"0.1": {
							"pre": [-14.30152, -18.47992, -44.49687],
							"post": [-14.30152, -18.47992, -44.49687],
							"lerp_mode": "catmullrom"
						},
						"0.33": {
							"post": [-27.11685, -14.79935, -63.3368],
							"lerp_mode": "catmullrom"
						},
						"0.48": [-27.11685, -14.79935, -63.3368],
						"0.63": {
							"pre": [-23.25, -19.56, -73.78],
							"post": [-23.25, -19.56, -73.78],
							"lerp_mode": "catmullrom"
						},
						"0.79": {
							"post": [-15.75, -19.56, -73.78],
							"lerp_mode": "catmullrom"
						},
						"0.95": [-14.93174, -16.90649, -66.71697],
						"1.27": [-15.24157, -17.7796, -69.07997],
						"1.38": [-16.24921, -19.17162, -78.81307],
						"1.48": [-15.99889, -19.35361, -76.29514],
						"1.53": [-18.5, -19.35, -76.3],
						"1.69": [-18.5, -19.35, -76.3],
						"1.82": [-10.77994, -23.74228, -58.5575],
						"1.93": [-6.07203, -10.34445, -11.23295],
						"2.02": [0, 0, 0]
					},
					"position": {
						"0.0": [0, 0, 0],
						"0.1": {
							"pre": [1, -3, 15],
							"post": [1, -3, 15],
							"lerp_mode": "catmullrom"
						},
						"0.21": {
							"post": [3.13, -7.4, 28.69],
							"lerp_mode": "catmullrom"
						},
						"0.35": {
							"post": [3, -11, 31],
							"lerp_mode": "catmullrom"
						},
						"0.48": [3, -12, 34],
						"0.63": {
							"pre": [4.57708, -15.1192, 38.50937],
							"post": [4.57708, -15.1192, 38.50937],
							"lerp_mode": "catmullrom"
						},
						"0.79": {
							"post": [0.12837, -42.80668, 41.08505],
							"lerp_mode": "catmullrom"
						},
						"0.95": [5.0706, -46.5375, 40.84255],
						"1.13": {
							"pre": [3.75137, -14.56293, 38.933],
							"post": [3.75137, -14.56293, 38.933],
							"lerp_mode": "catmullrom"
						},
						"1.27": {
							"post": [4.11701, -9.55588, 38.36526],
							"lerp_mode": "catmullrom"
						},
						"1.38": {
							"post": [1.41774, -10.27696, 37.49512],
							"lerp_mode": "catmullrom"
						},
						"1.48": {
							"post": [1.0971, -5.24319, 36.44001],
							"lerp_mode": "catmullrom"
						},
						"1.53": {
							"post": [2.43125, -1.0765, 36.22076],
							"lerp_mode": "catmullrom"
						},
						"1.69": [2.43125, -1.0765, 36.22076],
						"1.82": [-0.68733, -4.92842, 28.57939],
						"1.93": [0.18189, 2.98555, 7.68541],
						"2.02": [0, 0, 0]
					}
				},
				"mag": {
					"rotation": {
						"0.0": [0, 0, 0],
						"1.27": [0, 0, 0],
						"1.38": [-0.30648, 0.54848, -4.96186],
						"1.49": [0, 0, 0]
					},
					"position": {
						"0.49": [0, 0, 0],
						"0.64": {
							"pre": [0, -8, 0],
							"post": [0, -8, 0],
							"lerp_mode": "catmullrom"
						},
						"0.8": {
							"post": [0.45252, -44.27774, 2.95315],
							"lerp_mode": "catmullrom"
						},
						"0.96": [5.3906, -45.0075, 2.70255],
						"1.13": {
							"pre": [4.07137, -16.03293, 0.793],
							"post": [4.07137, -16.03293, 0.793],
							"lerp_mode": "catmullrom"
						},
						"1.27": {
							"post": [4.43701, -8.02588, 0.22526],
							"lerp_mode": "catmullrom"
						},
						"1.38": {
							"post": [-0.01206, -8.84079, 0.35222],
							"lerp_mode": "catmullrom"
						},
						"1.49": {
							"post": [-0.09808, -3.79967, 0.02044],
							"lerp_mode": "catmullrom"
						},
						"1.54": {
							"post": [0, 0, 0],
							"lerp_mode": "catmullrom"
						}
					}
				},
				"exp_mag": {
					"rotation": {
						"0.0": [0, 0, 0],
						"1.27": [0, 0, 0],
						"1.38": [-0.30648, 0.54848, -4.96186],
						"1.49": [0, 0, 0]
					},
					"position": {
						"0.49": [0, 0, 0],
						"0.63": {
							"pre": [0, -8, 0],
							"post": [0, -8, 0],
							"lerp_mode": "catmullrom"
						},
						"0.8": {
							"post": [0.45252, -44.27774, 2.95315],
							"lerp_mode": "catmullrom"
						},
						"0.96": [5.3906, -45.0075, 2.70255],
						"1.13": {
							"pre": [4.07137, -16.03293, 0.793],
							"post": [4.07137, -16.03293, 0.793],
							"lerp_mode": "catmullrom"
						},
						"1.27": {
							"post": [4.43701, -8.02588, 0.22526],
							"lerp_mode": "catmullrom"
						},
						"1.38": {
							"post": [-0.12319, -10.82431, 0.58305],
							"lerp_mode": "catmullrom"
						},
						"1.49": {
							"post": [-0.10965, -5.79695, 0.24674],
							"lerp_mode": "catmullrom"
						},
						"1.54": {
							"post": [0, 0, 0],
							"lerp_mode": "catmullrom"
						}
					}
				}
			},
			"sound_effects": {
				"0.62": {
					"effect": "awp_mag_off"
				},
				"1.42": {
					"effect": "awp_mag_attach"
				}
			}
		}
	}
}