{
	"format_version": "1.8.0",
	"animations": {
		"recoil": {
			"animation_length": 0.56,
			"bones": {
				"gun": {
					"rotation": {
						"0.0": [0, 0, 0],
						"0.03": {
							"pre": [-2.49962, 0.04362, 0.99905],
							"post": [-2.49962, 0.04362, 0.99905],
							"lerp_mode": "catmullrom"
						},
						"0.05": {
							"post": [-15.5, 0, 0],
							"lerp_mode": "catmullrom"
						},
						"0.08": {
							"post": [-13.49837, -0.1908, -0.98163],
							"lerp_mode": "catmullrom"
						},
						"0.12": {
							"post": [-2.00221, 0.01892, 1.00715],
							"lerp_mode": "catmullrom"
						},
						"0.15": {
							"post": [2.99779, 0.01892, 1.00715],
							"lerp_mode": "catmullrom"
						},
						"0.19": {
							"post": [2.8, 0.01892, 1.00715],
							"lerp_mode": "catmullrom"
						},
						"0.24": {
							"post": [-0.00221, 0.01892, 1.00715],
							"lerp_mode": "catmullrom"
						},
						"0.3": {
							"post": [-1.2, -0.02436, -0.6],
							"lerp_mode": "catmullrom"
						},
						"0.39": {
							"post": [0, 0, 0],
							"lerp_mode": "catmullrom"
						},
						"0.46": {
							"post": [0, 0, 0.1],
							"lerp_mode": "catmullrom"
						},
						"0.53": [0, 0, 0]
					},
					"position": {
						"0.0": [0, 0, 0],
						"0.02": {
							"pre": [0, 0, 4],
							"post": [0, 0, 4],
							"lerp_mode": "catmullrom"
						},
						"0.04": {
							"post": [0, -0.1, 4.7],
							"lerp_mode": "catmullrom"
						},
						"0.07": {
							"post": [0, -0.3, 4.4],
							"lerp_mode": "catmullrom"
						},
						"0.1": {
							"post": [0, 0, 0.5],
							"lerp_mode": "catmullrom"
						},
						"0.13": {
							"post": [0, 0.1, -1.3],
							"lerp_mode": "catmullrom"
						},
						"0.18": {
							"post": [0, 0.2, -0.3],
							"lerp_mode": "catmullrom"
						},
						"0.23": {
							"post": [0, -0.2, 0.1],
							"lerp_mode": "catmullrom"
						},
						"0.32": {
							"post": [0, -0.2, -0.2],
							"lerp_mode": "catmullrom"
						},
						"0.41": {
							"post": [0, 0, 0],
							"lerp_mode": "catmullrom"
						},
						"0.46": {
							"post": [0, 0.1, 0],
							"lerp_mode": "catmullrom"
						},
						"0.53": [0, 0, 0]
					}
				}
			}
		},
		"reload": {
			"loop": "hold_on_last_frame",
			"animation_length": 3.17,
			"bones": {
				"camera": {
					"rotation": {
						"0.0": [0, 0, 0],
						"0.21": [1, 1, 0.5],
						"0.34": [1.2, 1, 0.3],
						"0.4": {
							"pre": [-0.1, 1.1, -1],
							"post": [-0.1, 1.1, -1],
							"lerp_mode": "catmullrom"
						},
						"0.48": {
							"post": [0.1, 1, 0.3],
							"lerp_mode": "catmullrom"
						},
						"0.6": {
							"post": [0, 0.9, -0.1],
							"lerp_mode": "catmullrom"
						},
						"0.71": {
							"post": [0, 0.5, 0],
							"lerp_mode": "catmullrom"
						},
						"0.9": {
							"post": [0.5, 0.5, 0],
							"lerp_mode": "catmullrom"
						},
						"0.95": {
							"post": [-0.5, 0, -0.3],
							"lerp_mode": "catmullrom"
						},
						"1.08": {
							"post": [0.1, 0, 0],
							"lerp_mode": "catmullrom"
						},
						"1.27": {
							"post": [0, 0, 0],
							"lerp_mode": "catmullrom"
						},
						"1.75": {
							"post": [0.8, 0.8, 0],
							"lerp_mode": "catmullrom"
						},
						"1.82": {
							"post": [-0.3, 1, -0.6],
							"lerp_mode": "catmullrom"
						},
						"1.92": {
							"post": [0.2, 0.9, 0.3],
							"lerp_mode": "catmullrom"
						},
						"2.03": {
							"post": [-0.1, 0.9, -0.1],
							"lerp_mode": "catmullrom"
						},
						"2.15": {
							"post": [0, 0.5, 0],
							"lerp_mode": "catmullrom"
						},
						"2.42": {
							"post": [0, 0.5, 0],
							"lerp_mode": "catmullrom"
						},
						"2.49": {
							"post": [-0.8, 0.6, 1],
							"lerp_mode": "catmullrom"
						},
						"2.58": {
							"post": [0.4, 0.6, -0.5],
							"lerp_mode": "catmullrom"
						},
						"2.68": {
							"post": [-0.2, 0.6, 0.3],
							"lerp_mode": "catmullrom"
						},
						"2.82": {
							"post": [0.1, 0.5, -0.1],
							"lerp_mode": "catmullrom"
						},
						"3.01": {
							"post": [0, 0, 0],
							"lerp_mode": "catmullrom"
						}
					}
				},
				"gun": {
					"rotation": {
						"0.0": [0, 0, 0],
						"0.09": {
							"pre": [-4.99527, -0.21782, -2.4905],
							"post": [-4.99527, -0.21782, -2.4905],
							"lerp_mode": "catmullrom"
						},
						"0.17": {
							"post": [-4.99924, 0.08715, 0.9962],
							"lerp_mode": "catmullrom"
						},
						"0.29": {
							"post": [-4.99527, -0.21782, -2.4905],
							"lerp_mode": "catmullrom"
						},
						"0.37": {
							"post": [-4.74283, 1.58471, 18.43437],
							"lerp_mode": "catmullrom"
						},
						"0.48": {
							"post": [-4.92442, 0.86717, 9.96271],
							"lerp_mode": "catmullrom"
						},
						"0.63": {
							"post": [-4.84151, 1.25041, 14.44714],
							"lerp_mode": "catmullrom"
						},
						"0.8": {
							"post": [-22.37136, 1.71815, 12.31404],
							"lerp_mode": "catmullrom"
						},
						"0.9": {
							"post": [-22.41453, 0.95617, 10.46436],
							"lerp_mode": "catmullrom"
						},
						"0.98": {
							"post": [-25.56241, 4.23397, 18.3143],
							"lerp_mode": "catmullrom"
						},
						"1.11": {
							"post": [-24.70792, 3.15223, 16.05572],
							"lerp_mode": "catmullrom"
						},
						"1.27": {
							"post": [-24.65667, 3.56761, 16.97019],
							"lerp_mode": "catmullrom"
						},
						"1.45": {
							"post": [-4.68292, 6.04807, 16.65709],
							"lerp_mode": "catmullrom"
						},
						"1.58": {
							"post": [-4.9423, 5.83829, 14.15244],
							"lerp_mode": "catmullrom"
						},
						"1.67": {
							"post": [-5.01294, 5.77786, 13.45459],
							"lerp_mode": "catmullrom"
						},
						"1.77": {
							"post": [-4.83967, 5.92356, 15.15407],
							"lerp_mode": "catmullrom"
						},
						"1.84": {
							"post": [-4.40086, 7.31571, 20.09062],
							"lerp_mode": "catmullrom"
						},
						"1.94": {
							"post": [-5.09337, 5.70709, 12.65057],
							"lerp_mode": "catmullrom"
						},
						"2.06": {
							"post": [-4.83166, 4.92711, 15.23875],
							"lerp_mode": "catmullrom"
						},
						"2.27": {
							"post": [-3.92502, 3.85742, 22.58464],
							"lerp_mode": "catmullrom"
						},
						"2.36": {
							"post": [-4.62994, 6.08866, 17.15825],
							"lerp_mode": "catmullrom"
						},
						"2.44": {
							"post": [-9.99944, 4.77497, -15.63768],
							"lerp_mode": "catmullrom"
						},
						"2.53": {
							"post": [-8.74025, 5.32374, -12.67628],
							"lerp_mode": "catmullrom"
						},
						"2.65": {
							"post": [-7.74873, 6.68913, -3.22266],
							"lerp_mode": "catmullrom"
						},
						"2.77": {
							"post": [-7.86374, 6.5533, -4.22005],
							"lerp_mode": "catmullrom"
						},
						"2.92": {
							"post": [0.88557, 5.31655, 5.73981],
							"lerp_mode": "catmullrom"
						},
						"3.05": {
							"post": [0, 0, -1],
							"lerp_mode": "catmullrom"
						},
						"3.17": [0, 0, 0]
					},
					"position": {
						"0.0": [0, 0, 0],
						"0.12": {
							"pre": [-2, 1, -2],
							"post": [-2, 1, -2],
							"lerp_mode": "catmullrom"
						},
						"0.3": {
							"post": [-2.4, 2.1, -2],
							"lerp_mode": "catmullrom"
						},
						"0.37": {
							"post": [-0.6, 0.7, -1.7],
							"lerp_mode": "catmullrom"
						},
						"0.5": {
							"post": [-1.4, 1.3, -1.7],
							"lerp_mode": "catmullrom"
						},
						"0.71": {
							"post": [-1.8, 4.3, -2.7],
							"lerp_mode": "catmullrom"
						},
						"0.9": {
							"post": [-2, 4.6, -2.7],
							"lerp_mode": "catmullrom"
						},
						"1.0": {
							"post": [-2.21509, 3.09594, -1.01422],
							"lerp_mode": "catmullrom"
						},
						"1.13": {
							"post": [-2.32, 4.1, -1.31],
							"lerp_mode": "catmullrom"
						},
						"1.35": {
							"post": [-2.52, 3.7, -1.61],
							"lerp_mode": "catmullrom"
						},
						"1.51": {
							"post": [-2.52, 3.2, -1.61],
							"lerp_mode": "catmullrom"
						},
						"1.68": {
							"post": [-2.82, 3.2, -1.61],
							"lerp_mode": "catmullrom"
						},
						"1.77": {
							"post": [-2.82, 3.2, -1.61],
							"lerp_mode": "catmullrom"
						},
						"1.84": {
							"post": [-2.42, 2.2, -1.61],
							"lerp_mode": "catmullrom"
						},
						"1.97": {
							"post": [-2.12, 2.6, -1.61],
							"lerp_mode": "catmullrom"
						},
						"2.19": {
							"post": [-2.45, 2.41, -1.59],
							"lerp_mode": "catmullrom"
						},
						"2.36": {
							"post": [-2.65, 2.41, -1.59],
							"lerp_mode": "catmullrom"
						},
						"2.43": {
							"post": [-5.02, 3.3, -1.91],
							"lerp_mode": "catmullrom"
						},
						"2.53": {
							"post": [-4.72, 3.2, -1.91],
							"lerp_mode": "catmullrom"
						},
						"2.65": {
							"post": [-4.42, 3.2, -1.91],
							"lerp_mode": "catmullrom"
						},
						"2.8": {
							"post": [-4.02, 2.3, -1.91],
							"lerp_mode": "catmullrom"
						},
						"2.99": {
							"post": [0.2, -0.2, 0],
							"lerp_mode": "catmullrom"
						},
						"3.12": {
							"post": [0, 0, 0],
							"lerp_mode": "catmullrom"
						}
					}
				},
				"mag": {
					"rotation": {
						"0.28": [0, 0, 0],
						"0.38": {
							"pre": [0, 0, 75],
							"post": [0, 0, 75],
							"lerp_mode": "catmullrom"
						},
						"2.39": [0, 0, 75],
						"2.46": [0, 0, 0]
					}
				},
				"bullets": {
					"rotation": {
						"0.0": [0, 0, 0],
						"0.86": [0, 0, 0],
						"1.02": [0.65426, 4.95712, 7.52832],
						"1.22": {
							"pre": [19.48676, 67.02459, 20.19352],
							"post": [19.48676, 67.02459, 20.19352],
							"lerp_mode": "catmullrom"
						},
						"1.82": {
							"post": [19.49, 67.02, 20.19],
							"lerp_mode": "catmullrom"
						},
						"1.84": [0, 0, 0]
					},
					"position": {
						"0.86": [0, 0, 0],
						"1.02": [1.36404, 0.20539, 11.75989],
						"1.22": {
							"pre": [41.06878, 2.4366, 35.40857],
							"post": [41.06878, 2.4366, 35.40857],
							"lerp_mode": "catmullrom"
						},
						"1.82": {
							"post": [41.07, 2.44, 35.41],
							"lerp_mode": "catmullrom"
						},
						"1.84": [0, 0, 0]
					},
					"scale": {
						"1.22": [1, 1, 1],
						"1.24": [0, 0, 0],
						"1.91": [0, 0, 0],
						"1.93": [1, 1, 1]
					}
				},
				"stick": {
					"position": {
						"0.86": [0, 0, 0],
						"0.94": {
							"pre": [0, 0, 2.5],
							"post": [0, 0, 2.5],
							"lerp_mode": "catmullrom"
						},
						"1.02": [0, 0, 0]
					}
				},
				"right_arm": {
					"rotation": {
						"0.5": [0, 0, 0],
						"0.68": [0.5786, -1.54718, -17.00287],
						"2.79": [0.58, -1.55, -17],
						"2.94": {
							"pre": [0, 0, 0],
							"post": [0, 0, 0],
							"lerp_mode": "catmullrom"
						}
					},
					"position": {
						"0.5": [0, 0, 0],
						"0.68": [-2.3, 0, 0.4],
						"2.79": [-2.3, 0, 0.4],
						"2.92": {
							"pre": [0, 0, 0],
							"post": [0, 0, 0],
							"lerp_mode": "catmullrom"
						}
					}
				},
				"left_arm": {
					"rotation": {
						"0.0": [0, 0, 0],
						"0.18": {
							"pre": [7.71355, 9.34832, 31.1564],
							"post": [7.71355, 9.34832, 31.1564],
							"lerp_mode": "catmullrom"
						},
						"0.23": {
							"post": [7.71, 9.35, 31.16],
							"lerp_mode": "catmullrom"
						},
						"0.28": [7.71, 9.35, 31.16],
						"0.35": {
							"pre": [12.4984, 15.51052, 45.35564],
							"post": [12.4984, 15.51052, 45.35564],
							"lerp_mode": "catmullrom"
						},
						"0.44": {
							"post": [12.18664, 20.49563, 44.85964],
							"lerp_mode": "catmullrom"
						},
						"0.65": {
							"post": [14.71134, 25.4604, 41.29211],
							"lerp_mode": "catmullrom"
						},
						"0.86": {
							"post": [17.21, 25.46, 41.29],
							"lerp_mode": "catmullrom"
						},
						"0.94": {
							"post": [17.25611, 30.45984, 41.35117],
							"lerp_mode": "catmullrom"
						},
						"1.04": [17.23146, 27.95992, 41.31905],
						"2.44": [17.23, 27.96, 41.32],
						"2.59": {
							"pre": [-5.15735, 21.42315, 17.71987],
							"post": [-5.15735, 21.42315, 17.71987],
							"lerp_mode": "catmullrom"
						},
						"2.76": [0, 0, 0]
					},
					"position": {
						"0.0": [0, 0, 0],
						"0.16": {
							"pre": [0, 2, -11],
							"post": [0, 2, -11],
							"lerp_mode": "catmullrom"
						},
						"0.23": {
							"post": [0, 2, -11],
							"lerp_mode": "catmullrom"
						},
						"0.28": [0, 2, -11],
						"0.35": {
							"pre": [1, -2, -15],
							"post": [1, -2, -15],
							"lerp_mode": "catmullrom"
						},
						"0.46": {
							"post": [2.2, -4.4, -18.4],
							"lerp_mode": "catmullrom"
						},
						"0.68": {
							"post": [4.2, -6.4, -19.4],
							"lerp_mode": "catmullrom"
						},
						"0.87": {
							"post": [5.4, -5.9, -19.4],
							"lerp_mode": "catmullrom"
						},
						"0.94": {
							"post": [5.64868, -6.77985, -18.99501],
							"lerp_mode": "catmullrom"
						},
						"1.04": [5.97548, -7.03176, -19.96472],
						"1.14": [5.45231, -7.19332, -20.35899],
						"1.45": {
							"pre": [25.80828, -41.75607, 2.73228],
							"post": [25.80828, -41.75607, 2.73228],
							"lerp_mode": "catmullrom"
						},
						"2.44": [25.81, -41.76, 2.73],
						"2.59": {
							"pre": [11.91339, -17.93965, -8.36899],
							"post": [11.91339, -17.93965, -8.36899],
							"lerp_mode": "catmullrom"
						},
						"2.76": [0, 0, 0]
					},
					"scale": {
						"1.43": [1, 1, 1],
						"1.45": [0, 0, 0],
						"2.42": [0, 0, 0],
						"2.44": [1, 1, 1]
					}
				},
				"reloading_arm": {
					"rotation": {
						"1.36": [0, 0, 0],
						"1.51": [0, 0, 0],
						"1.64": [-5, 0, 0],
						"1.98": [-5, 0, 0],
						"2.1": [-10, 0, 0],
						"2.27": [-10, 0, 0],
						"2.3": [0, 0, 0]
					},
					"position": {
						"1.36": [4, 0, 0],
						"1.51": {
							"pre": [1.35888, 39.17088, 1.8743],
							"post": [1.35888, 39.17088, 1.8743],
							"lerp_mode": "catmullrom"
						},
						"1.64": {
							"post": [0.10535, 44.0552, 3.31514],
							"lerp_mode": "catmullrom"
						},
						"1.7": [-0.17663, 45.38365, 3.1782],
						"1.76": [-0.42118, 45.17371, 1.30218],
						"1.84": [-0.47535, 45.3097, -2.95131],
						"1.98": [-0.63, 45.67, -3],
						"2.07": [-0.05634, 42.95931, -0.69282],
						"2.27": {
							"pre": [12.37539, -5.30362, 12.76304],
							"post": [12.37539, -5.30362, 12.76304],
							"lerp_mode": "catmullrom"
						},
						"2.3": {
							"post": [0, 0, 0],
							"lerp_mode": "catmullrom"
						}
					},
					"scale": {
						"0.0": [0, 0, 0],
						"1.34": [0, 0, 0],
						"1.36": [1, 1, 1],
						"2.27": [1, 1, 1],
						"2.3": [0, 0, 0]
					}
				},
				"ammos": {
					"scale": {
						"1.82": [1, 1, 1],
						"1.84": [0, 0, 0]
					}
				},
				"loader": {
					"scale": {
						"0.0": [0, 0, 0],
						"1.34": [0, 0, 0],
						"1.36": [1, 1, 1]
					}
				}
			},
			"sound_effects": {
				"0.36": {
					"effect": "mag_open"
				},
				"0.87": {
					"effect": "bullets_out"
				},
				"1.78": {
					"effect": "bullets_in"
				},
				"2.45": {
					"effect": "mag_close"
				}
			}
		}
	}
}