{"format_version":"1.12.0","minecraft:geometry":[{"description":{"identifier":"geometry.unknown","texture_width":128,"texture_height":128,"visible_bounds_width":6,"visible_bounds_height":6,"visible_bounds_offset":[0,-2,0]},"bones":[{"name":"root","pivot":[0,0,0]},{"name":"camera","parent":"root","pivot":[5.83222,16.2145,37.67019]},{"name":"gun","parent":"root","pivot":[0,1,-1]},{"name":"body","parent":"gun","pivot":[0,1,-1],"cubes":[{"origin":[-0.50715,4.26478,-2.26788],"size":[1.0143,0.50715,3.80363],"uv":{"east":{"uv":[35,12],"uv_size":[4,1]},"west":{"uv":[57,41],"uv_size":[4,1]},"up":{"uv":[18,47],"uv_size":[1,4]}}},{"origin":[-0.88751,4.32817,1.09199],"size":[1.77502,0.76073,0.88751],"uv":{"north":{"uv":[42,41],"uv_size":[2,1]},"east":{"uv":[48,13],"uv_size":[1,1]},"south":{"uv":[48,3],"uv_size":[2,1]},"west":{"uv":[48,28],"uv_size":[1,1]},"up":{"uv":[7,50],"uv_size":[2,1]},"down":{"uv":[67,53],"uv_size":[2,-1]}}},{"origin":[0.19018,5.0889,1.34557],"size":[0.69733,0.50715,0.63394],"uv":{"east":{"uv":[53,5],"uv_size":[1,1]},"south":{"uv":[12,71],"uv_size":[1,1]},"west":{"uv":[71,12],"uv_size":[1,1]},"up":{"uv":[71,13],"uv_size":[1,1]}}},{"origin":[0.19018,4.89561,1.36516],"size":[0.69733,0.69733,0.63394],"pivot":[0.19018,5.65634,1.36516],"rotation":[-18,0,0],"uv":{"north":{"uv":[71,15],"uv_size":[1,1]},"east":{"uv":[71,16],"uv_size":[1,1]},"west":{"uv":[71,18],"uv_size":[1,1]}}},{"origin":[-0.88751,4.89561,1.36516],"size":[0.69733,0.69733,0.63394],"pivot":[-0.88751,5.65634,1.36516],"rotation":[-18,0,0],"uv":{"north":{"uv":[21,71],"uv_size":[1,1]},"east":{"uv":[71,22],"uv_size":[1,1]},"west":{"uv":[25,71],"uv_size":[1,1]}}},{"origin":[-0.88751,5.0889,1.34557],"size":[0.69733,0.50715,0.63394],"uv":{"east":{"uv":[71,27],"uv_size":[1,1]},"south":{"uv":[29,71],"uv_size":[1,1]},"west":{"uv":[30,71],"uv_size":[1,1]},"up":{"uv":[31,71],"uv_size":[1,1]}}},{"origin":[-0.50715,8.38087,-4.50172],"size":[1.0143,0.88751,0.38036],"pivot":[-0.31697,4.32367,-8.81249],"rotation":[-45,0,0],"uv":{"north":{"uv":[71,32],"uv_size":[1,1]},"east":{"uv":[33,71],"uv_size":[1,1]},"west":{"uv":[34,71],"uv_size":[1,1]}}},{"origin":[-0.95091,3.82102,-7.84653],"size":[1.90181,0.88751,8.87513],"uv":{"east":{"uv":[46,19],"uv_size":[9,1]},"south":{"uv":[67,55],"uv_size":[2,1]},"west":{"uv":[47,34],"uv_size":[9,1]},"up":{"uv":[9,29],"uv_size":[2,9]},"down":{"uv":[0,39],"uv_size":[2,-9]}}},{"origin":[-0.95091,-3.53265,0.0143],"size":[1.90181,7.35368,2.0286],"uv":{"north":{"uv":[23,37],"uv_size":[2,7]},"east":{"uv":[9,38],"uv_size":[2,7]},"south":{"uv":[34,40],"uv_size":[2,7]},"west":{"uv":[36,40],"uv_size":[2,7]}}},{"origin":[-0.95091,-4.80053,0.0143],"size":[1.90181,1.26788,0.50715],"pivot":[-0.95091,-3.53265,0.0143],"rotation":[72.5,0,0],"uv":{"north":{"uv":[56,67],"uv_size":[2,1]},"east":{"uv":[71,36],"uv_size":[1,1]},"west":{"uv":[71,37],"uv_size":[1,1]}}},{"origin":[-0.95091,-5.17653,2.28296],"size":[1.90181,0.44376,0.50715],"uv":{"east":{"uv":[38,71],"uv_size":[1,1]},"west":{"uv":[71,38],"uv_size":[1,1]},"down":{"uv":[67,63],"uv_size":[2,-1]}}},{"origin":[-0.95091,-5.56215,1.22349],"size":[1.90181,1.90181,1.64824],"pivot":[-0.95091,-3.91391,1.22349],"rotation":[40,0,0],"uv":{"north":{"uv":[57,47],"uv_size":[2,2]},"east":{"uv":[8,58],"uv_size":[2,2]},"west":{"uv":[58,24],"uv_size":[2,2]}}},{"origin":[-0.95091,-5.0867,-5.46455],"size":[1.90181,1.77502,1.77503],"pivot":[-0.95091,-3.43846,-5.21097],"rotation":[45,0,0],"uv":{"north":{"uv":[58,42],"uv_size":[2,2]},"east":{"uv":[58,55],"uv_size":[2,2]},"west":{"uv":[0,59],"uv_size":[2,2]},"down":{"uv":[59,7],"uv_size":[2,-2]}}},{"origin":[-0.69733,-6.101,-4.45025],"size":[1.39466,1.64824,0.38036],"pivot":[-1.20448,-4.45276,-4.45025],"rotation":[8,0,0],"uv":{"north":{"uv":[32,28],"uv_size":[1,2]},"east":{"uv":[49,39],"uv_size":[1,2]},"south":{"uv":[50,48],"uv_size":[1,2]},"west":{"uv":[6,52],"uv_size":[1,2]}}},{"origin":[-0.69733,-7.85998,-4.22086],"size":[1.39466,1.77502,0.38036],"pivot":[-1.20448,-6.08495,-4.22086],"rotation":[33,0,0],"uv":{"north":{"uv":[52,22],"uv_size":[1,2]},"east":{"uv":[60,67],"uv_size":[1,2]},"south":{"uv":[67,66],"uv_size":[1,2]},"west":{"uv":[0,68],"uv_size":[1,2]}}},{"origin":[-0.69733,-9.34864,-3.25411],"size":[1.39466,1.77502,0.38036],"pivot":[-1.20448,-7.57362,-3.25411],"rotation":[70.5,0,0],"uv":{"north":{"uv":[1,68],"uv_size":[1,2]},"east":{"uv":[3,68],"uv_size":[1,2]},"south":{"uv":[68,7],"uv_size":[1,2]},"west":{"uv":[10,68],"uv_size":[1,2]}}},{"origin":[-0.69733,-9.94116,-1.5809],"size":[1.39466,1.77503,0.38036],"pivot":[-1.20448,-8.16613,-1.5809],"rotation":[90,0,0],"uv":{"north":{"uv":[11,68],"uv_size":[1,2]},"east":{"uv":[68,11],"uv_size":[1,2]},"south":{"uv":[13,68],"uv_size":[1,2]},"west":{"uv":[68,13],"uv_size":[1,2]}}},{"origin":[-0.69733,-9.94116,0.19413],"size":[1.39466,1.77503,0.38036],"pivot":[-1.20448,-8.16613,0.19413],"rotation":[112.5,0,0],"uv":{"north":{"uv":[14,68],"uv_size":[1,2]},"east":{"uv":[15,68],"uv_size":[1,2]},"south":{"uv":[16,68],"uv_size":[1,2]},"west":{"uv":[17,68],"uv_size":[1,2]}}},{"origin":[-0.69733,-9.48149,1.70725],"size":[1.39466,1.52145,0.38036],"pivot":[-1.20448,-7.70646,1.70725],"rotation":[150,0,0],"uv":{"north":{"uv":[18,68],"uv_size":[1,2]},"east":{"uv":[22,68],"uv_size":[1,2]},"south":{"uv":[23,68],"uv_size":[1,2]},"west":{"uv":[24,68],"uv_size":[1,2]}}},{"origin":[-0.69733,-6.16924,2.2144],"size":[1.39466,1.52145,0.38036],"uv":{"north":{"uv":[68,24],"uv_size":[1,2]},"east":{"uv":[68,34],"uv_size":[1,2]},"south":{"uv":[36,68],"uv_size":[1,2]},"west":{"uv":[68,36],"uv_size":[1,2]}}},{"origin":[-0.44376,-5.40852,-1.33565],"size":[0.88751,1.90181,0.76073],"pivot":[-0.95091,-3.50671,-1.33565],"rotation":[60,0,0],"uv":{"north":{"uv":[37,68],"uv_size":[1,2]},"east":{"uv":[41,68],"uv_size":[1,2]},"south":{"uv":[42,68],"uv_size":[1,2]},"west":{"uv":[68,45],"uv_size":[1,2]}}},{"origin":[-0.44376,-5.00814,0.04347],"size":[0.88751,1.26788,0.63394],"pivot":[-0.95091,-3.74026,0.80419],"rotation":[27.5,0,0],"uv":{"north":{"uv":[71,49],"uv_size":[1,1]},"east":{"uv":[50,71],"uv_size":[1,1]},"south":{"uv":[71,50],"uv_size":[1,1]},"west":{"uv":[51,71],"uv_size":[1,1]},"down":{"uv":[71,53],"uv_size":[1,-1]}}},{"origin":[-0.44376,-7.23502,0.64323],"size":[0.88751,1.26788,0.38036],"pivot":[0.44376,-6.22072,1.0236],"rotation":[-30,0,0],"uv":{"north":{"uv":[53,71],"uv_size":[1,1]},"east":{"uv":[54,71],"uv_size":[1,1]},"south":{"uv":[71,54],"uv_size":[1,1]},"west":{"uv":[55,71],"uv_size":[1,1]},"down":{"uv":[57,72],"uv_size":[1,-1]}}},{"origin":[-0.44376,-6.00112,0.70663],"size":[0.88751,1.0143,0.44376],"uv":{"north":{"uv":[71,57],"uv_size":[1,1]},"east":{"uv":[71,58],"uv_size":[1,1]},"south":{"uv":[71,59],"uv_size":[1,1]},"west":{"uv":[71,60],"uv_size":[1,1]}}},{"origin":[-1.26788,-5.94162,3.43756],"size":[2.53575,3.0429,5.70544],"pivot":[0,-5.94162,4.70544],"rotation":[-50,0,0],"uv":{"east":{"uv":[29,8],"uv_size":[6,3]},"west":{"uv":[29,11],"uv_size":[6,3]},"down":{"uv":[27,36],"uv_size":[3,-6]}}},{"origin":[-1.26788,-9.12002,5.24126],"size":[2.53575,4.0572,6.33938],"pivot":[0,-9.12002,6.50913],"rotation":[-92.5,0,0],"uv":{"east":{"uv":[16,16],"uv_size":[6,4]},"south":{"uv":[42,8],"uv_size":[3,4]},"west":{"uv":[0,18],"uv_size":[6,4]},"down":{"uv":[31,6],"uv_size":[3,-6]}}},{"origin":[-1.64824,-9.08832,7.55513],"size":[3.29648,4.0572,5.0715],"pivot":[0.38036,-9.08832,7.55513],"rotation":[-82.5,0,0],"uv":{"east":{"uv":[22,22],"uv_size":[5,4]},"south":{"uv":[42,29],"uv_size":[3,4]},"west":{"uv":[14,24],"uv_size":[5,4]},"up":{"uv":[39,8],"uv_size":[3,5]},"down":{"uv":[14,44],"uv_size":[3,-5]}}},{"origin":[-1.64824,-10.11138,2.75776],"size":[3.29648,4.0572,5.0715],"pivot":[0.38036,-10.11138,7.82926],"rotation":[-67.5,0,0],"uv":{"east":{"uv":[6,25],"uv_size":[5,4]},"west":{"uv":[0,26],"uv_size":[5,4]},"up":{"uv":[27,40],"uv_size":[3,5]},"down":{"uv":[30,45],"uv_size":[3,-5]}}},{"origin":[-1.64824,-10.32826,1.47893],"size":[3.29648,4.0572,3.80363],"pivot":[0.38036,-10.32826,10.35406],"rotation":[-45,0,0],"uv":{"north":{"uv":[38,42],"uv_size":[3,4]},"east":{"uv":[34,0],"uv_size":[4,4]},"west":{"uv":[34,28],"uv_size":[4,4]},"up":{"uv":[0,43],"uv_size":[3,4]},"down":{"uv":[11,48],"uv_size":[3,-4]}}},{"origin":[-1.26788,-8.99323,5.05108],"size":[2.53575,0.31697,3.80363],"pivot":[0,-8.99323,6.31895],"rotation":[-87.5,0,0],"uv":{"east":{"uv":[57,49],"uv_size":[4,1]},"west":{"uv":[58,26],"uv_size":[4,1]},"down":{"uv":[22,48],"uv_size":[3,-4]}}},{"origin":[-1.26788,-11.77384,7.1144],"size":[2.53575,3.80363,5.70544],"pivot":[-1.26788,-7.97022,12.81984],"rotation":[-62.5,0,0],"uv":{"east":{"uv":[16,20],"uv_size":[6,4]},"west":{"uv":[6,21],"uv_size":[6,4]},"up":{"uv":[19,31],"uv_size":[3,6]}}},{"origin":[-1.26788,-17.34404,8.34928],"size":[2.53575,3.80363,5.70544],"pivot":[-1.26788,-13.54041,14.05472],"rotation":[-77.5,0,0],"uv":{"east":{"uv":[0,22],"uv_size":[6,4]},"south":{"uv":[45,25],"uv_size":[3,4]},"west":{"uv":[22,16],"uv_size":[6,4]},"up":{"uv":[32,22],"uv_size":[3,6]}}},{"origin":[-1.26788,-5.44518,7.14246],"size":[2.53575,2.53575,3.0429],"pivot":[-1.26788,-2.90943,10.18536],"rotation":[-60,0,0],"uv":{"east":{"uv":[48,0],"uv_size":[3,3]},"west":{"uv":[11,48],"uv_size":[3,3]},"up":{"uv":[14,48],"uv_size":[3,3]}}},{"origin":[-1.26788,-1.13334,8.02232],"size":[2.53575,1.26788,0.76072],"pivot":[-1.26788,0.13454,8.02232],"rotation":[-32.5,0,0],"uv":{"east":{"uv":[71,63],"uv_size":[1,1]},"west":{"uv":[71,64],"uv_size":[1,1]},"up":{"uv":[13,64],"uv_size":[3,1]}}},{"origin":[-1.26788,-2.40121,6.12051],"size":[2.53575,2.53575,1.90181],"uv":{"east":{"uv":[6,18],"uv_size":[2,3]},"west":{"uv":[14,21],"uv_size":[2,3]},"up":{"uv":[19,24],"uv_size":[3,2]}}},{"origin":[-1.26788,-2.40121,4.2187],"size":[2.53575,2.53575,1.90181],"pivot":[-1.26788,0.13454,6.12051],"rotation":[27.5,0,0],"uv":{"east":{"uv":[2,36],"uv_size":[2,3]},"west":{"uv":[53,42],"uv_size":[2,3]},"up":{"uv":[45,53],"uv_size":[3,2]}}},{"origin":[-1.26788,-3.27937,2.53177],"size":[2.53575,2.53575,1.90181],"pivot":[-1.26788,-0.74362,4.43358],"rotation":[57.5,0,0],"uv":{"east":{"uv":[53,47],"uv_size":[2,3]},"west":{"uv":[48,53],"uv_size":[2,3]},"up":{"uv":[53,50],"uv_size":[3,2]}}},{"origin":[-1.26788,-5.86308,1.2474],"size":[2.53575,2.53575,2.91611],"pivot":[-1.26788,-3.32733,3.14922],"rotation":[75,0,0],"uv":{"east":{"uv":[50,39],"uv_size":[3,3]},"west":{"uv":[45,50],"uv_size":[3,3]},"up":{"uv":[50,45],"uv_size":[3,3]}}},{"origin":[-1.26788,-6.2779,2.52407],"size":[2.53575,1.90181,0.63394],"pivot":[-1.26788,-5.01003,3.28479],"rotation":[92.5,0,0],"uv":{"north":{"uv":[54,0],"uv_size":[3,2]},"east":{"uv":[68,47],"uv_size":[1,2]},"west":{"uv":[68,49],"uv_size":[1,2]},"up":{"uv":[64,23],"uv_size":[3,1]}}},{"origin":[-1.26788,-6.46392,3.79808],"size":[2.53575,1.52145,0.63394],"pivot":[-1.26788,-5.19604,4.5588],"rotation":[60,0,0],"uv":{"north":{"uv":[6,54],"uv_size":[3,2]},"east":{"uv":[56,68],"uv_size":[1,2]},"west":{"uv":[57,68],"uv_size":[1,2]}}},{"origin":[0.31697,0.22026,2.0429],"size":[0.63394,2.53575,0.50715],"uv":{"east":{"uv":[22,41],"uv_size":[1,3]},"west":{"uv":[52,36],"uv_size":[1,3]}}},{"origin":[0.31697,0.22026,2.55005],"size":[0.63394,1.71163,0.76073],"uv":{"east":{"uv":[59,68],"uv_size":[1,2]},"west":{"uv":[68,65],"uv_size":[1,2]}}},{"origin":[0.31697,0.22026,3.31078],"size":[0.63394,0.95091,0.76072],"uv":{"east":{"uv":[71,68],"uv_size":[1,1]},"west":{"uv":[71,71],"uv_size":[1,1]}}},{"origin":[0.31697,0.22026,4.0715],"size":[0.63394,0.50715,1.0143],"uv":{"east":{"uv":[72,1],"uv_size":[1,1]},"west":{"uv":[72,2],"uv_size":[1,1]}}},{"origin":[-0.95091,-3.53265,-5.894],"size":[1.90181,1.83842,5.92098],"uv":{"north":{"uv":[10,59],"uv_size":[2,2]},"east":{"uv":[43,20],"uv_size":[6,2]},"west":{"uv":[27,45],"uv_size":[6,2]},"up":{"uv":[9,45],"uv_size":[2,6]},"down":{"uv":[45,35],"uv_size":[2,-6]}}},{"origin":[-0.95091,-3.53265,-7.59295],"size":[0.63394,1.83842,1.69895],"uv":{"north":{"uv":[67,68],"uv_size":[1,2]},"east":{"uv":[59,47],"uv_size":[2,2]},"west":{"uv":[58,59],"uv_size":[2,2]}}},{"origin":[-0.50278,-3.98091,-7.59295],"size":[1.00542,0.36768,2.66254],"uv":{"north":{"uv":[5,72],"uv_size":[1,1]},"up":{"uv":[16,64],"uv_size":[1,3]},"down":{"uv":[64,48],"uv_size":[1,-3]}}},{"origin":[-0.91377,-1.60458,-7.59295],"size":[0.50715,0.76073,1.7],"pivot":[-1.04056,-1.60458,-7.59295],"rotation":[0,0,45],"uv":{"north":{"uv":[72,6],"uv_size":[1,1]},"east":{"uv":[68,5],"uv_size":[2,1]},"south":{"uv":[7,72],"uv_size":[1,1]}}},{"origin":[-0.95091,-3.53265,-7.59295],"size":[0.63394,0.52,2.66254],"pivot":[-0.95091,-3.53265,-7.59295],"rotation":[0,0,45],"uv":{"north":{"uv":[8,72],"uv_size":[1,1]},"up":{"uv":[64,48],"uv_size":[1,3]},"down":{"uv":[56,67],"uv_size":[1,-3]}}},{"origin":[0.43475,-3.53265,-7.59295],"size":[0.25357,0.63394,2.66254],"pivot":[0.05438,-3.53265,-7.59295],"rotation":[0,0,45],"uv":{"north":{"uv":[10,72],"uv_size":[1,1]},"east":{"uv":[64,42],"uv_size":[3,1]},"west":{"uv":[64,51],"uv_size":[3,1]},"up":{"uv":[57,64],"uv_size":[1,3]}}},{"origin":[-0.95091,3.82102,1.0286],"size":[1.90181,0.44376,1.0143],"uv":{"east":{"uv":[12,72],"uv_size":[1,1]},"south":{"uv":[68,41],"uv_size":[2,1]},"west":{"uv":[72,12],"uv_size":[1,1]},"up":{"uv":[68,53],"uv_size":[2,1]}}},{"origin":[0.31697,3.63084,2.0429],"size":[0.63394,0.57054,1.90181],"pivot":[0.95091,4.20138,2.0429],"rotation":[-67.5,0,0],"uv":{"east":{"uv":[69,11],"uv_size":[2,1]},"west":{"uv":[69,12],"uv_size":[2,1]},"up":{"uv":[9,69],"uv_size":[1,2]}}},{"origin":[0.31697,2.14773,2.29732],"size":[0.63394,0.57054,2.0286],"pivot":[0.95091,2.27452,2.36071],"rotation":[-45,0,0],"uv":{"east":{"uv":[69,13],"uv_size":[2,1]},"west":{"uv":[69,14],"uv_size":[2,1]},"up":{"uv":[69,16],"uv_size":[1,2]}}},{"origin":[0.31697,0.80295,3.7055],"size":[0.63394,0.57054,1.90181],"pivot":[0.95091,0.92974,3.7055],"rotation":[-22.5,0,0],"uv":{"east":{"uv":[69,22],"uv_size":[2,1]},"west":{"uv":[69,24],"uv_size":[2,1]},"up":{"uv":[25,69],"uv_size":[1,2]}}},{"origin":[-0.95091,2.14773,2.29732],"size":[0.63394,0.57054,2.0286],"pivot":[-0.31697,2.27452,2.36071],"rotation":[-45,0,0],"uv":{"east":{"uv":[69,25],"uv_size":[2,1]},"west":{"uv":[27,69],"uv_size":[2,1]},"up":{"uv":[29,69],"uv_size":[1,2]}}},{"origin":[-0.95091,3.63084,2.0429],"size":[0.63394,0.57054,1.90181],"pivot":[-0.31697,4.20138,2.0429],"rotation":[-67.5,0,0],"uv":{"east":{"uv":[30,69],"uv_size":[2,1]},"west":{"uv":[32,69],"uv_size":[2,1]},"up":{"uv":[69,33],"uv_size":[1,2]}}},{"origin":[-0.95091,0.80295,3.7055],"size":[0.63394,0.57054,1.90181],"pivot":[-0.31697,0.92974,3.7055],"rotation":[-22.5,0,0],"uv":{"east":{"uv":[69,35],"uv_size":[2,1]},"west":{"uv":[69,36],"uv_size":[2,1]},"up":{"uv":[35,69],"uv_size":[1,2]}}},{"origin":[-0.95091,0.22026,2.0429],"size":[0.63394,2.53575,0.50715],"uv":{"east":{"uv":[1,65],"uv_size":[1,3]},"west":{"uv":[3,65],"uv_size":[1,3]}}},{"origin":[-0.95091,0.22026,2.55005],"size":[0.63394,1.71163,0.76073],"uv":{"east":{"uv":[40,69],"uv_size":[1,2]},"west":{"uv":[69,43],"uv_size":[1,2]}}},{"origin":[-0.95091,0.22026,3.31078],"size":[0.63394,0.95091,0.76072],"uv":{"east":{"uv":[72,21],"uv_size":[1,1]},"west":{"uv":[72,22],"uv_size":[1,1]}}},{"origin":[-0.95091,0.22026,4.0715],"size":[0.63394,0.50715,1.0143],"uv":{"east":{"uv":[72,24],"uv_size":[1,1]},"west":{"uv":[72,25],"uv_size":[1,1]}}},{"origin":[-0.95091,0.20194,5.46255],"size":[1.90181,0.44376,1.90181],"uv":{"east":{"uv":[69,40],"uv_size":[2,1]},"west":{"uv":[69,45],"uv_size":[2,1]},"up":{"uv":[8,60],"uv_size":[2,2]}}},{"origin":[-0.95091,-0.3808,6.78162],"size":[1.90181,1.26788,1.26788],"pivot":[0.95091,0.06296,6.78162],"rotation":[-45,0,0],"uv":{"east":{"uv":[27,72],"uv_size":[1,1]},"west":{"uv":[72,27],"uv_size":[1,1]},"up":{"uv":[69,47],"uv_size":[2,1]}}},{"origin":[-0.44376,2.9969,-26.3575],"size":[0.88751,0.88751,17.75025],"uv":{"north":{"uv":[28,72],"uv_size":[1,1]},"east":{"uv":[28,18],"uv_size":[18,1]},"west":{"uv":[28,19],"uv_size":[18,1]},"up":{"uv":[25,31],"uv_size":[1,18]}}},{"origin":[-0.44376,4.26478,-26.3575],"size":[0.88751,0.38036,19.01812],"uv":{"north":{"uv":[29,72],"uv_size":[1,1]},"east":{"uv":[28,16],"uv_size":[19,1]},"west":{"uv":[28,17],"uv_size":[19,1]},"up":{"uv":[11,25],"uv_size":[1,19]},"down":{"uv":[18,47],"uv_size":[1,-19]}}},{"origin":[-0.31697,4.64514,-26.23071],"size":[0.63394,0.25357,2.53575],"uv":{"north":{"uv":[30,72],"uv_size":[1,1]},"east":{"uv":[64,52],"uv_size":[3,1]},"west":{"uv":[65,5],"uv_size":[3,1]},"up":{"uv":[10,65],"uv_size":[1,3]}}},{"origin":[-0.12679,4.83532,-25.85035],"size":[0.25358,0.63394,1.52145],"uv":{"north":{"uv":[31,72],"uv_size":[1,1]},"east":{"uv":[69,49],"uv_size":[2,1]},"west":{"uv":[69,50],"uv_size":[2,1]},"up":{"uv":[53,69],"uv_size":[1,2]}}},{"origin":[-0.12679,4.83532,-24.3289],"size":[0.25358,0.63394,2.53575],"pivot":[0.12679,5.46926,-24.3289],"rotation":[-15,0,0],"uv":{"east":{"uv":[65,11],"uv_size":[3,1]},"west":{"uv":[65,12],"uv_size":[3,1]},"up":{"uv":[13,65],"uv_size":[1,3]}}},{"origin":[-0.31697,4.64514,-23.69496],"size":[0.63394,0.25357,16.48237],"pivot":[-0.31697,4.89872,-23.69496],"rotation":[-1,0,0],"uv":{"east":{"uv":[34,4],"uv_size":[16,1]},"west":{"uv":[34,5],"uv_size":[16,1]},"up":{"uv":[7,34],"uv_size":[1,16]}}},{"origin":[-0.44376,3.88442,-26.3575],"size":[0.88751,0.38036,1.26787],"uv":{"north":{"uv":[34,72],"uv_size":[1,1]},"east":{"uv":[72,34],"uv_size":[1,1]},"south":{"uv":[35,72],"uv_size":[1,1]},"west":{"uv":[72,35],"uv_size":[1,1]}}},{"origin":[-0.44376,3.88442,-22.55387],"size":[0.88751,0.38036,3.0429],"uv":{"north":{"uv":[37,72],"uv_size":[1,1]},"east":{"uv":[65,13],"uv_size":[3,1]},"south":{"uv":[72,37],"uv_size":[1,1]},"west":{"uv":[65,14],"uv_size":[3,1]}}},{"origin":[-0.44376,3.88442,-16.1828],"size":[0.88751,0.38036,3.0429],"uv":{"north":{"uv":[38,72],"uv_size":[1,1]},"east":{"uv":[27,65],"uv_size":[3,1]},"south":{"uv":[72,38],"uv_size":[1,1]},"west":{"uv":[30,65],"uv_size":[3,1]}}},{"origin":[-0.44376,3.88442,-9.78003],"size":[0.88751,0.38036,1.77503],"uv":{"north":{"uv":[39,72],"uv_size":[1,1]},"east":{"uv":[69,52],"uv_size":[2,1]},"west":{"uv":[69,54],"uv_size":[2,1]}}},{"origin":[-0.95091,3.82102,-7.84653],"size":[1.90181,0.88751,0.88751],"pivot":[0.95091,4.70853,-7.84653],"rotation":[-45,0,0],"uv":{"north":{"uv":[69,57],"uv_size":[2,1]},"east":{"uv":[40,72],"uv_size":[1,1]},"west":{"uv":[72,40],"uv_size":[1,1]}}},{"origin":[-0.95091,3.19346,-8.47409],"size":[1.90181,0.88751,0.88751],"uv":{"north":{"uv":[69,60],"uv_size":[2,1]},"east":{"uv":[41,72],"uv_size":[1,1]},"west":{"uv":[72,41],"uv_size":[1,1]}}},{"origin":[-0.95091,2.93988,-7.58658],"size":[1.90181,0.88751,1.68627],"uv":{"east":{"uv":[69,64],"uv_size":[2,1]},"south":{"uv":[65,69],"uv_size":[2,1]},"west":{"uv":[69,65],"uv_size":[2,1]}}},{"origin":[-1.18801,1.09042,-26.43623],"size":[2.37583,0.98403,17.74297],"pivot":[1.18783,2.07444,-26.43623],"rotation":[0,0,45],"uv":{"north":{"uv":[69,66],"uv_size":[2,1]},"east":{"uv":[29,14],"uv_size":[18,1]},"west":{"uv":[29,15],"uv_size":[18,1]}}},{"origin":[-1.18801,2.07444,-26.43623],"size":[2.37583,0.98403,17.74297],"uv":{"north":{"uv":[68,69],"uv_size":[2,1]},"east":{"uv":[31,6],"uv_size":[18,1]},"west":{"uv":[31,7],"uv_size":[18,1]}}},{"origin":[0.20367,1.49788,-26.43623],"size":[0.98403,2.37583,17.74297],"pivot":[0.20367,3.46594,-25.94422],"rotation":[0,0,45],"uv":{"north":{"uv":[0,70],"uv_size":[1,2]},"up":{"uv":[17,33],"uv_size":[1,18]},"down":{"uv":[33,46],"uv_size":[1,-18]}}},{"origin":[0.68055,1.97334,-26.44257],"size":[1.0143,1.0143,20.56493],"pivot":[0.71082,3.94139,-25.94422],"rotation":[0,0,45],"uv":{"north":{"uv":[42,72],"uv_size":[1,1]},"south":{"uv":[72,42],"uv_size":[1,1]}}},{"origin":[-0.49201,1.37845,-26.43623],"size":[0.98403,2.37583,17.74297],"uv":{"north":{"uv":[1,70],"uv_size":[1,2]},"up":{"uv":[5,34],"uv_size":[1,18]},"down":{"uv":[6,52],"uv_size":[1,-18]}}},{"origin":[0.55712,-0.03405,-13.06328],"size":[0.25358,0.38036,4.43756],"pivot":[0.81069,0.63755,-13.06328],"rotation":[0,0,45],"uv":{"east":{"uv":[58,33],"uv_size":[4,1]},"south":{"uv":[72,43],"uv_size":[1,1]},"west":{"uv":[59,7],"uv_size":[4,1]},"up":{"uv":[2,59],"uv_size":[1,4]}}},{"origin":[-0.81082,-0.03405,-26.37597],"size":[1.62151,0.6716,13.31269],"pivot":[0.81069,0.63755,-26.37597],"rotation":[0,0,45],"uv":{"north":{"uv":[70,2],"uv_size":[2,1]},"east":{"uv":[35,13],"uv_size":[13,1]},"south":{"uv":[3,70],"uv_size":[2,1]},"west":{"uv":[39,22],"uv_size":[13,1]}}},{"origin":[-0.81082,-0.03405,-13.06328],"size":[0.35363,0.6716,4.43756],"pivot":[0.81069,0.63755,-13.06328],"rotation":[0,0,45],"uv":{"east":{"uv":[59,54],"uv_size":[4,1]},"west":{"uv":[60,2],"uv_size":[4,1]}}},{"origin":[-0.81082,0.63755,-26.37597],"size":[1.62151,0.6716,13.31269],"uv":{"north":{"uv":[70,3],"uv_size":[2,1]},"east":{"uv":[39,23],"uv_size":[13,1]},"south":{"uv":[5,70],"uv_size":[2,1]},"west":{"uv":[39,24],"uv_size":[13,1]}}},{"origin":[-0.81082,0.63755,-13.06328],"size":[0.38036,0.6716,4.43756],"uv":{"east":{"uv":[60,23],"uv_size":[4,1]},"west":{"uv":[60,24],"uv_size":[4,1]}}},{"origin":[0.139,0.24404,-26.37597],"size":[0.6716,1.62151,13.31269],"pivot":[0.139,1.58724,-26.04017],"rotation":[0,0,45],"uv":{"north":{"uv":[70,5],"uv_size":[1,2]},"south":{"uv":[7,70],"uv_size":[1,2]},"up":{"uv":[4,36],"uv_size":[1,13]},"down":{"uv":[19,54],"uv_size":[1,-13]}}},{"origin":[0.13897,0.24413,-13.06328],"size":[0.6716,0.35363,4.43756],"pivot":[0.13897,1.58733,-12.72749],"rotation":[0,0,45],"uv":{"up":{"uv":[60,55],"uv_size":[1,4]},"down":{"uv":[56,64],"uv_size":[1,-4]}}},{"origin":[-0.3358,0.16253,-26.37597],"size":[0.6716,1.62151,13.31269],"uv":{"north":{"uv":[70,7],"uv_size":[1,2]},"south":{"uv":[70,9],"uv_size":[1,2]},"down":{"uv":[21,54],"uv_size":[1,-13]}}},{"origin":[-0.3358,0.16253,-13.06328],"size":[0.6716,0.25358,4.43756],"uv":{"south":{"uv":[72,47],"uv_size":[1,1]},"up":{"uv":[57,60],"uv_size":[1,4]},"down":{"uv":[60,63],"uv_size":[1,-4]}}},{"origin":[-1.02163,0.56233,-8.7085],"size":[0.77522,0.84621,2.81468],"uv":{"north":{"uv":[48,72],"uv_size":[1,1]},"east":{"uv":[33,65],"uv_size":[3,1]},"south":{"uv":[72,48],"uv_size":[1,1]}}},{"origin":[0.17515,0.06651,-8.7085],"size":[0.84621,0.77522,2.81468],"pivot":[0.17515,1.75894,-8.28539],"rotation":[0,0,45],"uv":{"north":{"uv":[49,72],"uv_size":[1,1]},"south":{"uv":[72,49],"uv_size":[1,1]},"west":{"uv":[65,41],"uv_size":[3,1]},"up":{"uv":[41,65],"uv_size":[1,3]},"down":{"uv":[42,68],"uv_size":[1,-3]}}},{"origin":[0.1751,0.91284,-8.7085],"size":[0.84621,0.77522,2.81468],"pivot":[0.1751,2.60527,-8.28539],"rotation":[0,0,45],"uv":{"north":{"uv":[50,72],"uv_size":[1,1]},"east":{"uv":[65,45],"uv_size":[3,1]},"south":{"uv":[72,50],"uv_size":[1,1]}}},{"origin":[-0.42322,-0.03615,-8.7085],"size":[0.42309,2.0431,2.81468],"uv":{"north":{"uv":[10,70],"uv_size":[1,2]},"south":{"uv":[11,70],"uv_size":[1,2]},"west":{"uv":[54,9],"uv_size":[3,2]}}},{"origin":[-0.42322,-1.93863,-8.71286],"size":[0.42309,1.90181,1.26788],"pivot":[-0.42322,-0.02232,-8.71286],"rotation":[17.5,0,0],"uv":{"north":{"uv":[13,70],"uv_size":[1,2]},"east":{"uv":[14,70],"uv_size":[1,2]},"west":{"uv":[70,15],"uv_size":[1,2]}}},{"origin":[-0.42322,-1.84994,-8.13661],"size":[0.42309,0.63394,0.57054],"uv":{"east":{"uv":[72,52],"uv_size":[1,1]},"west":{"uv":[72,53],"uv_size":[1,1]},"down":{"uv":[72,55],"uv_size":[1,-1]}}},{"origin":[-0.42322,-2.90887,-7.60285],"size":[0.42309,2.91611,1.71163],"uv":{"north":{"uv":[65,62],"uv_size":[1,3]},"east":{"uv":[12,54],"uv_size":[2,3]},"south":{"uv":[64,65],"uv_size":[1,3]},"west":{"uv":[14,54],"uv_size":[2,3]}}},{"origin":[-1.43749,0.77469,-8.71361],"size":[2.87476,1.19067,2.82102],"pivot":[1.43727,1.96536,-8.71361],"rotation":[0,0,45],"uv":{"north":{"uv":[65,50],"uv_size":[3,1]},"east":{"uv":[65,53],"uv_size":[3,1]},"south":{"uv":[65,65],"uv_size":[3,1]},"west":{"uv":[66,0],"uv_size":[3,1]}}},{"origin":[-1.43749,1.96536,-8.71361],"size":[2.87476,1.19067,2.82102],"uv":{"north":{"uv":[66,1],"uv_size":[3,1]},"east":{"uv":[66,2],"uv_size":[3,1]},"south":{"uv":[66,3],"uv_size":[3,1]},"west":{"uv":[66,4],"uv_size":[3,1]}}},{"origin":[0.24644,1.26772,-8.71361],"size":[1.19067,2.87476,2.82102],"pivot":[0.24644,3.64906,-8.11827],"rotation":[0,0,45],"uv":{"north":{"uv":[8,66],"uv_size":[1,3]},"south":{"uv":[9,66],"uv_size":[1,3]},"up":{"uv":[12,66],"uv_size":[1,3]},"down":{"uv":[21,69],"uv_size":[1,-3]}}},{"origin":[-0.59534,1.12342,-8.71361],"size":[1.19067,2.87476,2.82102],"uv":{"north":{"uv":[25,66],"uv_size":[1,3]},"south":{"uv":[26,66],"uv_size":[1,3]},"up":{"uv":[66,26],"uv_size":[1,3]},"down":{"uv":[27,69],"uv_size":[1,-3]}}},{"origin":[-0.55857,-1.0862,0.02701],"size":[1.11729,4.16962,0.50715],"pivot":[0.00008,0.99869,0.02701],"rotation":[0,0,150],"uv":{"north":{"uv":[0,61],"uv_size":[1,4]},"south":{"uv":[3,61],"uv_size":[1,4]},"up":{"uv":[55,72],"uv_size":[1,1]},"down":{"uv":[72,56],"uv_size":[1,-1]}}},{"origin":[-0.55851,-1.08614,0.02701],"size":[1.11729,4.16962,0.50715],"pivot":[0.00013,0.99875,0.02701],"rotation":[0,0,120],"uv":{"north":{"uv":[10,61],"uv_size":[1,4]},"south":{"uv":[61,13],"uv_size":[1,4]},"up":{"uv":[56,72],"uv_size":[1,1]},"down":{"uv":[72,57],"uv_size":[1,-1]}}},{"origin":[-0.55849,-1.08606,0.02701],"size":[1.11729,4.16962,0.50715],"pivot":[0.00015,0.99882,0.02701],"rotation":[0,0,90],"uv":{"north":{"uv":[27,61],"uv_size":[1,4]},"south":{"uv":[28,61],"uv_size":[1,4]},"up":{"uv":[57,72],"uv_size":[1,1]},"down":{"uv":[72,58],"uv_size":[1,-1]}}},{"origin":[-0.55857,-1.08593,0.02701],"size":[1.11729,4.16962,0.50715],"pivot":[0.00008,0.99896,0.02701],"rotation":[0,0,30],"uv":{"north":{"uv":[30,61],"uv_size":[1,4]},"south":{"uv":[32,61],"uv_size":[1,4]},"up":{"uv":[58,72],"uv_size":[1,1]},"down":{"uv":[72,59],"uv_size":[1,-1]}}},{"origin":[-0.55851,-1.08599,0.02701],"size":[1.11729,4.16962,0.50715],"pivot":[0.00013,0.9989,0.02701],"rotation":[0,0,60],"uv":{"north":{"uv":[34,61],"uv_size":[1,4]},"south":{"uv":[36,61],"uv_size":[1,4]},"up":{"uv":[59,72],"uv_size":[1,1]},"down":{"uv":[72,60],"uv_size":[1,-1]}}},{"origin":[-0.41055,-0.53336,0.49561],"size":[0.82121,3.06467,0.63394],"pivot":[0.00006,0.99904,0.49561],"rotation":[0,0,150],"uv":{"south":{"uv":[30,66],"uv_size":[1,3]},"up":{"uv":[60,72],"uv_size":[1,1]},"down":{"uv":[72,61],"uv_size":[1,-1]}}},{"origin":[-0.4105,-0.53331,0.49561],"size":[0.82121,3.06467,0.63394],"pivot":[0.0001,0.99908,0.49561],"rotation":[0,0,120],"uv":{"south":{"uv":[34,66],"uv_size":[1,3]},"up":{"uv":[61,72],"uv_size":[1,1]},"down":{"uv":[72,62],"uv_size":[1,-1]}}},{"origin":[0.85164,1.13468,1.12955],"size":[0.38036,0.38036,1.26788],"pivot":[0.8214,1.3992,1.12955],"rotation":[0,0,45],"uv":{"up":{"uv":[64,72],"uv_size":[1,1]}}},{"origin":[0.85164,0.75432,1.12955],"size":[0.38036,0.38036,1.26788],"pivot":[0.8214,1.01883,1.12955],"rotation":[0,0,45],"uv":{"west":{"uv":[72,66],"uv_size":[1,1]}}},{"origin":[0.54555,0.44823,2.39742],"size":[0.63394,0.63394,0.63394],"pivot":[0.76888,0.71274,2.39742],"rotation":[0,0,45],"uv":{"north":{"uv":[68,72],"uv_size":[1,1]},"south":{"uv":[69,72],"uv_size":[1,1]},"west":{"uv":[72,69],"uv_size":[1,1]}}},{"origin":[0.54555,1.08216,2.39742],"size":[0.63394,0.63394,0.63394],"pivot":[0.76888,1.34668,2.39742],"rotation":[0,0,45],"uv":{"north":{"uv":[71,72],"uv_size":[1,1]},"south":{"uv":[72,72],"uv_size":[1,1]},"up":{"uv":[73,0],"uv_size":[1,1]}}},{"origin":[0.83589,0.82971,2.77014],"size":[0.63394,0.63394,0.63394],"pivot":[1.05922,1.09423,2.77014],"rotation":[-45,0,90],"uv":{"east":{"uv":[2,73],"uv_size":[1,1]},"west":{"uv":[3,73],"uv_size":[1,1]},"up":{"uv":[73,3],"uv_size":[1,1]}}},{"origin":[0.72769,0.82971,2.39742],"size":[0.63394,0.63394,0.63394],"pivot":[0.95102,1.09423,2.39742],"rotation":[0,0,90],"uv":{"north":{"uv":[73,4],"uv_size":[1,1]},"up":{"uv":[73,6],"uv_size":[1,1]}}},{"origin":[0.85447,0.9565,1.12955],"size":[0.38036,0.63394,1.26788],"pivot":[0.82423,1.22101,1.12955],"rotation":[0,0,90],"uv":{"up":{"uv":[73,9],"uv_size":[1,1]}}},{"origin":[-0.41049,-0.53326,0.49561],"size":[0.82121,3.06467,0.63394],"pivot":[0.00011,0.99913,0.49561],"rotation":[0,0,90],"uv":{"south":{"uv":[40,66],"uv_size":[1,3]},"up":{"uv":[73,10],"uv_size":[1,1]},"down":{"uv":[11,74],"uv_size":[1,-1]}}},{"origin":[-0.41055,-0.53316,0.49561],"size":[0.82121,3.06467,0.63394],"pivot":[0.00006,0.99923,0.49561],"rotation":[0,0,30],"uv":{"south":{"uv":[46,66],"uv_size":[1,3]},"up":{"uv":[73,11],"uv_size":[1,1]},"down":{"uv":[12,74],"uv_size":[1,-1]}}},{"origin":[-0.4105,-0.5332,0.49561],"size":[0.82121,3.06467,0.63394],"pivot":[0.0001,0.99919,0.49561],"rotation":[0,0,60],"uv":{"south":{"uv":[54,66],"uv_size":[1,3]},"up":{"uv":[73,12],"uv_size":[1,1]},"down":{"uv":[13,74],"uv_size":[1,-1]}}},{"origin":[-0.95091,-3.53265,2.0429],"size":[1.90181,3.75291,5.19829],"uv":{"east":{"uv":[26,0],"uv_size":[5,4]},"west":{"uv":[26,4],"uv_size":[5,4]},"up":{"uv":[45,36],"uv_size":[2,5]}}}]},{"name":"mag","parent":"gun","pivot":[0.25357,-2.70359,-7.73825],"cubes":[{"origin":[0.05223,-3.41602,-7.60285],"size":[0.42309,3.42326,1.71163],"uv":{"east":{"uv":[16,54],"uv_size":[2,3]},"south":{"uv":[66,57],"uv_size":[1,3]},"west":{"uv":[18,54],"uv_size":[2,3]}}},{"origin":[0.05223,-0.03615,-8.7085],"size":[0.42309,0.38036,2.81468],"uv":{"north":{"uv":[73,13],"uv_size":[1,1]},"east":{"uv":[66,16],"uv_size":[3,1]},"south":{"uv":[14,73],"uv_size":[1,1]},"up":{"uv":[66,60],"uv_size":[1,3]}}},{"origin":[0.05223,-3.42189,-7.64098],"size":[0.42309,3.55005,1.26788],"pivot":[0.47532,-3.42189,-7.64098],"rotation":[17.5,0,0],"uv":{"north":{"uv":[38,61],"uv_size":[1,4]},"east":{"uv":[39,61],"uv_size":[1,4]},"west":{"uv":[41,61],"uv_size":[1,4]}}},{"origin":[-0.08222,-3.51431,-7.73821],"size":[0.6716,1.62151,1.82574],"uv":{"north":{"uv":[19,70],"uv_size":[1,2]},"south":{"uv":[70,19],"uv_size":[1,2]},"up":{"uv":[20,70],"uv_size":[1,2]},"down":{"uv":[22,72],"uv_size":[1,-2]}}},{"origin":[0.39258,-3.43279,-7.73821],"size":[0.6716,1.62151,1.82574],"pivot":[0.39258,-2.0896,-7.40241],"rotation":[0,0,45],"uv":{"north":{"uv":[23,70],"uv_size":[1,2]},"south":{"uv":[24,70],"uv_size":[1,2]},"up":{"uv":[70,26],"uv_size":[1,2]},"down":{"uv":[27,72],"uv_size":[1,-2]}}},{"origin":[-0.55724,-3.03929,-7.73821],"size":[1.62151,0.6716,1.82574],"uv":{"north":{"uv":[70,21],"uv_size":[2,1]},"east":{"uv":[70,23],"uv_size":[2,1]},"south":{"uv":[70,28],"uv_size":[2,1]},"west":{"uv":[70,29],"uv_size":[2,1]}}},{"origin":[-0.55724,-3.71089,-7.73821],"size":[1.62151,0.6716,1.82574],"pivot":[1.06427,-3.03929,-7.73821],"rotation":[0,0,45],"uv":{"north":{"uv":[30,70],"uv_size":[2,1]},"east":{"uv":[70,30],"uv_size":[2,1]},"south":{"uv":[70,31],"uv_size":[2,1]},"west":{"uv":[32,70],"uv_size":[2,1]}}},{"origin":[1.41275,0.06651,-8.7085],"size":[0.50715,0.77522,2.81468],"pivot":[1.07369,1.75894,-8.28539],"rotation":[0,0,45],"uv":{"north":{"uv":[73,15],"uv_size":[1,1]},"east":{"uv":[66,22],"uv_size":[3,1]},"south":{"uv":[16,73],"uv_size":[1,1]},"west":{"uv":[66,29],"uv_size":[3,1]}}},{"origin":[0.02349,0.51202,-8.7085],"size":[1,0.84621,2.81468],"uv":{"north":{"uv":[73,16],"uv_size":[1,1]},"south":{"uv":[17,73],"uv_size":[1,1]},"west":{"uv":[66,33],"uv_size":[3,1]},"up":{"uv":[65,66],"uv_size":[1,3]},"down":{"uv":[66,69],"uv_size":[1,-3]}}},{"origin":[2.07232,1.19194,-8.7085],"size":[0.12679,0.38036,2.81468],"pivot":[1.3529,2.88436,-8.28539],"rotation":[0,0,45],"uv":{"north":{"uv":[73,17],"uv_size":[1,1]},"east":{"uv":[66,40],"uv_size":[3,1]},"south":{"uv":[18,73],"uv_size":[1,1]},"up":{"uv":[2,67],"uv_size":[1,3]}}}]},{"name":"drum","parent":"mag","pivot":[0,1,-0.90491],"cubes":[{"origin":[-0.81017,1.68723,-5.77882],"size":[0.35051,0.6703,4.43756],"pivot":[0.80821,2.35753,-5.77882],"rotation":[0,0,45],"uv":{"north":{"uv":[73,18],"uv_size":[1,1]},"east":{"uv":[61,34],"uv_size":[4,1]}}},{"origin":[0.13773,3.23275,-5.77882],"size":[0.6703,0.35051,4.43756],"pivot":[0.13773,3.30549,-5.44367],"rotation":[0,0,45],"uv":{"north":{"uv":[73,19],"uv_size":[1,1]},"up":{"uv":[58,61],"uv_size":[1,4]}}},{"origin":[-2.39208,-1.05264,-5.77882],"size":[1.61838,4.05923,4.43756],"pivot":[-0.77369,-0.38234,-6.41276],"rotation":[0,0,60],"uv":{"north":{"uv":[37,51],"uv_size":[2,4]},"east":{"uv":[34,32],"uv_size":[4,4]},"west":{"uv":[35,8],"uv_size":[4,4]},"down":{"uv":[51,52],"uv_size":[2,-4]}}},{"origin":[2.19064,1.35361,-5.77882],"size":[0.35051,0.6703,4.43756],"pivot":[2.19395,2.77566,-6.41276],"rotation":[0,0,15],"uv":{"north":{"uv":[73,20],"uv_size":[1,1]},"west":{"uv":[61,61],"uv_size":[4,1]}}},{"origin":[-2.50458,-0.25371,-5.77882],"size":[0.6703,5.00735,4.43756],"pivot":[-2.16945,-0.25371,-5.77882],"rotation":[0,0,60],"uv":{"north":{"uv":[27,56],"uv_size":[1,5]},"up":{"uv":[62,8],"uv_size":[1,4]},"down":{"uv":[9,66],"uv_size":[1,-4]}}},{"origin":[1.05927,2.31348,-5.77882],"size":[0.6703,0.35051,4.43756],"pivot":[1.39441,1.57704,-6.07761],"rotation":[0,0,15],"uv":{"north":{"uv":[73,21],"uv_size":[1,1]},"up":{"uv":[12,62],"uv_size":[1,4]}}},{"origin":[-2.62338,0.22042,-5.77882],"size":[5.00735,0.6703,4.43756],"pivot":[0.76558,0.55554,-5.77882],"rotation":[0,0,30],"uv":{"north":{"uv":[55,23],"uv_size":[5,1]},"east":{"uv":[13,62],"uv_size":[4,1]},"west":{"uv":[62,16],"uv_size":[4,1]}}},{"origin":[1.63221,-0.13444,-5.77882],"size":[0.35051,0.6703,4.43756],"pivot":[1.50874,1.28762,-6.41276],"rotation":[0,0,-15],"uv":{"north":{"uv":[73,22],"uv_size":[1,1]},"west":{"uv":[62,17],"uv_size":[4,1]}}},{"origin":[-1.94717,-0.56186,-5.77882],"size":[4.05923,1.61838,4.43756],"pivot":[1.44175,0.77875,-6.07761],"rotation":[0,0,30],"uv":{"north":{"uv":[49,20],"uv_size":[4,2]},"up":{"uv":[35,22],"uv_size":[4,4]},"down":{"uv":[27,40],"uv_size":[4,-4]}}},{"origin":[1.20309,-0.64878,-5.77882],"size":[0.6703,0.35051,4.43756],"pivot":[1.53823,-0.11739,-6.07761],"rotation":[0,0,-15],"uv":{"north":{"uv":[73,23],"uv_size":[1,1]},"down":{"uv":[26,66],"uv_size":[1,-4]}}},{"origin":[-2.57042,1.56001,-5.77882],"size":[0.35051,0.6703,4.43756],"pivot":[-1.42602,2.98206,-6.41276],"rotation":[0,0,-15],"uv":{"north":{"uv":[73,24],"uv_size":[1,1]},"east":{"uv":[62,27],"uv_size":[4,1]}}},{"origin":[-1.73169,2.31354,-5.77882],"size":[0.6703,0.35051,4.43756],"pivot":[-1.39654,1.57711,-6.07761],"rotation":[0,0,-15],"uv":{"north":{"uv":[73,25],"uv_size":[1,1]},"up":{"uv":[44,62],"uv_size":[1,4]}}},{"origin":[-2.21832,-0.4049,-5.77882],"size":[0.35051,0.6703,4.43756],"pivot":[-0.59994,0.2654,-6.41276],"rotation":[0,0,15],"uv":{"north":{"uv":[73,26],"uv_size":[1,1]},"east":{"uv":[62,33],"uv_size":[4,1]}}},{"origin":[-1.65457,-0.5895,-5.77882],"size":[0.6703,0.35051,4.43756],"pivot":[-1.65457,0.75111,-6.07761],"rotation":[0,0,15],"uv":{"north":{"uv":[73,27],"uv_size":[1,1]},"down":{"uv":[54,66],"uv_size":[1,-4]}}},{"origin":[0.45771,-1.70168,-5.77882],"size":[0.35051,0.6703,4.43756],"pivot":[0.80821,-1.03137,-5.77882],"rotation":[0,0,45],"uv":{"north":{"uv":[73,28],"uv_size":[1,1]},"west":{"uv":[62,56],"uv_size":[4,1]}}},{"origin":[-0.81013,-1.03128,-5.77882],"size":[1.61838,4.05923,4.43756],"uv":{"north":{"uv":[0,52],"uv_size":[2,4]},"east":{"uv":[34,36],"uv_size":[4,4]},"west":{"uv":[19,37],"uv_size":[4,4]}}},{"origin":[0.13782,-1.42394,-5.77882],"size":[0.6703,0.35051,4.43756],"pivot":[0.13782,-0.08333,-5.44367],"rotation":[0,0,45],"uv":{"north":{"uv":[73,29],"uv_size":[1,1]},"down":{"uv":[2,67],"uv_size":[1,-4]}}},{"origin":[-0.33616,-1.50538,-5.77882],"size":[0.6703,5.00735,4.43756],"uv":{"north":{"uv":[29,56],"uv_size":[1,5]},"up":{"uv":[63,3],"uv_size":[1,4]},"down":{"uv":[4,67],"uv_size":[1,-4]}}},{"origin":[-0.67135,-1.50745,-1.97525],"size":[1.34289,5.01156,1.77502],"pivot":[0.00009,0.99842,-1.97525],"rotation":[0,0,150],"uv":{"north":{"uv":[31,56],"uv_size":[1,5]},"south":{"uv":[32,56],"uv_size":[1,5]},"up":{"uv":[28,70],"uv_size":[1,2]},"down":{"uv":[70,34],"uv_size":[1,-2]}}},{"origin":[-0.67129,-1.50738,-1.97525],"size":[1.34289,5.01156,1.77502],"pivot":[0.00016,0.99849,-1.97525],"rotation":[0,0,120],"uv":{"north":{"uv":[33,56],"uv_size":[1,5]},"south":{"uv":[34,56],"uv_size":[1,5]},"up":{"uv":[36,70],"uv_size":[1,2]},"down":{"uv":[37,72],"uv_size":[1,-2]}}},{"origin":[-0.67126,-1.50729,-1.97525],"size":[1.34289,5.01156,1.77502],"pivot":[0.00019,0.99859,-1.97525],"rotation":[0,0,90],"uv":{"north":{"uv":[35,56],"uv_size":[1,5]},"south":{"uv":[36,56],"uv_size":[1,5]},"up":{"uv":[70,38],"uv_size":[1,2]},"down":{"uv":[41,72],"uv_size":[1,-2]}}},{"origin":[-0.67129,-1.5072,-1.97525],"size":[1.34289,5.01156,1.77502],"pivot":[0.00016,0.99868,-1.97525],"rotation":[0,0,60],"uv":{"north":{"uv":[48,56],"uv_size":[1,5]},"south":{"uv":[49,56],"uv_size":[1,5]},"up":{"uv":[70,41],"uv_size":[1,2]},"down":{"uv":[42,72],"uv_size":[1,-2]}}},{"origin":[-0.67135,-1.50713,-1.97525],"size":[1.34289,5.01156,1.77502],"pivot":[0.00009,0.99875,-1.97525],"rotation":[0,0,30],"uv":{"north":{"uv":[51,56],"uv_size":[1,5]},"south":{"uv":[52,56],"uv_size":[1,5]},"up":{"uv":[70,43],"uv_size":[1,2]},"down":{"uv":[44,72],"uv_size":[1,-2]}}},{"origin":[-0.67145,-1.5071,-1.97525],"size":[1.34289,5.01156,1.77502],"uv":{"north":{"uv":[56,55],"uv_size":[1,5]},"south":{"uv":[57,3],"uv_size":[1,5]},"up":{"uv":[45,70],"uv_size":[1,2]},"down":{"uv":[46,72],"uv_size":[1,-2]}}},{"origin":[-0.5081,2.09359,-5.8027],"size":[1.0143,1.0143,5.6313],"pivot":[-0.00095,2.60074,-5.18797],"rotation":[0,0,45],"uv":{"north":{"uv":[73,30],"uv_size":[1,1]},"south":{"uv":[31,73],"uv_size":[1,1]}}},{"origin":[-0.5081,-1.11137,-5.8027],"size":[1.0143,1.0143,5.6313],"pivot":[-0.00095,-0.60422,-5.18797],"rotation":[0,0,45],"uv":{"north":{"uv":[73,31],"uv_size":[1,1]},"south":{"uv":[32,73],"uv_size":[1,1]}}},{"origin":[-1.89593,-0.31005,-5.8027],"size":[1.0143,1.0143,5.6313],"pivot":[-1.38878,0.1971,-5.18797],"rotation":[0,0,15],"uv":{"north":{"uv":[73,32],"uv_size":[1,1]},"south":{"uv":[33,73],"uv_size":[1,1]}}},{"origin":[-1.89587,1.29231,-5.8027],"size":[1.0143,1.0143,5.6313],"pivot":[-1.38872,1.79946,-5.18797],"rotation":[0,0,75],"uv":{"north":{"uv":[73,33],"uv_size":[1,1]},"south":{"uv":[34,73],"uv_size":[1,1]}}},{"origin":[0.87954,1.29217,-5.8027],"size":[1.0143,1.0143,5.6313],"pivot":[1.38669,1.79932,-5.18797],"rotation":[0,0,15],"uv":{"north":{"uv":[73,34],"uv_size":[1,1]},"south":{"uv":[35,73],"uv_size":[1,1]}}},{"origin":[0.87956,-0.31022,-5.8027],"size":[1.0143,1.0143,5.6313],"pivot":[1.38671,0.19693,-5.18797],"rotation":[0,0,-15],"uv":{"north":{"uv":[73,35],"uv_size":[1,1]},"south":{"uv":[36,73],"uv_size":[1,1]}}},{"origin":[-0.00119,3.36137,-5.77887],"size":[2.3634,4.09346,4.43756],"pivot":[-0.00112,3.36141,-5.77887],"rotation":[0,0,150],"uv":{"north":{"uv":[29,52],"uv_size":[2,4]},"up":{"uv":[33,52],"uv_size":[2,4]},"down":{"uv":[35,56],"uv_size":[2,-4]}}},{"origin":[-4.41126,-0.18364,-5.77887],"size":[2.3634,4.09346,4.43756],"pivot":[-2.04785,-0.18364,-5.77887],"rotation":[0,0,90],"uv":{"north":{"uv":[51,52],"uv_size":[2,4]},"up":{"uv":[25,53],"uv_size":[2,4]},"down":{"uv":[53,40],"uv_size":[2,-4]}}},{"origin":[-0.00112,-3.72868,-5.77887],"size":[4.09346,2.3634,4.43756],"pivot":[2.04561,-0.18364,-5.77887],"rotation":[0,0,120],"uv":{"north":{"uv":[52,17],"uv_size":[4,2]},"east":{"uv":[52,31],"uv_size":[4,2]},"west":{"uv":[53,40],"uv_size":[4,2]}}}]},{"name":"bullets","parent":"drum","pivot":[0,1,9.19509]},{"name":"bullet1","parent":"bullets","pivot":[0,1,-0.80491],"cubes":[{"origin":[-0.5081,2.09359,-4.68268],"size":[1.0143,1.0143,4.59133],"pivot":[-0.00095,2.60074,-4.08797],"rotation":[0,0,45],"uv":{"north":{"uv":[73,36],"uv_size":[1,1]},"east":{"uv":[55,44],"uv_size":[5,1]},"south":{"uv":[37,73],"uv_size":[1,1]},"west":{"uv":[56,15],"uv_size":[5,1]},"up":{"uv":[12,57],"uv_size":[1,5]},"down":{"uv":[13,62],"uv_size":[1,-5]}}}]},{"name":"bullet1_fired","parent":"bullets","pivot":[0,1,-0.80491],"cubes":[{"origin":[-0.5081,2.09359,-3.68268],"size":[1.0143,1.0143,3.59133],"pivot":[-0.00095,2.60074,-3.08797],"rotation":[0,0,45],"uv":{"north":{"uv":[73,37],"uv_size":[1,1]},"east":{"uv":[63,7],"uv_size":[4,1]},"south":{"uv":[38,73],"uv_size":[1,1]},"west":{"uv":[63,8],"uv_size":[4,1]},"up":{"uv":[5,63],"uv_size":[1,4]},"down":{"uv":[6,67],"uv_size":[1,-4]}}}]},{"name":"bullet2","parent":"bullets","pivot":[0,1,-0.80491],"cubes":[{"origin":[0.87954,1.29217,-4.68268],"size":[1.0143,1.0143,4.59133],"pivot":[1.38669,1.79932,-4.08797],"rotation":[0,0,15],"uv":{"north":{"uv":[73,38],"uv_size":[1,1]},"east":{"uv":[56,16],"uv_size":[5,1]},"south":{"uv":[39,73],"uv_size":[1,1]},"west":{"uv":[56,17],"uv_size":[5,1]},"up":{"uv":[14,57],"uv_size":[1,5]},"down":{"uv":[15,62],"uv_size":[1,-5]}}}]},{"name":"bullet2_fired","parent":"bullets","pivot":[0,1,-0.80491],"cubes":[{"origin":[0.87954,1.29217,-3.68268],"size":[1.0143,1.0143,3.59133],"pivot":[1.38669,1.79932,-3.08797],"rotation":[0,0,15],"uv":{"north":{"uv":[73,39],"uv_size":[1,1]},"east":{"uv":[63,9],"uv_size":[4,1]},"south":{"uv":[40,73],"uv_size":[1,1]},"west":{"uv":[63,10],"uv_size":[4,1]},"up":{"uv":[7,63],"uv_size":[1,4]},"down":{"uv":[63,15],"uv_size":[1,-4]}}}]},{"name":"bullet3","parent":"bullets","pivot":[0,1,-0.80491],"cubes":[{"origin":[0.87956,-0.31022,-4.68268],"size":[1.0143,1.0143,4.59133],"pivot":[1.38671,0.19693,-4.08797],"rotation":[0,0,-15],"uv":{"north":{"uv":[73,40],"uv_size":[1,1]},"east":{"uv":[56,18],"uv_size":[5,1]},"south":{"uv":[41,73],"uv_size":[1,1]},"west":{"uv":[56,31],"uv_size":[5,1]},"up":{"uv":[16,57],"uv_size":[1,5]},"down":{"uv":[17,62],"uv_size":[1,-5]}}}]},{"name":"bullet3_fired","parent":"bullets","pivot":[0,1,-0.80491],"cubes":[{"origin":[0.87956,-0.31022,-3.68268],"size":[1.0143,1.0143,3.59133],"pivot":[1.38671,0.19693,-3.08797],"rotation":[0,0,-15],"uv":{"north":{"uv":[73,41],"uv_size":[1,1]},"east":{"uv":[13,63],"uv_size":[4,1]},"south":{"uv":[42,73],"uv_size":[1,1]},"west":{"uv":[63,15],"uv_size":[4,1]},"up":{"uv":[17,63],"uv_size":[1,4]},"down":{"uv":[18,67],"uv_size":[1,-4]}}}]},{"name":"bullet4","parent":"bullets","pivot":[0,1,-0.80491],"cubes":[{"origin":[-0.5081,-1.11137,-4.68268],"size":[1.0143,1.0143,4.59133],"pivot":[-0.00095,-0.60422,-4.08797],"rotation":[0,0,45],"uv":{"north":{"uv":[73,42],"uv_size":[1,1]},"east":{"uv":[56,32],"uv_size":[5,1]},"south":{"uv":[43,73],"uv_size":[1,1]},"west":{"uv":[56,34],"uv_size":[5,1]},"up":{"uv":[18,57],"uv_size":[1,5]},"down":{"uv":[19,62],"uv_size":[1,-5]}}}]},{"name":"bullet4_fired","parent":"bullets","pivot":[0,1,-0.80491],"cubes":[{"origin":[-0.5081,-1.11137,-3.68268],"size":[1.0143,1.0143,3.59133],"pivot":[-0.00095,-0.60422,-3.08797],"rotation":[0,0,45],"uv":{"north":{"uv":[73,43],"uv_size":[1,1]},"east":{"uv":[63,18],"uv_size":[4,1]},"south":{"uv":[44,73],"uv_size":[1,1]},"west":{"uv":[63,19],"uv_size":[4,1]},"up":{"uv":[19,63],"uv_size":[1,4]},"down":{"uv":[20,67],"uv_size":[1,-4]}}}]},{"name":"bullet5","parent":"bullets","pivot":[0,1,-0.80491],"cubes":[{"origin":[-1.89593,-0.31005,-4.68268],"size":[1.0143,1.0143,4.59133],"pivot":[-1.38878,0.1971,-4.08797],"rotation":[0,0,15],"uv":{"north":{"uv":[73,44],"uv_size":[1,1]},"east":{"uv":[56,45],"uv_size":[5,1]},"south":{"uv":[45,73],"uv_size":[1,1]},"west":{"uv":[56,46],"uv_size":[5,1]},"up":{"uv":[25,57],"uv_size":[1,5]},"down":{"uv":[26,62],"uv_size":[1,-5]}}}]},{"name":"bullet5_fired","parent":"bullets","pivot":[0,1,-0.80491],"cubes":[{"origin":[-1.89593,-0.31005,-3.68268],"size":[1.0143,1.0143,3.59133],"pivot":[-1.38878,0.1971,-3.08797],"rotation":[0,0,15],"uv":{"north":{"uv":[73,45],"uv_size":[1,1]},"east":{"uv":[63,20],"uv_size":[4,1]},"south":{"uv":[46,73],"uv_size":[1,1]},"west":{"uv":[63,21],"uv_size":[4,1]},"up":{"uv":[63,35],"uv_size":[1,4]},"down":{"uv":[63,49],"uv_size":[1,-4]}}}]},{"name":"bullet6","parent":"bullets","pivot":[0,1,-0.80491],"cubes":[{"origin":[-1.89587,1.29231,-4.68268],"size":[1.0143,1.0143,4.59133],"pivot":[-1.38872,1.79946,-4.08797],"rotation":[0,0,75],"uv":{"north":{"uv":[73,46],"uv_size":[1,1]},"east":{"uv":[56,50],"uv_size":[5,1]},"south":{"uv":[47,73],"uv_size":[1,1]},"west":{"uv":[56,51],"uv_size":[5,1]},"up":{"uv":[43,57],"uv_size":[1,5]},"down":{"uv":[44,62],"uv_size":[1,-5]}}}]},{"name":"bullet6_fired","parent":"bullets","pivot":[0,1,-0.80491],"cubes":[{"origin":[-1.89587,1.29231,-3.68268],"size":[1.0143,1.0143,3.59133],"pivot":[-1.38872,1.79946,-3.08797],"rotation":[0,0,75],"uv":{"north":{"uv":[73,47],"uv_size":[1,1]},"east":{"uv":[63,31],"uv_size":[4,1]},"south":{"uv":[48,73],"uv_size":[1,1]},"west":{"uv":[63,32],"uv_size":[4,1]},"up":{"uv":[48,63],"uv_size":[1,4]},"down":{"uv":[49,67],"uv_size":[1,-4]}}}]},{"name":"stick","parent":"mag","pivot":[-0.61747,1.00522,-12.94232],"cubes":[{"origin":[-2.24065,4.67872,-11.83293],"size":[0.63394,0.63394,11.91803],"pivot":[-5.78482,0.66469,-5.90561],"rotation":[0,0,45],"uv":{"east":{"uv":[42,12],"uv_size":[12,1]},"west":{"uv":[45,35],"uv_size":[12,1]},"up":{"uv":[3,43],"uv_size":[1,12]},"down":{"uv":[44,57],"uv_size":[1,-12]}}},{"origin":[-2.37175,4.55935,-12.94232],"size":[0.88751,0.88751,1.26788],"pivot":[-5.78482,0.66469,-5.74713],"rotation":[0,0,45],"uv":{"north":{"uv":[73,49],"uv_size":[1,1]},"east":{"uv":[50,73],"uv_size":[1,1]},"south":{"uv":[73,50],"uv_size":[1,1]},"west":{"uv":[51,73],"uv_size":[1,1]},"up":{"uv":[73,51],"uv_size":[1,1]},"down":{"uv":[52,74],"uv_size":[1,-1]}}},{"origin":[-0.81026,-0.00561,-0.26357],"size":[1.61838,0.6703,0.38036],"pivot":[0.80813,0.66469,-0.26357],"rotation":[0,0,45],"uv":{"east":{"uv":[73,52],"uv_size":[1,1]},"south":{"uv":[47,70],"uv_size":[2,1]},"west":{"uv":[53,73],"uv_size":[1,1]}}},{"origin":[-0.81026,0.66482,-0.26357],"size":[1.61838,0.6703,0.38036],"uv":{"east":{"uv":[73,53],"uv_size":[1,1]},"south":{"uv":[70,53],"uv_size":[2,1]},"west":{"uv":[54,73],"uv_size":[1,1]}}},{"origin":[0.13773,0.27207,-0.26357],"size":[0.6703,1.61838,0.38036],"pivot":[0.13773,1.61268,0.07159],"rotation":[0,0,45],"uv":{"south":{"uv":[60,70],"uv_size":[1,2]},"up":{"uv":[73,54],"uv_size":[1,1]},"down":{"uv":[55,74],"uv_size":[1,-1]}}},{"origin":[-0.33616,0.19072,-0.26357],"size":[0.6703,1.61838,0.38036],"uv":{"south":{"uv":[64,70],"uv_size":[1,2]},"up":{"uv":[73,55],"uv_size":[1,1]},"down":{"uv":[56,74],"uv_size":[1,-1]}}}]},{"name":"hammer","parent":"gun","pivot":[0,-0.26788,3.43756],"cubes":[{"origin":[-0.31697,0.30267,2.16969],"size":[0.63394,3.67684,0.65296],"uv":{"north":{"uv":[63,49],"uv_size":[1,4]},"east":{"uv":[50,63],"uv_size":[1,4]},"west":{"uv":[52,63],"uv_size":[1,4]},"up":{"uv":[73,56],"uv_size":[1,1]}}},{"origin":[-1.6233,2.31084,1.69703],"size":[0.25358,0.25357,0.63394],"pivot":[0,0.93661,3.43756],"rotation":[0,0,45],"uv":{"north":{"uv":[73,57],"uv_size":[1,1]},"east":{"uv":[58,73],"uv_size":[1,1]},"west":{"uv":[59,73],"uv_size":[1,1]},"up":{"uv":[73,59],"uv_size":[1,1]},"down":{"uv":[60,74],"uv_size":[1,-1]}}},{"origin":[-0.31697,-0.8687,2.81337],"size":[0.63394,3.93041,1.0143],"uv":{"east":{"uv":[63,62],"uv_size":[1,4]},"south":{"uv":[64,2],"uv_size":[1,4]},"west":{"uv":[64,11],"uv_size":[1,4]},"up":{"uv":[73,60],"uv_size":[1,1]}}},{"origin":[-0.31697,0.30409,3.4473],"size":[0.63394,1.26787,1.26788],"pivot":[0,0.93803,4.71518],"rotation":[-22.5,0,0],"uv":{"east":{"uv":[62,73],"uv_size":[1,1]},"west":{"uv":[63,73],"uv_size":[1,1]},"up":{"uv":[73,63],"uv_size":[1,1]}}},{"origin":[-0.31697,-0.52757,3.71303],"size":[0.63394,1.26788,1.26788],"pivot":[0,0.10637,4.98091],"rotation":[-62.5,0,0],"uv":{"east":{"uv":[65,73],"uv_size":[1,1]},"west":{"uv":[66,73],"uv_size":[1,1]},"up":{"uv":[73,66],"uv_size":[1,1]}}},{"origin":[-0.31697,2.71163,2.18871],"size":[0.63394,1.26787,0.63394],"pivot":[-0.31697,3.97951,2.82264],"rotation":[22.5,0,0],"uv":{"east":{"uv":[68,73],"uv_size":[1,1]},"south":{"uv":[73,68],"uv_size":[1,1]},"west":{"uv":[69,73],"uv_size":[1,1]}}},{"origin":[-0.31697,2.42778,3.19373],"size":[0.63394,0.63394,1.52145],"pivot":[0.31697,3.06172,3.82767],"rotation":[45,0,0],"uv":{"east":{"uv":[70,56],"uv_size":[2,1]},"south":{"uv":[71,73],"uv_size":[1,1]},"west":{"uv":[66,70],"uv_size":[2,1]},"up":{"uv":[68,70],"uv_size":[1,2]},"down":{"uv":[69,72],"uv_size":[1,-2]}}},{"origin":[-0.31697,3.18213,4.45523],"size":[0.63394,0.50715,1.0143],"pivot":[0.31697,3.68928,4.45523],"rotation":[10,0,0],"uv":{"east":{"uv":[72,73],"uv_size":[1,1]},"south":{"uv":[73,72],"uv_size":[1,1]},"west":{"uv":[73,73],"uv_size":[1,1]},"up":{"uv":[0,74],"uv_size":[1,1]},"down":{"uv":[74,1],"uv_size":[1,-1]}}},{"origin":[-0.44376,3.48505,5.45412],"size":[0.88751,0.38036,1.0143],"pivot":[0.44376,3.86541,5.45412],"rotation":[-5,0,0],"uv":{"north":{"uv":[1,74],"uv_size":[1,1]},"east":{"uv":[74,1],"uv_size":[1,1]},"south":{"uv":[2,74],"uv_size":[1,1]},"west":{"uv":[74,2],"uv_size":[1,1]},"up":{"uv":[3,74],"uv_size":[1,1]},"down":{"uv":[74,4],"uv_size":[1,-1]}}}]},{"name":"right_arm","parent":"gun","pivot":[-2.90027,-10.4801,35.14662],"rotation":[-94.9724,-4.5142,0.6518]},{"name":"left_arm","parent":"gun","pivot":[9.71449,-21.36175,27.59228],"rotation":[-106.77173,20.89596,16.3728]},{"name":"reloading_arm","parent":"gun","pivot":[20.71449,-75.36175,21.59228],"rotation":[-148.99114,-6.68403,-26.12658]},{"name":"loader","parent":"reloading_arm","pivot":[13.37755,-115.72766,29.63784],"rotation":[-14.45724,-21.88435,-38.0256]},{"name":"ammos","parent":"loader","pivot":[15.08115,-116.80514,26.38908],"cubes":[{"origin":[14.57305,-115.71155,22.51131],"size":[1.0143,1.0143,4.59133],"pivot":[15.0802,-115.2044,23.10602],"rotation":[0,0,45],"uv":{"east":{"uv":[56,52],"uv_size":[5,1]},"south":{"uv":[74,4],"uv_size":[1,1]},"west":{"uv":[56,53],"uv_size":[5,1]},"up":{"uv":[45,57],"uv_size":[1,5]},"down":{"uv":[46,62],"uv_size":[1,-5]}}},{"origin":[15.96069,-116.51297,22.51131],"size":[1.0143,1.0143,4.59133],"pivot":[16.46784,-116.00582,23.10602],"rotation":[0,0,15],"uv":{"east":{"uv":[57,0],"uv_size":[5,1]},"south":{"uv":[74,5],"uv_size":[1,1]},"west":{"uv":[57,1],"uv_size":[5,1]},"up":{"uv":[47,57],"uv_size":[1,5]},"down":{"uv":[53,62],"uv_size":[1,-5]}}},{"origin":[15.96071,-118.11535,22.51131],"size":[1.0143,1.0143,4.59133],"pivot":[16.46786,-117.6082,23.10602],"rotation":[0,0,-15],"uv":{"east":{"uv":[57,8],"uv_size":[5,1]},"south":{"uv":[74,6],"uv_size":[1,1]},"west":{"uv":[57,9],"uv_size":[5,1]},"up":{"uv":[54,57],"uv_size":[1,5]},"down":{"uv":[55,62],"uv_size":[1,-5]}}},{"origin":[14.57305,-118.91651,22.51131],"size":[1.0143,1.0143,4.59133],"pivot":[15.0802,-118.40936,23.10602],"rotation":[0,0,45],"uv":{"east":{"uv":[57,10],"uv_size":[5,1]},"south":{"uv":[74,7],"uv_size":[1,1]},"west":{"uv":[57,35],"uv_size":[5,1]},"up":{"uv":[57,55],"uv_size":[1,5]},"down":{"uv":[58,8],"uv_size":[1,-5]}}},{"origin":[13.18522,-118.11519,22.51131],"size":[1.0143,1.0143,4.59133],"pivot":[13.69237,-117.60804,23.10602],"rotation":[0,0,15],"uv":{"east":{"uv":[57,36],"uv_size":[5,1]},"south":{"uv":[74,8],"uv_size":[1,1]},"west":{"uv":[57,37],"uv_size":[5,1]},"up":{"uv":[4,58],"uv_size":[1,5]},"down":{"uv":[5,63],"uv_size":[1,-5]}}},{"origin":[13.18528,-116.51283,22.51131],"size":[1.0143,1.0143,4.59133],"pivot":[13.69243,-116.00568,23.10602],"rotation":[0,0,75],"uv":{"east":{"uv":[57,38],"uv_size":[5,1]},"south":{"uv":[74,9],"uv_size":[1,1]},"west":{"uv":[57,40],"uv_size":[5,1]},"up":{"uv":[6,58],"uv_size":[1,5]},"down":{"uv":[7,63],"uv_size":[1,-5]}}}]},{"name":"bone","parent":"loader","pivot":[15.0639,-119.63654,22.66906],"cubes":[{"origin":[12.2856,-115.46909,20.66906],"size":[2.7783,1.38915,2],"pivot":[15.0639,-114.07994,17.36363],"rotation":[0,0,-30],"uv":{"north":{"uv":[66,44],"uv_size":[3,1]},"south":{"uv":[66,63],"uv_size":[3,1]},"up":{"uv":[55,21],"uv_size":[3,2]}}},{"origin":[12.65782,-118.24739,20.66906],"size":[1.38915,2.7783,2],"uv":{"north":{"uv":[5,67],"uv_size":[1,3]},"east":{"uv":[55,36],"uv_size":[2,3]},"south":{"uv":[6,67],"uv_size":[1,3]}}},{"origin":[15.17194,-115.12582,20.66906],"size":[2.7783,1.38915,2],"pivot":[14.47736,-113.7067,17.36363],"rotation":[0,0,30],"uv":{"north":{"uv":[66,64],"uv_size":[3,1]},"south":{"uv":[67,6],"uv_size":[3,1]},"up":{"uv":[55,42],"uv_size":[3,2]}}},{"origin":[16.08082,-118.24739,20.66906],"size":[1.38915,2.7783,2],"uv":{"north":{"uv":[7,67],"uv_size":[1,3]},"south":{"uv":[67,7],"uv_size":[1,3]},"west":{"uv":[55,47],"uv_size":[2,3]}}},{"origin":[13.9971,-118.4335,20.66906],"size":[2.7783,1.38915,2],"pivot":[16.7754,-117.04435,17.36363],"rotation":[0,0,-30],"uv":{"north":{"uv":[67,10],"uv_size":[3,1]},"south":{"uv":[67,15],"uv_size":[3,1]},"down":{"uv":[4,58],"uv_size":[3,-2]}}},{"origin":[13.35239,-118.4335,20.66906],"size":[2.7783,1.38915,2],"pivot":[13.35239,-117.04435,17.36363],"rotation":[0,0,30],"uv":{"north":{"uv":[16,67],"uv_size":[3,1]},"south":{"uv":[67,18],"uv_size":[3,1]},"down":{"uv":[56,15],"uv_size":[3,-2]}}},{"origin":[14.30228,-117.60119,18.17906],"size":[1.23634,0.61817,2.67],"pivot":[14.30228,-116.98301,16.70814],"rotation":[0,0,30],"uv":{"north":{"uv":[10,74],"uv_size":[1,1]},"down":{"uv":[20,70],"uv_size":[1,-3]}}},{"origin":[14.58917,-117.60119,18.17906],"size":[1.23634,0.61817,2.67],"pivot":[15.82551,-116.98301,16.70814],"rotation":[0,0,-30],"uv":{"north":{"uv":[11,74],"uv_size":[1,1]},"down":{"uv":[67,38],"uv_size":[1,-3]}}},{"origin":[14.51643,-117.51837,18.17906],"size":[1.61817,1.23634,2.67],"uv":{"north":{"uv":[71,10],"uv_size":[2,1]},"west":{"uv":[67,28],"uv_size":[3,1]}}},{"origin":[15.11197,-116.12927,18.17906],"size":[1.23634,0.61817,2.67],"pivot":[14.80289,-115.49776,16.70814],"rotation":[0,0,30],"uv":{"north":{"uv":[12,74],"uv_size":[1,1]},"up":{"uv":[67,47],"uv_size":[1,3]}}},{"origin":[13.99319,-117.51837,18.17906],"size":[0.61817,1.23634,2.67],"uv":{"north":{"uv":[13,74],"uv_size":[1,1]},"east":{"uv":[67,38],"uv_size":[3,1]}}},{"origin":[13.82755,-116.28202,18.17906],"size":[1.23634,0.61817,2.67],"pivot":[15.0639,-115.66385,16.70814],"rotation":[0,0,-30],"uv":{"north":{"uv":[14,74],"uv_size":[1,1]},"up":{"uv":[51,67],"uv_size":[1,3]}}}]}]}]}