{"format_version":"1.12.0","minecraft:geometry":[{"description":{"identifier":"geometry.unknown","texture_width":64,"texture_height":64,"visible_bounds_width":2,"visible_bounds_height":1.5,"visible_bounds_offset":[0,0.25,0]},"bones":[{"name":"root","pivot":[0,0.01135,0],"cubes":[{"origin":[0.51323,1.2636,-5.2826],"size":[2.51256,6.07444,10],"pivot":[3.02579,1.2636,-5.2826],"rotation":[0,0,-90],"uv":{"south":{"uv":[15,24],"uv_size":[3,6]},"up":{"uv":[20,20],"uv_size":[3,10]},"down":{"uv":[23,10],"uv_size":[3,-10]}}},{"origin":[0.51323,-1.24896,-5.2826],"size":[2.51256,6.07444,10],"pivot":[3.02579,-1.24896,-5.2826],"rotation":[0,0,-45],"uv":{"north":{"uv":[26,0],"uv_size":[3,6]},"south":{"uv":[26,6],"uv_size":[3,6]},"up":{"uv":[23,10],"uv_size":[3,10]},"down":{"uv":[23,30],"uv_size":[3,-10]}}},{"origin":[-1.26342,-3.02561,-5.2826],"size":[2.51256,6.07444,10],"uv":{"south":{"uv":[26,18],"uv_size":[3,6]},"up":{"uv":[0,24],"uv_size":[3,10]},"down":{"uv":[3,34],"uv_size":[3,-10]}}},{"origin":[-1.26342,-1.24679,-7.06191],"size":[2.51256,2.51632,2.5163],"pivot":[1.24914,-1.24679,-7.06191],"rotation":[-45,0,0],"uv":{"east":{"uv":[26,27],"uv_size":[3,3]},"west":{"uv":[29,3],"uv_size":[3,3]},"down":{"uv":[29,12],"uv_size":[3,-3]}}},{"origin":[-1.26342,1.26953,-7.06191],"size":[2.51256,2.51632,2.5163],"pivot":[1.24914,1.26953,-7.06191],"rotation":[-45,0,0],"uv":{"north":{"uv":[29,12],"uv_size":[3,3]},"east":{"uv":[29,15],"uv_size":[3,3]},"west":{"uv":[29,21],"uv_size":[3,3]}}},{"origin":[-1.26342,-1.24679,-7.06191],"size":[2.51256,2.51632,2.5163],"uv":{"north":{"uv":[6,30],"uv_size":[3,3]}}},{"origin":[-1.26342,-1.24679,4.53809],"size":[2.51256,2.51632,2.5163],"pivot":[0,0.0113,4.53809],"rotation":[0,0,45],"uv":{"east":{"uv":[27,30],"uv_size":[3,3]},"south":{"uv":[30,30],"uv_size":[3,3]},"west":{"uv":[32,0],"uv_size":[3,3]},"up":{"uv":[32,3],"uv_size":[3,3]},"down":{"uv":[32,9],"uv_size":[3,-3]}}},{"origin":[-3.77598,-1.24679,-7.06191],"size":[2.51256,2.51632,2.5163],"pivot":[-1.26342,-1.24679,-7.06191],"rotation":[0,45,0],"uv":{"north":{"uv":[32,9],"uv_size":[3,3]},"up":{"uv":[32,21],"uv_size":[3,3]},"down":{"uv":[32,27],"uv_size":[3,-3]}}},{"origin":[-1.26342,-1.24679,-7.06191],"size":[2.51256,2.51632,2.5163],"pivot":[1.24914,-1.24679,-7.06191],"rotation":[0,45,0],"uv":{"west":{"uv":[12,33],"uv_size":[3,3]},"up":{"uv":[15,33],"uv_size":[3,3]},"down":{"uv":[18,36],"uv_size":[3,-3]}}},{"origin":[-3.78457,-3.02561,-5.2826],"size":[2.51256,6.07444,10],"pivot":[-1.27201,-3.02561,-5.2826],"rotation":[0,0,45],"uv":{"north":{"uv":[6,24],"uv_size":[3,6]},"south":{"uv":[9,24],"uv_size":[3,6]},"up":{"uv":[20,0],"uv_size":[3,10]},"down":{"uv":[20,20],"uv_size":[3,-10]}}}]}]}]}