{"format_version":"1.12.0","minecraft:geometry":[{"description":{"identifier":"geometry.unknown","texture_width":64,"texture_height":64,"visible_bounds_width":3,"visible_bounds_height":2.5,"visible_bounds_offset":[0,0.75,0]},"bones":[{"name":"root","pivot":[0,0,0]},{"name":"crosshair","parent":"root","pivot":[0,5.95718,-1.02072]},{"name":"body","parent":"root","pivot":[0,7.8225,2.0225],"cubes":[{"origin":[-0.525,1.8375,-4.96],"size":[1.05,2.1,10.5],"pivot":[0.525,3.9375,7.64],"rotation":[5,0,0],"uv":{"north":{"uv":[38,36],"uv_size":[1,2]},"east":{"uv":[26,19],"uv_size":[10,2]},"west":{"uv":[26,21],"uv_size":[10,2]}}},{"origin":[-0.7875,0.35829,-4.82148],"size":[1.575,1.575,10.5],"uv":{"north":{"uv":[4,40],"uv_size":[2,2]},"east":{"uv":[22,26],"uv_size":[10,2]},"west":{"uv":[26,23],"uv_size":[10,2]},"up":{"uv":[6,24],"uv_size":[2,10]},"down":{"uv":[8,34],"uv_size":[2,-10]}}},{"origin":[-0.7875,0.105,5.54],"size":[1.575,4.2,1.575],"pivot":[0.7875,4.305,7.115],"rotation":[-20,0,0],"uv":{"north":{"uv":[5,46],"uv_size":[2,4]},"east":{"uv":[33,54],"uv_size":[1,4]},"south":{"uv":[45,46],"uv_size":[2,4]},"west":{"uv":[34,54],"uv_size":[1,4]}}},{"origin":[-1.62196,0.14041,-7.34729],"size":[0.99813,0.85699,12.55148],"pivot":[-1.9214,1.43798,-3.77897],"rotation":[0,0,45],"uv":{"north":{"uv":[42,62],"uv_size":[1,1]},"east":{"uv":[37,11],"uv_size":[13,1]},"south":{"uv":[43,62],"uv_size":[1,1]},"west":{"uv":[37,12],"uv_size":[13,1]}}},{"origin":[-2.62718,-0.88904,-7.34729],"size":[0.99813,1.19776,12.55148],"uv":{"north":{"uv":[40,62],"uv_size":[1,1]},"east":{"uv":[36,21],"uv_size":[13,1]},"south":{"uv":[62,40],"uv_size":[1,1]},"down":{"uv":[29,50],"uv_size":[1,-13]}}},{"origin":[-1.68522,-0.70443,-7.34729],"size":[0.41921,0.73363,12.55148],"pivot":[-1.266,-0.70443,0.95316],"rotation":[0,0,-30],"uv":{"north":{"uv":[37,62],"uv_size":[1,1]},"south":{"uv":[38,62],"uv_size":[1,1]},"west":{"uv":[36,6],"uv_size":[13,1]},"down":{"uv":[8,47],"uv_size":[1,-13]}}},{"origin":[-2.02121,0.01637,-7.34729],"size":[4.04243,0.89832,12.55148],"uv":{"north":{"uv":[37,15],"uv_size":[4,1]},"south":{"uv":[54,18],"uv_size":[4,1]},"up":{"uv":[0,0],"uv_size":[4,13]},"down":{"uv":[4,13],"uv_size":[4,-13]}}},{"origin":[3.20559,-0.55337,2.7775],"size":[1.73241,0.71753,0.8116],"pivot":[4.43062,0.96888,1.77314],"rotation":[0,-90,0],"uv":{"north":{"uv":[59,47],"uv_size":[2,1]},"east":{"uv":[31,14],"uv_size":[1,1]},"west":{"uv":[32,27],"uv_size":[1,1]}}},{"origin":[2.69822,-1.2709,3.28487],"size":[1.73241,0.71753,0.8116],"pivot":[4.43062,-0.55337,2.28052],"rotation":[-90,-45,90],"uv":{"north":{"uv":[59,51],"uv_size":[2,1]},"east":{"uv":[42,35],"uv_size":[1,1]},"south":{"uv":[59,54],"uv_size":[2,1]},"west":{"uv":[26,53],"uv_size":[1,1]}}},{"origin":[4.07186,-0.97378,2.20848],"size":[0.71753,1.73241,0.8116],"pivot":[4.07186,0.46128,1.56289],"rotation":[-90,-45,90],"uv":{"north":{"uv":[41,25],"uv_size":[1,2]},"south":{"uv":[7,52],"uv_size":[1,2]},"up":{"uv":[62,29],"uv_size":[1,1]},"down":{"uv":[62,31],"uv_size":[1,-1]}}},{"origin":[4.07186,-1.06087,1.7012],"size":[0.71753,1.73241,0.8116],"pivot":[4.07186,0.37419,1.05561],"rotation":[0,-90,0],"uv":{"north":{"uv":[54,59],"uv_size":[1,2]},"south":{"uv":[59,59],"uv_size":[1,2]},"up":{"uv":[31,62],"uv_size":[1,1]},"down":{"uv":[62,32],"uv_size":[1,-1]}}},{"origin":[3.20559,-0.55337,-2.81203],"size":[1.73241,0.71753,0.8116],"pivot":[4.43062,0.96888,-3.81638],"rotation":[0,-90,0],"uv":{"north":{"uv":[60,4],"uv_size":[2,1]},"east":{"uv":[32,62],"uv_size":[1,1]},"west":{"uv":[62,32],"uv_size":[1,1]}}},{"origin":[2.69822,-1.27099,-2.3047],"size":[1.73241,0.71753,0.8116],"pivot":[4.43062,-0.55346,-3.30905],"rotation":[-90,-45,90],"uv":{"north":{"uv":[60,9],"uv_size":[2,1]},"east":{"uv":[62,33],"uv_size":[1,1]},"south":{"uv":[60,10],"uv_size":[2,1]},"west":{"uv":[62,34],"uv_size":[1,1]}}},{"origin":[4.07186,-0.97378,-3.38118],"size":[0.71753,1.73241,0.8116],"pivot":[4.07186,0.46128,-4.02677],"rotation":[-90,-45,90],"uv":{"north":{"uv":[3,60],"uv_size":[1,2]},"south":{"uv":[14,60],"uv_size":[1,2]},"up":{"uv":[35,62],"uv_size":[1,1]},"down":{"uv":[62,36],"uv_size":[1,-1]}}},{"origin":[4.07186,-1.06087,-3.88846],"size":[0.71753,1.73241,0.8116],"pivot":[4.07186,0.37419,-4.53405],"rotation":[0,-90,0],"uv":{"north":{"uv":[20,60],"uv_size":[1,2]},"south":{"uv":[22,60],"uv_size":[1,2]},"up":{"uv":[36,62],"uv_size":[1,1]},"down":{"uv":[62,37],"uv_size":[1,-1]}}},{"origin":[1.20986,-0.88905,-7.34729],"size":[0.41921,0.73363,12.55148],"pivot":[1.62907,-0.88905,0.95316],"rotation":[0,0,30],"uv":{"north":{"uv":[62,38],"uv_size":[1,1]},"east":{"uv":[36,19],"uv_size":[13,1]},"south":{"uv":[62,39],"uv_size":[1,1]},"down":{"uv":[27,50],"uv_size":[1,-13]}}},{"origin":[1.62907,-0.88905,-7.34729],"size":[0.99813,1.19776,12.55148],"uv":{"north":{"uv":[41,62],"uv_size":[1,1]},"south":{"uv":[62,41],"uv_size":[1,1]},"west":{"uv":[36,24],"uv_size":[13,1]},"down":{"uv":[31,50],"uv_size":[1,-13]}}},{"origin":[2.36199,0.14039,-7.34729],"size":[0.85699,0.99813,12.55148],"pivot":[1.92142,1.43796,-3.77897],"rotation":[0,0,45],"uv":{"north":{"uv":[62,43],"uv_size":[1,1]},"south":{"uv":[44,62],"uv_size":[1,1]},"up":{"uv":[16,38],"uv_size":[1,13]},"down":{"uv":[17,51],"uv_size":[1,-13]}}},{"origin":[-1.06036,5.35302,8.40265],"size":[2.5927,1.07385,3.30553],"pivot":[0.77301,7.6312,6.89955],"rotation":[0,-90,0],"uv":{"east":{"uv":[24,10],"uv_size":[3,1]},"south":{"uv":[60,25],"uv_size":[2,1]},"west":{"uv":[55,2],"uv_size":[3,1]}}},{"origin":[-1.81969,4.27918,9.16197],"size":[2.5927,1.07385,3.30553],"pivot":[0.77301,5.35302,7.65887],"rotation":[-90,-45,90],"uv":{"east":{"uv":[55,6],"uv_size":[3,1]},"south":{"uv":[60,29],"uv_size":[2,1]},"west":{"uv":[55,35],"uv_size":[3,1]}}},{"origin":[0.23608,4.72384,7.55106],"size":[1.07385,2.5927,3.30553],"pivot":[0.23608,6.87153,6.58488],"rotation":[-90,-45,90],"uv":{"south":{"uv":[60,33],"uv_size":[1,2]},"up":{"uv":[15,23],"uv_size":[1,3]},"down":{"uv":[21,32],"uv_size":[1,-3]}}},{"origin":[0.23608,4.5935,6.79188],"size":[1.07385,2.5927,3.30553],"pivot":[0.23608,6.74119,5.8257],"rotation":[0,-90,0],"uv":{"south":{"uv":[36,60],"uv_size":[1,2]},"up":{"uv":[17,51],"uv_size":[1,3]},"down":{"uv":[55,49],"uv_size":[1,-3]}}},{"origin":[3.21247,5.65174,7.69559],"size":[1.50301,0.62252,4.01625],"pivot":[4.27529,6.97242,6.82423],"rotation":[0,-90,0],"uv":{"north":{"uv":[62,44],"uv_size":[1,1]},"east":{"uv":[35,54],"uv_size":[4,1]},"west":{"uv":[54,37],"uv_size":[4,1]}}},{"origin":[2.77228,5.02922,8.13578],"size":[1.50301,0.62252,4.01625],"pivot":[4.27529,5.65174,7.26442],"rotation":[-90,-45,90],"uv":{"north":{"uv":[62,45],"uv_size":[1,1]},"east":{"uv":[54,42],"uv_size":[4,1]},"west":{"uv":[54,44],"uv_size":[4,1]}}},{"origin":[3.96403,5.28699,7.20192],"size":[0.62252,1.50301,4.01625],"pivot":[3.96403,6.53203,6.64182],"rotation":[-90,-45,90],"uv":{"north":{"uv":[62,46],"uv_size":[1,1]},"up":{"uv":[42,54],"uv_size":[1,4]},"down":{"uv":[49,58],"uv_size":[1,-4]}}},{"origin":[3.96403,5.21143,6.76181],"size":[0.62252,1.50301,4.01625],"pivot":[3.96403,6.45647,6.20171],"rotation":[0,-90,0],"uv":{"north":{"uv":[62,47],"uv_size":[1,1]},"up":{"uv":[50,54],"uv_size":[1,4]},"down":{"uv":[54,56],"uv_size":[1,-4]}}},{"origin":[-3.74581,8.86244,8.64098],"size":[2.73256,1.13178,2.42445],"pivot":[-1.81354,11.26351,7.05679],"rotation":[0,-90,-90],"uv":{"north":{"uv":[55,36],"uv_size":[3,1]},"east":{"uv":[60,30],"uv_size":[2,1]},"west":{"uv":[60,38],"uv_size":[2,1]}}},{"origin":[-2.14503,10.13173,9.44126],"size":[2.73256,1.13178,2.42445],"pivot":[0.58753,11.26351,7.85707],"rotation":[-90,-45,0],"uv":{"north":{"uv":[55,52],"uv_size":[3,1]},"east":{"uv":[60,39],"uv_size":[2,1]},"west":{"uv":[60,40],"uv_size":[2,1]}}},{"origin":[-1.01289,8.43407,7.74345],"size":[1.13178,2.73256,2.42445],"pivot":[-1.01289,10.69762,6.72515],"rotation":[-90,-45,0],"uv":{"north":{"uv":[55,54],"uv_size":[1,3]},"up":{"uv":[43,60],"uv_size":[1,2]},"down":{"uv":[44,62],"uv_size":[1,-2]}}},{"origin":[-0.87552,8.43407,6.94331],"size":[1.13178,2.73256,2.42445],"pivot":[-0.87552,10.69762,5.92501],"rotation":[0,-90,-90],"uv":{"north":{"uv":[1,56],"uv_size":[1,3]},"up":{"uv":[45,60],"uv_size":[1,2]},"down":{"uv":[46,62],"uv_size":[1,-2]}}},{"origin":[-0.93844,3.71999,-4.65812],"size":[0.82688,0.37538,9.83063],"pivot":[-0.00005,3.71999,5.1725],"rotation":[5.003,2.0574,0.1744],"uv":{"east":{"uv":[40,3],"uv_size":[9,1]},"south":{"uv":[51,62],"uv_size":[1,1]},"down":{"uv":[1,52],"uv_size":[1,-9]}}},{"origin":[-0.93844,3.71999,-4.65812],"size":[1.87688,0.37538,9.83063],"pivot":[-0.00005,3.71999,5.1725],"rotation":[5.003,-2.0574,-0.1744],"uv":{"south":{"uv":[60,57],"uv_size":[2,1]},"west":{"uv":[43,38],"uv_size":[9,1]},"down":{"uv":[27,37],"uv_size":[2,-9]}}},{"origin":[0.66358,4.38356,-4.65812],"size":[1.87688,0.37537,9.83063],"pivot":[1.60201,4.38356,5.1725],"rotation":[5.003,-2.0574,-45.1744],"uv":{"south":{"uv":[60,59],"uv_size":[2,1]},"down":{"uv":[17,38],"uv_size":[2,-9]}}},{"origin":[0.66358,4.38356,-4.65812],"size":[0.82688,0.37537,9.83063],"pivot":[1.60201,4.38356,5.1725],"rotation":[5.003,2.0574,-44.8256],"uv":{"south":{"uv":[52,62],"uv_size":[1,1]},"down":{"uv":[3,52],"uv_size":[1,-9]}}},{"origin":[-2.54047,4.38352,-4.65812],"size":[1.87688,0.37538,9.83063],"pivot":[-1.60198,4.38352,5.1725],"rotation":[5.003,-2.0574,44.8256],"uv":{"south":{"uv":[61,0],"uv_size":[2,1]},"down":{"uv":[29,37],"uv_size":[2,-9]}}},{"origin":[-2.54047,4.38352,-4.65812],"size":[0.82688,0.37538,9.83063],"pivot":[-1.60198,4.38352,5.1725],"rotation":[5.003,2.0574,45.1744],"uv":{"south":{"uv":[53,62],"uv_size":[1,1]},"down":{"uv":[24,53],"uv_size":[1,-9]}}},{"origin":[-2.26559,5.04714,-4.65812],"size":[0.37537,0.82688,9.83063],"pivot":[-2.26559,5.98558,5.1725],"rotation":[2.065,5,0],"uv":{"east":{"uv":[44,4],"uv_size":[9,1]},"south":{"uv":[62,54],"uv_size":[1,1]}}},{"origin":[-2.26559,5.04714,-4.65812],"size":[0.37537,1.87688,9.83063],"pivot":[-2.26559,5.98558,5.1725],"rotation":[-2.065,5,0],"uv":{"east":{"uv":[27,5],"uv_size":[9,2]},"south":{"uv":[53,60],"uv_size":[1,2]}}},{"origin":[0.66358,7.21221,-4.65812],"size":[1.87687,0.37538,9.83063],"pivot":[1.60201,7.58759,5.1725],"rotation":[-5.003,2.0574,44.8256],"uv":{"south":{"uv":[61,2],"uv_size":[2,1]},"up":{"uv":[12,30],"uv_size":[2,9]}}},{"origin":[1.71358,7.21221,-4.65812],"size":[0.82687,0.37538,9.83063],"pivot":[1.60201,7.58759,5.1725],"rotation":[-5.003,-2.0574,45.1744],"uv":{"south":{"uv":[62,56],"uv_size":[1,1]},"up":{"uv":[10,45],"uv_size":[1,9]}}},{"origin":[-2.54047,7.21225,-4.65812],"size":[1.87688,0.37537,9.83063],"pivot":[-1.60198,7.58762,5.1725],"rotation":[-5.003,-2.0574,-44.8256],"uv":{"up":{"uv":[2,31],"uv_size":[2,9]}}},{"origin":[-2.54047,7.21225,-4.65812],"size":[0.82688,0.37537,9.83063],"pivot":[-1.60198,7.58762,5.1725],"rotation":[-5.003,2.0574,-45.1744],"uv":{"south":{"uv":[58,62],"uv_size":[1,1]},"up":{"uv":[12,45],"uv_size":[1,9]}}},{"origin":[-0.93844,7.87579,-4.65812],"size":[1.87688,0.37537,9.83063],"pivot":[0,8.25116,5.1725],"rotation":[-5.003,-2.0574,0.1744],"uv":{"south":{"uv":[61,12],"uv_size":[2,1]},"up":{"uv":[31,28],"uv_size":[2,9]}}},{"origin":[-0.93844,7.87579,-4.65812],"size":[0.82688,0.37537,9.83063],"pivot":[0,8.25116,5.1725],"rotation":[-5.003,2.0574,-0.1744],"uv":{"up":{"uv":[19,45],"uv_size":[1,9]}}},{"origin":[1.89021,5.04714,-4.65812],"size":[0.37538,1.87688,9.83063],"pivot":[2.26559,5.98558,5.1725],"rotation":[-2.065,-5,0],"uv":{"south":{"uv":[5,61],"uv_size":[1,2]},"west":{"uv":[32,16],"uv_size":[9,2]}}},{"origin":[1.89021,5.04714,-4.65812],"size":[0.37538,0.82688,9.83063],"pivot":[2.26559,5.98558,5.1725],"rotation":[2.065,-5,0],"uv":{"south":{"uv":[60,62],"uv_size":[1,1]},"west":{"uv":[46,27],"uv_size":[9,1]}}},{"origin":[-0.90839,3.76423,4.76367],"size":[1.81678,4.38603,8.1795],"uv":{"south":{"uv":[22,47],"uv_size":[2,4]},"up":{"uv":[21,32],"uv_size":[2,8]},"down":{"uv":[23,40],"uv_size":[2,-8]}}},{"origin":[-1.33666,4.33937,4.76367],"size":[1.81678,4.38603,8.1795],"pivot":[0.48012,6.76174,3.75535],"rotation":[0,0,-45],"uv":{"south":{"uv":[41,47],"uv_size":[2,4]},"up":{"uv":[25,32],"uv_size":[2,8]},"down":{"uv":[10,41],"uv_size":[2,-8]}}},{"origin":[-1.51393,4.2659,4.76367],"size":[1.81678,4.38603,8.1795],"pivot":[-0.90834,5.47709,7.38892],"rotation":[0,0,45],"uv":{"south":{"uv":[48,33],"uv_size":[2,4]},"up":{"uv":[33,33],"uv_size":[2,8]},"down":{"uv":[6,42],"uv_size":[2,-8]}}},{"origin":[-2.19298,5.04881,4.76367],"size":[4.38603,1.81678,8.1795],"uv":{"east":{"uv":[34,7],"uv_size":[8,2]},"south":{"uv":[49,5],"uv_size":[4,2]},"west":{"uv":[34,9],"uv_size":[8,2]}}},{"origin":[-2.36292,6.43102,6.23661],"size":[2.16328,1.65249,2.1],"pivot":[-2.36292,8.08351,8.33661],"rotation":[-9.9162,-1.2988,-7.3873],"uv":{"north":{"uv":[55,0],"uv_size":[2,2]},"east":{"uv":[55,4],"uv_size":[2,2]},"south":{"uv":[8,55],"uv_size":[2,2]},"up":{"uv":[55,13],"uv_size":[2,2]}}},{"origin":[-1.08164,3.58694,6.86661],"size":[2.16328,4.80249,4.2],"uv":{"north":{"uv":[22,42],"uv_size":[2,5]},"south":{"uv":[42,28],"uv_size":[2,5]},"up":{"uv":[49,19],"uv_size":[2,4]},"down":{"uv":[49,50],"uv_size":[2,-4]}}},{"origin":[-1.29167,3.37694,8.23161],"size":[2.58331,5.53749,1.05],"uv":{"north":{"uv":[39,42],"uv_size":[2,5]},"east":{"uv":[3,52],"uv_size":[1,5]},"south":{"uv":[41,42],"uv_size":[2,5]},"west":{"uv":[14,52],"uv_size":[1,5]},"up":{"uv":[61,13],"uv_size":[2,1]},"down":{"uv":[61,15],"uv_size":[2,-1]}}},{"origin":[-1.29167,5.71535,12.36994],"size":[2.58331,1.05,1.05],"pivot":[1.29164,11.56784,13.41994],"rotation":[-45,0,0],"uv":{"east":{"uv":[62,60],"uv_size":[1,1]},"west":{"uv":[61,62],"uv_size":[1,1]},"up":{"uv":[18,61],"uv_size":[2,1]}}},{"origin":[-3.24492,5.2669,6.86661],"size":[2.16328,3.12253,4.2],"pivot":[-1.08164,8.38943,6.86661],"rotation":[0,0,-35],"uv":{"north":{"uv":[53,0],"uv_size":[2,3]},"south":{"uv":[53,4],"uv_size":[2,3]},"up":{"uv":[5,50],"uv_size":[2,4]}}},{"origin":[-3.24492,3.58694,6.86661],"size":[2.16328,3.12253,4.2],"pivot":[-1.08164,3.58694,11.06661],"rotation":[0,0,35],"uv":{"north":{"uv":[24,53],"uv_size":[2,3]},"south":{"uv":[53,28],"uv_size":[2,3]},"down":{"uv":[29,54],"uv_size":[2,-4]}}},{"origin":[1.08164,5.2669,6.86661],"size":[2.16328,3.12253,4.2],"pivot":[1.08164,8.38943,6.86661],"rotation":[0,0,35],"uv":{"north":{"uv":[43,53],"uv_size":[2,3]},"south":{"uv":[53,46],"uv_size":[2,3]},"up":{"uv":[31,50],"uv_size":[2,4]}}},{"origin":[-0.99089,3.58694,6.86661],"size":[2.07253,2.16328,4.2],"pivot":[1.08164,3.58694,6.86661],"rotation":[0,0,55],"uv":{"north":{"uv":[55,19],"uv_size":[2,2]},"south":{"uv":[55,25],"uv_size":[2,2]},"west":{"uv":[45,50],"uv_size":[4,2]}}},{"origin":[-2.85305,4.82775,6.86661],"size":[5.70675,2.3205,4.2],"uv":{"north":{"uv":[42,33],"uv_size":[5,2]},"east":{"uv":[51,15],"uv_size":[4,2]},"south":{"uv":[43,35],"uv_size":[5,2]},"west":{"uv":[51,19],"uv_size":[4,2]}}},{"origin":[-3.27305,4.82775,8.23161],"size":[6.54675,2.3205,1.05],"uv":{"north":{"uv":[18,40],"uv_size":[6,2]},"east":{"uv":[61,19],"uv_size":[1,2]},"west":{"uv":[61,21],"uv_size":[1,2]}}},{"origin":[3.07267,4.82775,9.63326],"size":[1.05,2.3205,1.05],"pivot":[4.12267,6.99703,8.43264],"rotation":[0,-45,0],"uv":{"west":{"uv":[28,61],"uv_size":[1,2]},"up":{"uv":[62,62],"uv_size":[1,1]},"down":{"uv":[0,64],"uv_size":[1,-1]}}},{"origin":[-1.98916,4.82775,9.63326],"size":[1.05,2.3205,1.05],"pivot":[-0.93916,6.99703,8.43264],"rotation":[0,-45,0],"uv":{"south":{"uv":[34,61],"uv_size":[1,2]},"up":{"uv":[63,0],"uv_size":[1,1]},"down":{"uv":[1,64],"uv_size":[1,-1]}}},{"origin":[-0.12305,4.82775,8.23161],"size":[3.39675,2.3205,1.05],"pivot":[3.2737,7.14825,8.23161],"rotation":[0,0,30],"uv":{"north":{"uv":[53,23],"uv_size":[3,2]},"south":{"uv":[53,31],"uv_size":[3,2]},"up":{"uv":[56,3],"uv_size":[3,1]}}},{"origin":[-2.56788,2.81849,8.23161],"size":[2.34675,2.3205,1.05],"pivot":[0.82887,5.13899,8.23161],"rotation":[0,0,30],"uv":{"north":{"uv":[55,27],"uv_size":[2,2]},"south":{"uv":[55,29],"uv_size":[2,2]},"down":{"uv":[61,43],"uv_size":[2,-1]}}},{"origin":[-0.37398,5.04186,8.23161],"size":[2.34675,2.3205,1.05],"pivot":[3.02277,7.36236,8.23161],"rotation":[0,0,-30],"uv":{"north":{"uv":[55,33],"uv_size":[2,2]},"south":{"uv":[35,55],"uv_size":[2,2]},"down":{"uv":[51,62],"uv_size":[2,-1]}}},{"origin":[-3.72813,6.52612,8.23161],"size":[3.39675,2.3205,1.05],"pivot":[-0.33138,8.84662,8.23161],"rotation":[0,0,-30],"uv":{"north":{"uv":[51,53],"uv_size":[3,2]},"south":{"uv":[0,54],"uv_size":[3,2]},"up":{"uv":[10,56],"uv_size":[3,1]}}},{"origin":[-0.98984,8.46315,-9.68638],"size":[1.26,1.30452,7.16321],"pivot":[-0.67484,10.08271,-2.57565],"rotation":[-3.054,-5.9085,1.0456],"uv":{"north":{"uv":[63,1],"uv_size":[1,1]},"east":{"uv":[49,3],"uv_size":[7,1]},"west":{"uv":[50,17],"uv_size":[7,1]},"up":{"uv":[31,7],"uv_size":[1,7]}}},{"origin":[-0.67798,8.47495,-9.63234],"size":[0.63,1.30452,7.21571],"pivot":[-0.67798,10.06826,-2.54786],"rotation":[-3.054,-5.9085,1.0456],"uv":{"north":{"uv":[63,2],"uv_size":[1,1]},"east":{"uv":[51,21],"uv_size":[7,1]},"west":{"uv":[51,22],"uv_size":[7,1]},"up":{"uv":[15,51],"uv_size":[1,7]}}},{"origin":[-1.995,6.39581,-2.73633],"size":[1.26,1.72456,9.52573],"pivot":[-1.68,8.12037,6.7894],"rotation":[-10.054,-5.9085,1.0456],"uv":{"east":{"uv":[32,25],"uv_size":[9,2]},"west":{"uv":[33,27],"uv_size":[9,2]},"up":{"uv":[36,45],"uv_size":[1,9]}}},{"origin":[-1.68,6.42206,-2.63133],"size":[0.63,1.72456,9.52573],"pivot":[-1.68,8.12037,6.7894],"rotation":[-10.054,-5.9085,1.0456],"uv":{"east":{"uv":[33,29],"uv_size":[9,2]},"west":{"uv":[33,31],"uv_size":[9,2]},"up":{"uv":[38,45],"uv_size":[1,9]}}},{"origin":[-1.4445,2.51081,-7.77633],"size":[2.88901,6.97456,4.27573],"uv":{"north":{"uv":[20,19],"uv_size":[3,7]},"south":{"uv":[12,23],"uv_size":[3,7]},"up":{"uv":[24,40],"uv_size":[3,4]},"down":{"uv":[10,45],"uv_size":[3,-4]}}},{"origin":[-1.75947,3.24581,-7.88133],"size":[3.51897,5.50452,1.12573],"uv":{"north":{"uv":[34,11],"uv_size":[3,5]}}},{"origin":[-2.23344,3.98081,-7.88133],"size":[0.47397,4.03452,1.12573],"uv":{"north":{"uv":[4,55],"uv_size":[1,4]}}},{"origin":[1.75949,3.98081,-7.88133],"size":[0.47397,4.03452,1.12573],"uv":{"north":{"uv":[45,55],"uv_size":[1,4]}}},{"origin":[-2.70741,4.29581,-7.88133],"size":[0.47397,3.40452,1.12573],"uv":{"north":{"uv":[13,56],"uv_size":[1,3]}}},{"origin":[2.23346,4.29581,-7.88133],"size":[0.47397,3.40452,1.12573],"uv":{"north":{"uv":[32,56],"uv_size":[1,3]}}},{"origin":[-2.12553,3.42539,-7.77633],"size":[2.88901,6.97456,4.27573],"pivot":[0.76347,7.27739,-9.37973],"rotation":[0,0,-45],"uv":{"north":{"uv":[23,19],"uv_size":[3,7]},"south":{"uv":[0,24],"uv_size":[3,7]},"up":{"uv":[33,41],"uv_size":[3,4]},"down":{"uv":[36,45],"uv_size":[3,-4]}}},{"origin":[-2.40742,3.30856,-7.77633],"size":[2.88901,6.97456,4.27573],"pivot":[-1.44442,5.23456,-3.60172],"rotation":[0,0,45],"uv":{"north":{"uv":[24,0],"uv_size":[3,7]},"south":{"uv":[3,24],"uv_size":[3,7]},"up":{"uv":[4,42],"uv_size":[3,4]},"down":{"uv":[42,11],"uv_size":[3,-4]}}},{"origin":[-3.48722,4.55353,-7.77633],"size":[6.97456,2.88901,4.27573],"uv":{"north":{"uv":[24,7],"uv_size":[7,3]},"east":{"uv":[18,42],"uv_size":[4,3]},"south":{"uv":[15,26],"uv_size":[7,3]},"west":{"uv":[42,25],"uv_size":[4,3]}}},{"origin":[-1.32537,2.78891,-8.63734],"size":[2.65075,0.53015,1.40024],"uv":{"north":{"uv":[56,24],"uv_size":[3,1]},"up":{"uv":[56,32],"uv_size":[3,1]},"down":{"uv":[56,42],"uv_size":[3,-1]}}},{"origin":[0.54899,4.66327,-8.63734],"size":[2.65075,0.53015,1.40024],"pivot":[3.19974,4.66328,-7.54534],"rotation":[0,0,-45],"uv":{"north":{"uv":[56,46],"uv_size":[3,1]},"up":{"uv":[56,48],"uv_size":[3,1]},"down":{"uv":[51,57],"uv_size":[3,-1]}}},{"origin":[-2.91582,3.2281,-8.63734],"size":[2.65075,0.53015,1.40024],"pivot":[-1.32537,4.2884,-5.45644],"rotation":[0,0,45],"uv":{"north":{"uv":[56,54],"uv_size":[3,1]},"up":{"uv":[56,56],"uv_size":[3,1]},"down":{"uv":[57,1],"uv_size":[3,-1]}}},{"origin":[1.32537,8.6554,-9.75494],"size":[2.65075,0.53015,2.49224],"pivot":[1.32537,9.18555,-9.75494],"rotation":[0,0,45],"uv":{"north":{"uv":[57,1],"uv_size":[3,1]},"up":{"uv":[5,54],"uv_size":[3,2]},"down":{"uv":[54,9],"uv_size":[3,-2]}}},{"origin":[-3.97612,8.6554,-9.75494],"size":[2.65075,0.53015,2.49224],"pivot":[-1.32537,9.18555,-6.57405],"rotation":[0,0,-45],"uv":{"north":{"uv":[5,57],"uv_size":[3,1]},"up":{"uv":[54,9],"uv_size":[3,2]},"down":{"uv":[10,56],"uv_size":[3,-2]}}},{"origin":[-1.32537,8.6554,-9.75494],"size":[2.65075,0.53015,2.49224],"uv":{"north":{"uv":[57,7],"uv_size":[3,1]},"up":{"uv":[17,54],"uv_size":[3,2]},"down":{"uv":[20,56],"uv_size":[3,-2]}}},{"origin":[-3.19974,4.38207,-9.7652],"size":[0.53015,2.38056,1.092],"pivot":[-2.66959,6.78447,-9.7652],"rotation":[28,0,0],"uv":{"north":{"uv":[57,61],"uv_size":[1,2]},"east":{"uv":[4,62],"uv_size":[1,2]},"west":{"uv":[7,62],"uv_size":[1,2]}}},{"origin":[2.66959,4.38207,-9.7652],"size":[0.53015,2.38056,1.092],"pivot":[3.19974,6.78447,-9.7652],"rotation":[28,0,0],"uv":{"north":{"uv":[62,7],"uv_size":[1,2]},"east":{"uv":[8,62],"uv_size":[1,2]},"west":{"uv":[62,9],"uv_size":[1,2]}}},{"origin":[-3.19974,4.66327,-8.63734],"size":[0.53015,2.10472,1.40024],"uv":{"east":{"uv":[11,62],"uv_size":[1,2]},"west":{"uv":[13,62],"uv_size":[1,2]}}},{"origin":[2.66959,4.66327,-8.63734],"size":[0.53015,2.10472,1.40024],"uv":{"east":{"uv":[15,62],"uv_size":[1,2]},"west":{"uv":[17,62],"uv_size":[1,2]}}},{"origin":[-3.19974,6.76518,-9.75494],"size":[0.53015,0.546,2.49224],"uv":{"north":{"uv":[28,63],"uv_size":[1,1]},"east":{"uv":[62,5],"uv_size":[2,1]},"west":{"uv":[62,11],"uv_size":[2,1]}}},{"origin":[2.66959,6.76518,-9.75494],"size":[0.53015,0.546,2.49224],"uv":{"north":{"uv":[63,29],"uv_size":[1,1]},"east":{"uv":[62,17],"uv_size":[2,1]},"west":{"uv":[62,19],"uv_size":[2,1]}}},{"origin":[-2.08379,5.54093,10.52928],"size":[0.36927,0.83244,3.15],"pivot":[0.00874,5.95715,15.20669],"rotation":[0,0,22.5],"uv":{"east":{"uv":[57,8],"uv_size":[3,1]},"south":{"uv":[31,63],"uv_size":[1,1]},"west":{"uv":[57,9],"uv_size":[3,1]}}},{"origin":[-2.08379,5.54095,10.52928],"size":[0.36927,0.83244,3.15],"uv":{"east":{"uv":[57,10],"uv_size":[3,1]},"south":{"uv":[32,63],"uv_size":[1,1]},"west":{"uv":[57,11],"uv_size":[3,1]}}},{"origin":[-2.08379,5.54096,10.52928],"size":[0.36927,0.83244,3.15],"pivot":[0.00874,5.95718,15.20669],"rotation":[0,0,-22.5],"uv":{"east":{"uv":[57,12],"uv_size":[3,1]},"south":{"uv":[33,63],"uv_size":[1,1]},"west":{"uv":[57,13],"uv_size":[3,1]}}},{"origin":[1.73192,5.54096,10.52928],"size":[0.36927,0.83244,3.15],"pivot":[0.00866,5.95718,15.20669],"rotation":[0,0,22.5],"uv":{"east":{"uv":[17,57],"uv_size":[3,1]},"south":{"uv":[34,63],"uv_size":[1,1]},"west":{"uv":[57,17],"uv_size":[3,1]}}},{"origin":[1.73191,5.54095,10.52928],"size":[0.36927,0.83244,3.15],"uv":{"east":{"uv":[57,19],"uv_size":[3,1]},"south":{"uv":[35,63],"uv_size":[1,1]},"west":{"uv":[57,20],"uv_size":[3,1]}}},{"origin":[1.73192,5.54093,10.52928],"size":[0.36927,0.83244,3.15],"pivot":[0.00866,5.95715,15.20669],"rotation":[0,0,-22.5],"uv":{"east":{"uv":[26,57],"uv_size":[3,1]},"south":{"uv":[36,63],"uv_size":[1,1]},"west":{"uv":[57,28],"uv_size":[3,1]}}},{"origin":[-0.40755,7.6804,10.52928],"size":[0.83244,0.36927,3.15],"pivot":[0.00867,5.95714,15.20669],"rotation":[0,0,45],"uv":{"south":{"uv":[37,63],"uv_size":[1,1]},"up":{"uv":[36,57],"uv_size":[1,3]},"down":{"uv":[57,41],"uv_size":[1,-3]}}},{"origin":[-0.40754,7.68039,10.52928],"size":[0.83244,0.36927,3.15],"pivot":[0.00868,5.95713,15.20669],"rotation":[0,0,22.5],"uv":{"south":{"uv":[38,63],"uv_size":[1,1]},"up":{"uv":[51,57],"uv_size":[1,3]},"down":{"uv":[52,60],"uv_size":[1,-3]}}},{"origin":[-0.40752,7.68038,10.52928],"size":[0.83244,0.36927,3.15],"uv":{"south":{"uv":[39,63],"uv_size":[1,1]},"up":{"uv":[53,57],"uv_size":[1,3]},"down":{"uv":[5,61],"uv_size":[1,-3]}}},{"origin":[-0.40751,7.68039,10.52928],"size":[0.83244,0.36927,3.15],"pivot":[0.00871,5.95713,15.20669],"rotation":[0,0,-22.5],"uv":{"south":{"uv":[40,63],"uv_size":[1,1]},"up":{"uv":[9,58],"uv_size":[1,3]},"down":{"uv":[10,61],"uv_size":[1,-3]}}},{"origin":[-0.40749,7.6804,10.52928],"size":[0.83244,0.36927,3.15],"pivot":[0.00873,5.95714,15.20669],"rotation":[0,0,-45],"uv":{"south":{"uv":[41,63],"uv_size":[1,1]},"up":{"uv":[18,58],"uv_size":[1,3]},"down":{"uv":[19,61],"uv_size":[1,-3]}}},{"origin":[-0.40749,3.86467,10.52928],"size":[0.83244,0.36927,3.15],"pivot":[0.00873,5.9572,15.20669],"rotation":[0,0,45],"uv":{"south":{"uv":[42,63],"uv_size":[1,1]},"up":{"uv":[58,25],"uv_size":[1,3]},"down":{"uv":[26,61],"uv_size":[1,-3]}}},{"origin":[-0.40751,3.86468,10.52928],"size":[0.83244,0.36927,3.15],"pivot":[0.00871,5.95721,15.20669],"rotation":[0,0,22.5],"uv":{"south":{"uv":[43,63],"uv_size":[1,1]},"up":{"uv":[27,58],"uv_size":[1,3]},"down":{"uv":[28,61],"uv_size":[1,-3]}}},{"origin":[-0.40752,3.86468,10.52928],"size":[0.83244,0.36927,3.15],"uv":{"south":{"uv":[44,63],"uv_size":[1,1]},"up":{"uv":[33,58],"uv_size":[1,3]},"down":{"uv":[34,61],"uv_size":[1,-3]}}},{"origin":[-0.40754,3.86468,10.52928],"size":[0.83244,0.36927,3.15],"pivot":[0.00868,5.95721,15.20669],"rotation":[0,0,-22.5],"uv":{"south":{"uv":[45,63],"uv_size":[1,1]},"up":{"uv":[58,38],"uv_size":[1,3]},"down":{"uv":[39,61],"uv_size":[1,-3]}}},{"origin":[-0.40755,3.86467,10.52928],"size":[0.83244,0.36927,3.15],"pivot":[0.00867,5.9572,15.20669],"rotation":[0,0,-45],"uv":{"south":{"uv":[46,63],"uv_size":[1,1]},"up":{"uv":[58,43],"uv_size":[1,3]},"down":{"uv":[49,61],"uv_size":[1,-3]}}}]},{"name":"back_glass","parent":"root","pivot":[0,7.77525,12.13597],"cubes":[{"origin":[-1.82524,5.07859,12.4457],"size":[0.29883,1.78081,0.5088],"uv":{"south":{"uv":[62,22],"uv_size":[1,2]}}},{"origin":[1.52638,5.07859,12.4457],"size":[0.29883,1.78081,0.5088],"uv":{"south":{"uv":[25,62],"uv_size":[1,2]}}},{"origin":[1.01761,4.52053,12.4457],"size":[0.5088,2.8665,0.5088],"uv":{"south":{"uv":[55,58],"uv_size":[1,3]}}},{"origin":[-1.52641,4.5484,12.4457],"size":[0.5088,2.814,0.5088],"uv":{"south":{"uv":[0,59],"uv_size":[1,3]}}},{"origin":[-1.01761,4.18899,12.4457],"size":[2.03522,3.50102,0.5088],"uv":{"south":{"uv":[28,54],"uv_size":[2,3]}}}]},{"name":"glass_shape","parent":"root","pivot":[0.01155,6.07037,13.47023],"cubes":[{"origin":[-0.72405,3.97311,11.87124],"size":[0.68788,3.45826,1.05893],"pivot":[-0.49661,6.28796,16.97096],"rotation":[0,0,-45],"uv":{"south":{"uv":[8,59],"uv_size":[1,3]}}},{"origin":[-0.55929,4.13787,11.87124],"size":[0.68788,3.45826,1.05893],"pivot":[-0.33185,6.45272,16.97096],"rotation":[0,0,-22.5],"uv":{"south":{"uv":[17,59],"uv_size":[1,3]}}},{"origin":[-0.34402,4.22703,11.87124],"size":[0.68788,3.45826,1.05893],"uv":{"south":{"uv":[25,59],"uv_size":[1,3]}}},{"origin":[-0.11101,4.22703,11.87124],"size":[0.68788,3.45826,1.05893],"pivot":[0.11643,6.54188,16.97096],"rotation":[0,0,22.5],"uv":{"south":{"uv":[37,59],"uv_size":[1,3]}}},{"origin":[0.10425,4.13786,11.87124],"size":[0.68788,3.45826,1.05893],"pivot":[0.33169,6.45271,16.97096],"rotation":[0,0,45],"uv":{"south":{"uv":[41,59],"uv_size":[1,3]}}},{"origin":[-1.72923,5.37922,11.87124],"size":[3.45826,0.68788,1.05893],"pivot":[-0.58581,5.83967,16.97096],"rotation":[0,0,-22.5],"uv":{"south":{"uv":[58,53],"uv_size":[3,1]}}},{"origin":[-1.72919,5.61227,11.87124],"size":[3.45826,0.68786,1.05893],"uv":{"south":{"uv":[59,31],"uv_size":[3,1]}}},{"origin":[-1.64002,5.82751,11.87124],"size":[3.45826,0.68788,1.05893],"pivot":[-0.49661,6.28795,16.97096],"rotation":[0,0,22.5],"uv":{"south":{"uv":[59,43],"uv_size":[3,1]}}}]},{"name":"back_ground","parent":"root","pivot":[0,5.95718,-5.905]}]}]}