{"format_version":"1.12.0","minecraft:geometry":[{"description":{"identifier":"geometry.unknown","texture_width":128,"texture_height":128,"visible_bounds_width":3,"visible_bounds_height":2.5,"visible_bounds_offset":[0,0.75,0]},"bones":[{"name":"root","pivot":[0,0,0]},{"name":"handguard","parent":"root","pivot":[0,0,0],"cubes":[{"origin":[-2.95,1.85,-12.65],"size":[5.8,1.5,18],"uv":{"north":{"uv":[62,11],"uv_size":[6,2]},"east":{"uv":[39,41],"uv_size":[18,2]},"south":{"uv":[62,13],"uv_size":[6,2]},"west":{"uv":[42,20],"uv_size":[18,2]},"up":{"uv":[26,12],"uv_size":[6,18]}}},{"origin":[-2.95,-3.65,-12.65],"size":[5.8,5.5,26.75],"uv":{"north":{"uv":[42,22],"uv_size":[6,6]},"east":{"uv":[0,0],"uv_size":[27,6]},"south":{"uv":[42,28],"uv_size":[6,6]},"west":{"uv":[0,6],"uv_size":[27,6]},"up":{"uv":[0,12],"uv_size":[6,27]}}},{"origin":[-3.45,-3.55,-10.15],"size":[6.8,1.5,15.5],"uv":{"east":{"uv":[48,22],"uv_size":[16,2]},"west":{"uv":[48,24],"uv_size":[16,2]}}},{"origin":[-3.45,-3.55,5.35],"size":[0.5,1.5,1],"pivot":[-3.45,-2.05,5.35],"rotation":[0,30,0],"uv":{"east":{"uv":[31,73],"uv_size":[1,2]},"up":{"uv":[73,31],"uv_size":[1,1]},"down":{"uv":[25,76],"uv_size":[1,-1]}}},{"origin":[-2.95,-3.55,-11.01603],"size":[0.5,1.5,1],"pivot":[-2.95,-2.05,-11.01603],"rotation":[0,-30,0],"uv":{"east":{"uv":[48,73],"uv_size":[1,2]},"up":{"uv":[75,25],"uv_size":[1,1]},"down":{"uv":[26,76],"uv_size":[1,-1]}}},{"origin":[2.91699,-3.55,5.1],"size":[0.5,1.5,1],"pivot":[2.91699,-2.05,5.1],"rotation":[0,-30,0],"uv":{"west":{"uv":[70,73],"uv_size":[1,2]},"up":{"uv":[75,28],"uv_size":[1,1]},"down":{"uv":[75,30],"uv_size":[1,-1]}}},{"origin":[2.41699,-3.55,-10.76603],"size":[0.5,1.5,1],"pivot":[2.41699,-2.05,-10.76603],"rotation":[0,30,0],"uv":{"west":{"uv":[74,11],"uv_size":[1,2]},"up":{"uv":[30,75],"uv_size":[1,1]},"down":{"uv":[75,31],"uv_size":[1,-1]}}},{"origin":[2.85,-5.05,-10.15],"size":[0.5,1.5,15.5],"pivot":[3.35,-3.55,-10.15],"rotation":[0,0,60],"uv":{"north":{"uv":[74,22],"uv_size":[1,2]},"south":{"uv":[74,24],"uv_size":[1,2]},"west":{"uv":[48,28],"uv_size":[16,2]}}},{"origin":[-3.7,-4.61699,-10.15],"size":[0.5,1.5,15.5],"pivot":[-3.2,-3.11699,-10.15],"rotation":[0,0,-60],"uv":{"north":{"uv":[74,28],"uv_size":[1,2]},"east":{"uv":[48,30],"uv_size":[16,2]},"south":{"uv":[74,30],"uv_size":[1,2]}}},{"origin":[2.85,-2.05,-10.15],"size":[0.5,1,15.5],"pivot":[3.35,-2.05,-10.15],"rotation":[0,0,-30],"uv":{"north":{"uv":[31,75],"uv_size":[1,1]},"south":{"uv":[75,31],"uv_size":[1,1]},"west":{"uv":[54,59],"uv_size":[16,1]}}},{"origin":[-3.51699,-2.3,-10.15],"size":[0.5,1,15.5],"pivot":[-3.01699,-2.3,-10.15],"rotation":[0,0,30],"uv":{"north":{"uv":[32,75],"uv_size":[1,1]},"east":{"uv":[60,20],"uv_size":[16,1]},"south":{"uv":[33,75],"uv_size":[1,1]}}},{"origin":[-2.55,1.35,-14.65],"size":[5,2.25,20.495],"uv":{"north":{"uv":[27,10],"uv_size":[5,2]},"east":{"uv":[41,16],"uv_size":[20,2]},"south":{"uv":[64,36],"uv_size":[5,2]},"west":{"uv":[41,18],"uv_size":[20,2]},"down":{"uv":[31,50],"uv_size":[5,-20]}}},{"origin":[-1.55,3.6,-14.65],"size":[3,1.6,20.5],"uv":{"north":{"uv":[27,69],"uv_size":[3,2]},"east":{"uv":[36,4],"uv_size":[21,2]},"south":{"uv":[69,37],"uv_size":[3,2]},"west":{"uv":[36,6],"uv_size":[21,2]},"up":{"uv":[9,39],"uv_size":[3,21]}}},{"origin":[0.95008,5.39282,-14.65],"size":[0.5,0.5,20.5],"pivot":[1.45008,5.39282,-14.65],"rotation":[0,0,45],"uv":{"north":{"uv":[75,34],"uv_size":[1,1]},"south":{"uv":[35,75],"uv_size":[1,1]},"west":{"uv":[57,41],"uv_size":[21,1]},"up":{"uv":[49,57],"uv_size":[1,21]}}},{"origin":[0.95008,5.19992,-14.65],"size":[0.5,0.9,20.5],"uv":{"north":{"uv":[75,35],"uv_size":[1,1]},"east":{"uv":[57,42],"uv_size":[21,1]},"south":{"uv":[75,36],"uv_size":[1,1]},"west":{"uv":[51,57],"uv_size":[21,1]},"up":{"uv":[14,58],"uv_size":[1,21]}}},{"origin":[-1.54992,5.19992,-14.65],"size":[0.5,0.9,20.5],"uv":{"north":{"uv":[75,37],"uv_size":[1,1]},"east":{"uv":[58,0],"uv_size":[21,1]},"south":{"uv":[75,38],"uv_size":[1,1]},"west":{"uv":[58,1],"uv_size":[21,1]},"up":{"uv":[16,58],"uv_size":[1,21]}}},{"origin":[-2.04992,5.39282,-14.65],"size":[0.5,0.5,20.5],"pivot":[-1.54992,5.39282,-14.65],"rotation":[0,0,45],"uv":{"north":{"uv":[39,75],"uv_size":[1,1]},"east":{"uv":[58,2],"uv_size":[21,1]},"south":{"uv":[75,39],"uv_size":[1,1]},"down":{"uv":[19,79],"uv_size":[1,-21]}}},{"origin":[1.45,3.6,-14.65],"size":[1,1.803,20.5],"pivot":[2.45,3.6,-14.65],"rotation":[0,0,-45],"uv":{"north":{"uv":[34,74],"uv_size":[1,2]},"south":{"uv":[46,74],"uv_size":[1,2]},"west":{"uv":[41,10],"uv_size":[21,2]}}},{"origin":[-2.55,3.6,-14.65],"size":[1,1.803,20.5],"pivot":[-2.55,3.6,-14.65],"rotation":[0,0,45],"uv":{"north":{"uv":[47,74],"uv_size":[1,2]},"east":{"uv":[41,12],"uv_size":[21,2]},"south":{"uv":[51,74],"uv_size":[1,2]}}},{"origin":[-2.9495,-3.65,2.35],"size":[5.799,1.5,5.75],"pivot":[2.85,-3.65,2.35],"rotation":[-20,0,0],"uv":{"east":{"uv":[62,61],"uv_size":[6,2]},"west":{"uv":[61,63],"uv_size":[6,2]},"down":{"uv":[36,49],"uv_size":[6,-6]}}},{"origin":[-2.9495,-5.61662,7.25323],"size":[5.799,1.5,3.5],"pivot":[2.85,-5.61662,7.75323],"rotation":[-32.5,0,0],"uv":{"east":{"uv":[68,17],"uv_size":[4,2]},"west":{"uv":[55,68],"uv_size":[4,2]},"down":{"uv":[49,55],"uv_size":[6,-4]}}},{"origin":[-2.95,-7.22851,10.28341],"size":[5.8,1.1,2.25],"uv":{"east":{"uv":[73,57],"uv_size":[2,1]},"west":{"uv":[74,50],"uv_size":[2,1]},"down":{"uv":[64,28],"uv_size":[6,-2]}}},{"origin":[-0.2,-5.1,-14],"size":[2,1,1.5],"pivot":[-0.2,-3.1,-14],"rotation":[0,0,-45],"uv":{"north":{"uv":[52,74],"uv_size":[2,1]},"down":{"uv":[70,60],"uv_size":[2,-2]}}},{"origin":[-2.9495,-7.22851,12.53341],"size":[5.799,1,1.905],"pivot":[-2.65,-7.22851,12.53341],"rotation":[35,0,0],"uv":{"east":{"uv":[74,64],"uv_size":[2,1]},"west":{"uv":[74,67],"uv_size":[2,1]},"down":{"uv":[64,32],"uv_size":[6,-2]}}},{"origin":[-2.7,-5.1,-14],"size":[1,2,1.5],"pivot":[-2.7,-3.1,-14],"rotation":[0,0,-45],"uv":{"north":{"uv":[68,74],"uv_size":[1,2]},"east":{"uv":[61,70],"uv_size":[2,2]}}},{"origin":[-1.28579,-4.51421,-14],"size":[2.5,1.5,1.5],"uv":{"north":{"uv":[69,67],"uv_size":[3,2]},"down":{"uv":[70,26],"uv_size":[3,-2]}}},{"origin":[-2.955,-6.15,8.6],"size":[5.81,2.5,5.5],"uv":{"east":{"uv":[58,34],"uv_size":[6,3]},"south":{"uv":[58,37],"uv_size":[6,3]},"west":{"uv":[58,48],"uv_size":[6,3]},"down":{"uv":[12,52],"uv_size":[6,-6]}}},{"origin":[-2.95,-4.65,6.6],"size":[5.8,1,2],"uv":{"east":{"uv":[74,74],"uv_size":[2,1]},"west":{"uv":[1,75],"uv_size":[2,1]}}},{"origin":[-1.95,-4.65,-12.65],"size":[3.8,1,26.75],"uv":{"north":{"uv":[70,60],"uv_size":[4,1]},"down":{"uv":[22,55],"uv_size":[4,-27]}}},{"origin":[1.85,-5.064,-12.65],"size":[1,1.414,26.75],"pivot":[2.85,-3.65,-12.65],"rotation":[0,0,45],"uv":{"north":{"uv":[40,75],"uv_size":[1,1]},"west":{"uv":[48,45],"uv_size":[27,1]}}},{"origin":[-2.95,-5.064,-12.65],"size":[1,1.414,26.745],"pivot":[-2.95,-3.65,-12.65],"rotation":[0,0,-45],"uv":{"north":{"uv":[41,75],"uv_size":[1,1]},"east":{"uv":[49,46],"uv_size":[27,1]}}},{"origin":[-2.7,-3.1,-14],"size":[5.32843,3.75,1.5],"uv":{"north":{"uv":[24,58],"uv_size":[5,4]},"east":{"uv":[6,66],"uv_size":[2,4]},"west":{"uv":[59,68],"uv_size":[2,4]},"up":{"uv":[64,38],"uv_size":[5,2]}}},{"origin":[-1.7,0.4,-13.5],"size":[3.32843,1,1],"uv":{"north":{"uv":[27,71],"uv_size":[3,1]},"east":{"uv":[43,75],"uv_size":[1,1]},"west":{"uv":[75,43],"uv_size":[1,1]}}},{"origin":[-1.5,-6.3296,-12.4],"size":[3,1.75,21.5],"uv":{"north":{"uv":[70,28],"uv_size":[3,2]},"east":{"uv":[36,0],"uv_size":[22,2]},"west":{"uv":[36,2],"uv_size":[22,2]},"down":{"uv":[6,61],"uv_size":[3,-22]}}},{"origin":[1.49497,-6.53463,-12.4],"size":[0.5,0.5,21.5],"pivot":[1.99497,-5.83463,-11.9],"rotation":[0,0,45],"uv":{"north":{"uv":[44,75],"uv_size":[1,1]},"west":{"uv":[57,7],"uv_size":[22,1]},"up":{"uv":[46,52],"uv_size":[1,22]}}},{"origin":[-1.50503,-6.53463,-12.4],"size":[0.5,0.5,21.5],"pivot":[-1.00503,-5.83463,-11.9],"rotation":[0,0,45],"uv":{"north":{"uv":[45,75],"uv_size":[1,1]},"east":{"uv":[57,8],"uv_size":[22,1]},"down":{"uv":[13,79],"uv_size":[1,-22]}}},{"origin":[-3.89289,-0.6858,-10.9],"size":[0.5,0.5,9.5],"pivot":[-3.39289,-0.1858,-10.4],"rotation":[0,0,45],"uv":{"north":{"uv":[48,75],"uv_size":[1,1]},"south":{"uv":[75,48],"uv_size":[1,1]},"west":{"uv":[64,50],"uv_size":[10,1]},"down":{"uv":[1,72],"uv_size":[1,-10]}}},{"origin":[-3.89289,2.3142,-10.9],"size":[0.5,0.5,9.5],"pivot":[-3.39289,2.8142,-10.4],"rotation":[0,0,45],"uv":{"north":{"uv":[75,49],"uv_size":[1,1]},"east":{"uv":[55,65],"uv_size":[10,1]},"south":{"uv":[52,75],"uv_size":[1,1]},"up":{"uv":[2,62],"uv_size":[1,10]}}},{"origin":[3.6,2.3142,-10.9],"size":[0.5,0.5,9.5],"pivot":[4.1,2.8142,-10.4],"rotation":[0,0,45],"uv":{"north":{"uv":[53,75],"uv_size":[1,1]},"east":{"uv":[55,66],"uv_size":[10,1]},"south":{"uv":[55,75],"uv_size":[1,1]},"up":{"uv":[31,62],"uv_size":[1,10]}}},{"origin":[3.6,-0.6858,-10.9],"size":[0.5,0.5,9.5],"pivot":[4.1,-0.1858,-10.4],"rotation":[0,0,45],"uv":{"north":{"uv":[56,75],"uv_size":[1,1]},"south":{"uv":[57,75],"uv_size":[1,1]},"west":{"uv":[67,63],"uv_size":[10,1]},"down":{"uv":[5,76],"uv_size":[1,-10]}}},{"origin":[-4.1,-0.1858,-10.9],"size":[8.2,3,9.5],"uv":{"north":{"uv":[39,49],"uv_size":[9,3]},"east":{"uv":[48,34],"uv_size":[10,3]},"south":{"uv":[49,48],"uv_size":[9,3]},"west":{"uv":[48,37],"uv_size":[10,3]},"up":{"uv":[27,0],"uv_size":[9,10]},"down":{"uv":[32,20],"uv_size":[9,-10]}}},{"origin":[-1.94844,1.825,5.6],"size":[3.897,2,1],"uv":{"east":{"uv":[8,75],"uv_size":[1,2]},"south":{"uv":[68,61],"uv_size":[4,2]},"west":{"uv":[75,11],"uv_size":[1,2]}}},{"origin":[0,3.95,5.6],"size":[2.25,1,1],"pivot":[0,4.95,6.1],"rotation":[0,0,30],"uv":{"south":{"uv":[75,14],"uv_size":[2,1]},"up":{"uv":[75,17],"uv_size":[2,1]}}},{"origin":[-2.25,3.95,5.6],"size":[2.25,1,1],"pivot":[0,4.95,6.1],"rotation":[0,0,-30],"uv":{"south":{"uv":[75,22],"uv_size":[2,1]},"up":{"uv":[75,23],"uv_size":[2,1]}}}]},{"name":"s_handguard_grip","parent":"handguard","pivot":[0,-6.3,-1.4]},{"name":"s_handguard_sight","parent":"handguard","pivot":[0,6,-4.4]},{"name":"s_handguard_left","parent":"handguard","pivot":[4.3,1.375,-6.15],"rotation":[0,0,-90]},{"name":"s_handguard_right","parent":"handguard","pivot":[-4.3,1.375,-6.15],"rotation":[0,0,90]},{"name":"rail","parent":"root","pivot":[0,0,0],"cubes":[{"origin":[-0.05,-1.25,-6.95],"size":[1,1.5,6],"uv":{"north":{"uv":[72,70],"uv_size":[1,1]},"south":{"uv":[73,25],"uv_size":[1,1]},"west":{"uv":[69,36],"uv_size":[6,1]},"down":{"uv":[26,75],"uv_size":[1,-6]}}},{"origin":[-0.05,-1.25,1.05],"size":[1,1.5,6.5],"uv":{"north":{"uv":[75,59],"uv_size":[1,1]},"south":{"uv":[60,75],"uv_size":[1,1]},"west":{"uv":[68,14],"uv_size":[7,1]},"down":{"uv":[24,76],"uv_size":[1,-7]}}},{"origin":[-0.05,0.25,-6.95],"size":[1.2,1.5,14.5],"uv":{"north":{"uv":[61,75],"uv_size":[1,1]},"south":{"uv":[75,61],"uv_size":[1,1]},"west":{"uv":[61,16],"uv_size":[15,1]},"up":{"uv":[3,61],"uv_size":[1,15]},"down":{"uv":[4,76],"uv_size":[1,-15]}}},{"origin":[0.15,1.75,5.05],"size":[0.8,5.3,2.5],"pivot":[0.95,1.75,7.55],"rotation":[18,0,0],"uv":{"north":{"uv":[55,70],"uv_size":[1,5]},"east":{"uv":[32,20],"uv_size":[3,5]},"south":{"uv":[56,70],"uv_size":[1,5]},"west":{"uv":[32,25],"uv_size":[3,5]}}},{"origin":[0.15,1.75,-0.95],"size":[0.8,5.3,2.5],"pivot":[0.95,1.75,1.55],"rotation":[18,0,0],"uv":{"north":{"uv":[55,70],"uv_size":[1,5]},"east":{"uv":[32,20],"uv_size":[3,5]},"south":{"uv":[56,70],"uv_size":[1,5]},"west":{"uv":[32,25],"uv_size":[3,5]}}},{"origin":[0.16,1.75,-6.95],"size":[0.8,5.3,2.5],"pivot":[0.95,1.75,-4.45],"rotation":[18,0,0],"uv":{"north":{"uv":[57,70],"uv_size":[1,5]},"east":{"uv":[32,50],"uv_size":[3,5]},"south":{"uv":[58,70],"uv_size":[1,5]},"west":{"uv":[5,61],"uv_size":[3,5]},"up":{"uv":[2,72],"uv_size":[1,3]}}},{"origin":[-4.49645,10.01188,-13.7033],"size":[0.5,0.5,23],"pivot":[-4.14645,10.66188,-13.1983],"rotation":[0,0,45],"uv":{"north":{"uv":[62,75],"uv_size":[1,1]},"east":{"uv":[12,55],"uv_size":[23,1]},"south":{"uv":[75,62],"uv_size":[1,1]},"down":{"uv":[39,75],"uv_size":[1,-23]}}},{"origin":[-4.5,9.5533,-13.7033],"size":[0.5,0.6,23],"uv":{"north":{"uv":[63,75],"uv_size":[1,1]},"east":{"uv":[55,51],"uv_size":[23,1]},"south":{"uv":[64,75],"uv_size":[1,1]},"west":{"uv":[55,52],"uv_size":[23,1]},"down":{"uv":[41,75],"uv_size":[1,-23]}}},{"origin":[-2.2,9.5533,-13.7033],"size":[0.5,0.6,23],"uv":{"north":{"uv":[65,75],"uv_size":[1,1]},"east":{"uv":[55,53],"uv_size":[23,1]},"south":{"uv":[75,65],"uv_size":[1,1]},"west":{"uv":[55,54],"uv_size":[23,1]},"down":{"uv":[43,75],"uv_size":[1,-23]}}},{"origin":[-4.5,10.1533,-13.7033],"size":[2.8,0.65,23],"uv":{"north":{"uv":[31,72],"uv_size":[3,1]},"south":{"uv":[72,34],"uv_size":[3,1]},"up":{"uv":[36,20],"uv_size":[3,23]},"down":{"uv":[0,62],"uv_size":[3,-23]}}},{"origin":[-1.69645,10.01188,-13.7033],"size":[0.5,0.5,23],"pivot":[-1.34645,10.66188,-13.1983],"rotation":[0,0,45],"uv":{"north":{"uv":[66,75],"uv_size":[1,1]},"south":{"uv":[75,66],"uv_size":[1,1]},"west":{"uv":[57,5],"uv_size":[23,1]},"up":{"uv":[44,52],"uv_size":[1,23]}}},{"origin":[0.15,6.03258,-8.45891],"size":[0.8,1.4,14.4],"uv":{"north":{"uv":[67,75],"uv_size":[1,1]},"east":{"uv":[61,19],"uv_size":[14,1]},"south":{"uv":[75,68],"uv_size":[1,1]},"west":{"uv":[62,10],"uv_size":[14,1]},"up":{"uv":[8,61],"uv_size":[1,14]},"down":{"uv":[0,76],"uv_size":[1,-14]}}},{"origin":[-1.5413,9.06238,3.44109],"size":[1,0.5,2.5],"uv":{"north":{"uv":[69,75],"uv_size":[1,1]},"south":{"uv":[75,69],"uv_size":[1,1]},"up":{"uv":[72,55],"uv_size":[1,3]},"down":{"uv":[59,75],"uv_size":[1,-3]}}},{"origin":[-2.2413,9.06238,3.44109],"size":[0.7,0.5,2.5],"pivot":[-1.5413,9.06238,5.94109],"rotation":[0,0,45],"uv":{"north":{"uv":[70,75],"uv_size":[1,1]},"south":{"uv":[75,70],"uv_size":[1,1]},"up":{"uv":[60,72],"uv_size":[1,3]},"down":{"uv":[61,75],"uv_size":[1,-3]}}},{"origin":[-2.2413,9.16238,-8.45891],"size":[0.7,0.5,2.5],"pivot":[-1.5413,9.16238,-5.95891],"rotation":[0,0,45],"uv":{"north":{"uv":[71,75],"uv_size":[1,1]},"south":{"uv":[75,71],"uv_size":[1,1]},"up":{"uv":[62,72],"uv_size":[1,3]},"down":{"uv":[63,75],"uv_size":[1,-3]}}},{"origin":[0.45,7.43258,-8.45891],"size":[0.5,2.6,2.5],"pivot":[0.95,7.43258,-5.95891],"rotation":[0,0,-35],"uv":{"north":{"uv":[64,72],"uv_size":[1,3]},"east":{"uv":[24,66],"uv_size":[3,3]},"south":{"uv":[65,72],"uv_size":[1,3]},"west":{"uv":[27,66],"uv_size":[3,3]}}},{"origin":[-1.5413,9.16238,-8.4539],"size":[1,0.4,2.5],"uv":{"north":{"uv":[72,75],"uv_size":[1,1]},"south":{"uv":[75,72],"uv_size":[1,1]},"up":{"uv":[72,72],"uv_size":[1,3]},"down":{"uv":[73,25],"uv_size":[1,-3]}}},{"origin":[0.45,7.43258,3.44109],"size":[0.5,2.6,2.5],"pivot":[0.95,7.43258,5.94109],"rotation":[0,0,-35],"uv":{"north":{"uv":[27,73],"uv_size":[1,3]},"east":{"uv":[65,67],"uv_size":[3,3]},"south":{"uv":[28,73],"uv_size":[1,3]},"west":{"uv":[68,11],"uv_size":[3,3]}}},{"origin":[0.8,0.75,-2.85],"size":[0.5,0.5,4],"pivot":[1.3,1.25,0.65],"rotation":[0,-7.5,0],"uv":{"north":{"uv":[73,75],"uv_size":[1,1]},"south":{"uv":[75,73],"uv_size":[1,1]},"west":{"uv":[70,33],"uv_size":[6,1]},"up":{"uv":[6,70],"uv_size":[1,6]},"down":{"uv":[7,76],"uv_size":[1,-6]}}},{"origin":[1.26112,0.75,-4.88532],"size":[0.5,1.5,2],"pivot":[1.26112,2.25,-2.88532],"rotation":[0,-15,0],"uv":{"north":{"uv":[73,75],"uv_size":[1,1]},"south":{"uv":[75,73],"uv_size":[1,1]},"west":{"uv":[70,33],"uv_size":[6,1]},"up":{"uv":[6,70],"uv_size":[1,6]},"down":{"uv":[7,76],"uv_size":[1,-6]}}}]},{"name":"s_rail_bracket_scope","parent":"rail","pivot":[-3.1,10.8033,-2.2033]}]}]}