{"format_version":"1.12.0","minecraft:geometry":[{"description":{"identifier":"geometry.unknown","texture_width":128,"texture_height":128,"visible_bounds_width":3,"visible_bounds_height":1.5,"visible_bounds_offset":[0,0.25,0]},"bones":[{"name":"root","pivot":[0,0,0]},{"name":"dust_cover","parent":"root","pivot":[-3,-0.6,-6.4],"cubes":[{"origin":[-1.81064,0.34264,-30.6033],"size":[3.6213,1.6,36.86],"uv":{"north":{"uv":[52,46],"uv_size":[4,2]},"east":{"uv":[12,8],"uv_size":[37,2]},"west":{"uv":[12,10],"uv_size":[37,2]},"up":{"uv":[0,0],"uv_size":[4,37]},"down":{"uv":[4,37],"uv_size":[4,-37]}}},{"origin":[1.9,-0.6,-30.64265],"size":[1,1.54,38.35],"pivot":[2.9,-0.6,7.40735],"rotation":[0,0,-45],"uv":{"north":{"uv":[12,64],"uv_size":[1,2]},"south":{"uv":[13,64],"uv_size":[1,2]},"west":{"uv":[12,6],"uv_size":[38,2]}}},{"origin":[1.4,-2.1,-30.65],"size":[1.5,1.5,39.45],"uv":{"north":{"uv":[60,50],"uv_size":[2,2]},"west":{"uv":[8,2],"uv_size":[39,2]},"up":{"uv":[8,4],"uv_size":[2,39]},"down":{"uv":[10,43],"uv_size":[2,-39]}}},{"origin":[1.9,-3.1,-24.1],"size":[1,1,34.4],"uv":{"north":{"uv":[34,66],"uv_size":[1,1]},"west":{"uv":[26,33],"uv_size":[34,1]},"down":{"uv":[27,68],"uv_size":[1,-34]}}},{"origin":[-0.82073,1.93259,5.2674],"size":[1.6414,1,1.41],"pivot":[0.82067,2.93259,5.2674],"rotation":[-45,0,0],"uv":{"east":{"uv":[66,35],"uv_size":[1,1]},"south":{"uv":[64,15],"uv_size":[2,1]},"west":{"uv":[36,66],"uv_size":[1,1]},"up":{"uv":[16,64],"uv_size":[2,1]}}},{"origin":[-1.8006,0.87193,6.18599],"size":[3.6313,1.1,3.5972],"pivot":[1.81571,1.87193,6.18599],"rotation":[-45,0,0],"uv":{"east":{"uv":[60,58],"uv_size":[4,1]},"west":{"uv":[60,59],"uv_size":[4,1]},"up":{"uv":[47,0],"uv_size":[4,4]}}},{"origin":[-2.9,-0.6,-17.84265],"size":[1,1.54,25.55],"pivot":[-2.9,-0.6,7.48235],"rotation":[0,0,45],"uv":{"north":{"uv":[18,64],"uv_size":[1,2]},"east":{"uv":[20,20],"uv_size":[26,2]},"south":{"uv":[19,64],"uv_size":[1,2]}}},{"origin":[-2.9,-2.1,-6.1],"size":[1.5,1.5,14.9],"uv":{"east":{"uv":[40,42],"uv_size":[15,2]},"up":{"uv":[8,43],"uv_size":[2,15]}}},{"origin":[-2.9,-3.1,-5.1],"size":[1,1,15.4],"uv":{"east":{"uv":[46,22],"uv_size":[15,1]},"down":{"uv":[15,63],"uv_size":[1,-15]}}},{"origin":[-0.9,2.53258,-3.6033],"size":[1.8,0.5,0.8],"uv":{"north":{"uv":[20,64],"uv_size":[2,1]},"south":{"uv":[22,64],"uv_size":[2,1]},"up":{"uv":[24,64],"uv_size":[2,1]}}},{"origin":[0.92071,2.58259,-3.6033],"size":[1.42928,0.5,0.8],"pivot":[0.84999,3.08259,-3.6033],"rotation":[0,0,45],"uv":{"north":{"uv":[66,38],"uv_size":[1,1]},"south":{"uv":[66,39],"uv_size":[1,1]},"up":{"uv":[66,41],"uv_size":[1,1]}}},{"origin":[1.41065,0.02193,-3.6033],"size":[0.5,2,0.8],"uv":{"north":{"uv":[32,64],"uv_size":[1,2]},"south":{"uv":[64,33],"uv_size":[1,2]},"west":{"uv":[34,64],"uv_size":[1,2]}}},{"origin":[-0.84999,1.58259,-3.6033],"size":[0.5,1.42928,0.8],"pivot":[-0.84999,3.08259,-3.6033],"rotation":[0,0,45],"uv":{"north":{"uv":[47,66],"uv_size":[1,1]},"east":{"uv":[66,47],"uv_size":[1,1]},"south":{"uv":[66,48],"uv_size":[1,1]}}},{"origin":[-1.91065,0.02193,-3.6033],"size":[0.5,2,0.8],"uv":{"north":{"uv":[35,64],"uv_size":[1,2]},"east":{"uv":[36,64],"uv_size":[1,2]},"south":{"uv":[37,64],"uv_size":[1,2]}}},{"origin":[-1.91065,0.02193,-15.2033],"size":[0.5,2,0.8],"uv":{"north":{"uv":[39,64],"uv_size":[1,2]},"east":{"uv":[64,43],"uv_size":[1,2]},"south":{"uv":[64,46],"uv_size":[1,2]}}},{"origin":[1.41065,0.02193,-15.2033],"size":[0.5,2,0.8],"uv":{"north":{"uv":[64,50],"uv_size":[1,2]},"south":{"uv":[54,64],"uv_size":[1,2]},"west":{"uv":[55,64],"uv_size":[1,2]}}},{"origin":[-0.25,2.53258,-1.0033],"size":[0.5,0.5,4.5],"uv":{"north":{"uv":[55,66],"uv_size":[1,1]},"east":{"uv":[58,25],"uv_size":[5,1]},"south":{"uv":[66,55],"uv_size":[1,1]},"west":{"uv":[58,52],"uv_size":[5,1]},"up":{"uv":[11,58],"uv_size":[1,5]}}},{"origin":[-2.9,-1.6,-6.2],"size":[1.5,0.75,2.55],"pivot":[-2.9,-0.6,-6.2],"rotation":[-45,0,0],"uv":{"east":{"uv":[52,62],"uv_size":[3,1]},"down":{"uv":[57,57],"uv_size":[2,-3]}}},{"origin":[-2.9,-1.1,-17.84265],"size":[1.5,0.5,12],"uv":{"north":{"uv":[64,56],"uv_size":[2,1]},"east":{"uv":[48,50],"uv_size":[12,1]},"down":{"uv":[46,58],"uv_size":[2,-12]}}},{"origin":[-2.9,-1.1,-6.9],"size":[1.5,0.5,0.5],"pivot":[-2.9,-0.6,-6.9],"rotation":[-45,0,0],"uv":{"east":{"uv":[56,66],"uv_size":[1,1]},"down":{"uv":[64,62],"uv_size":[2,-1]}}},{"origin":[-2.905,-2.05355,8.65355],"size":[5.81,1.1,2.45],"pivot":[2.9,-0.95355,9.15355],"rotation":[-45,0,0],"uv":{"east":{"uv":[64,62],"uv_size":[2,1]},"west":{"uv":[63,64],"uv_size":[2,1]},"up":{"uv":[32,50],"uv_size":[6,2]}}},{"origin":[-2.9,-3.10241,10.28241],"size":[5.8,0.77,0.25],"uv":{"east":{"uv":[57,66],"uv_size":[1,1]},"south":{"uv":[57,10],"uv_size":[6,1]},"west":{"uv":[66,57],"uv_size":[1,1]},"down":{"uv":[58,25],"uv_size":[6,-1]}}},{"origin":[-0.25,2.53258,-24.0033],"size":[0.5,0.5,7],"uv":{"north":{"uv":[58,66],"uv_size":[1,1]},"east":{"uv":[55,14],"uv_size":[7,1]},"south":{"uv":[66,58],"uv_size":[1,1]},"west":{"uv":[55,15],"uv_size":[7,1]},"up":{"uv":[50,55],"uv_size":[1,7]}}},{"origin":[-0.25,2.53258,-30.5033],"size":[0.5,0.5,2.5],"uv":{"north":{"uv":[66,59],"uv_size":[1,1]},"east":{"uv":[60,62],"uv_size":[3,1]},"south":{"uv":[66,60],"uv_size":[1,1]},"west":{"uv":[63,0],"uv_size":[3,1]},"up":{"uv":[63,1],"uv_size":[1,3]}}},{"origin":[-0.9,2.53258,-26.5033],"size":[1.8,0.5,0.8],"uv":{"north":{"uv":[66,7],"uv_size":[2,1]},"south":{"uv":[66,16],"uv_size":[2,1]},"up":{"uv":[66,17],"uv_size":[2,1]}}},{"origin":[0.92071,2.58259,-26.5033],"size":[1.42928,0.5,0.8],"pivot":[0.84999,3.08259,-26.5033],"rotation":[0,0,45],"uv":{"north":{"uv":[55,68],"uv_size":[1,1]},"south":{"uv":[56,68],"uv_size":[1,1]},"up":{"uv":[57,68],"uv_size":[1,1]}}},{"origin":[-0.84999,1.58259,-26.5033],"size":[0.5,1.42928,0.8],"pivot":[-0.84999,3.08259,-26.5033],"rotation":[0,0,45],"uv":{"north":{"uv":[58,68],"uv_size":[1,1]},"east":{"uv":[68,58],"uv_size":[1,1]},"south":{"uv":[59,68],"uv_size":[1,1]},"down":{"uv":[68,61],"uv_size":[1,-1]}}},{"origin":[0.41066,0.94264,-30.6033],"size":[1.4,1,35.8707],"pivot":[1.81066,1.94264,-30.6033],"rotation":[0,0,45],"uv":{"north":{"uv":[61,68],"uv_size":[1,1]},"south":{"uv":[68,61],"uv_size":[1,1]},"up":{"uv":[22,26],"uv_size":[1,36]}}},{"origin":[-1.81066,0.94264,-30.6033],"size":[1.4,1,35.8707],"pivot":[-1.81066,1.94264,-30.6033],"rotation":[0,0,-45],"uv":{"north":{"uv":[62,68],"uv_size":[1,1]},"south":{"uv":[68,62],"uv_size":[1,1]},"up":{"uv":[24,28],"uv_size":[1,36]}}},{"origin":[-0.82073,2.43259,-30.6033],"size":[1.64144,0.5,35.8707],"uv":{"north":{"uv":[66,18],"uv_size":[2,1]},"up":{"uv":[12,12],"uv_size":[2,36]}}},{"origin":[-0.9,2.53258,-15.2033],"size":[1.8,0.5,0.8],"uv":{"north":{"uv":[21,66],"uv_size":[2,1]},"south":{"uv":[66,22],"uv_size":[2,1]},"up":{"uv":[23,66],"uv_size":[2,1]}}},{"origin":[-0.84999,1.58259,-15.2033],"size":[0.5,1.42928,0.8],"pivot":[-0.84999,3.08259,-15.2033],"rotation":[0,0,45],"uv":{"north":{"uv":[64,68],"uv_size":[1,1]},"east":{"uv":[68,64],"uv_size":[1,1]},"south":{"uv":[65,68],"uv_size":[1,1]}}},{"origin":[0.92071,2.58259,-15.2033],"size":[1.42928,0.5,0.8],"pivot":[0.84999,3.08259,-15.2033],"rotation":[0,0,45],"uv":{"north":{"uv":[67,68],"uv_size":[1,1]},"south":{"uv":[68,68],"uv_size":[1,1]},"up":{"uv":[69,1],"uv_size":[1,1]}}},{"origin":[-0.25,2.53258,-12.5033],"size":[0.5,0.5,7],"uv":{"north":{"uv":[69,3],"uv_size":[1,1]},"east":{"uv":[56,48],"uv_size":[7,1]},"south":{"uv":[69,4],"uv_size":[1,1]},"west":{"uv":[56,49],"uv_size":[7,1]},"up":{"uv":[36,57],"uv_size":[1,7]}}},{"origin":[2.5,-2.25,-22],"size":[0.5,0.5,30],"uv":{"north":{"uv":[69,5],"uv_size":[1,1]},"south":{"uv":[69,6],"uv_size":[1,1]},"west":{"uv":[46,21],"uv_size":[30,1]},"up":{"uv":[40,46],"uv_size":[1,30]},"down":{"uv":[41,76],"uv_size":[1,-30]}}},{"origin":[-2.95,-2.25,-4],"size":[0.5,0.5,11.5],"uv":{"north":{"uv":[69,7],"uv_size":[1,1]},"east":{"uv":[51,3],"uv_size":[12,1]},"south":{"uv":[8,69],"uv_size":[1,1]},"up":{"uv":[38,50],"uv_size":[1,12]},"down":{"uv":[39,62],"uv_size":[1,-12]}}},{"origin":[1.41065,0.02193,-26.5033],"size":[0.5,2,0.8],"uv":{"north":{"uv":[15,66],"uv_size":[1,2]},"south":{"uv":[66,28],"uv_size":[1,2]},"west":{"uv":[66,30],"uv_size":[1,2]}}}]},{"name":"rail","parent":"root","pivot":[0, -0.2, -0.2],"cubes":[{"origin":[1.8,1.23258,-29.9033],"size":[0.3,0.9,2.8],"uv":{"east":{"uv":[63,57],"uv_size":[3,1]},"west":{"uv":[59,63],"uv_size":[3,1]},"down":{"uv":[62,66],"uv_size":[1,-3]}}},{"origin":[-2.1,-0.96742,10.0967],"size":[4.2,0.8,4],"uv":{"north":{"uv":[59,61],"uv_size":[4,1]},"east":{"uv":[62,4],"uv_size":[4,1]},"west":{"uv":[62,6],"uv_size":[4,1]},"up":{"uv":[49,8],"uv_size":[4,4]},"down":{"uv":[50,8],"uv_size":[4,-4]}}},{"origin":[-2.2,-0.16742,12.5967],"size":[3.5,0.4,1.5],"uv":{"north":{"uv":[62,7],"uv_size":[4,1]},"east":{"uv":[8,65],"uv_size":[2,1]},"south":{"uv":[62,14],"uv_size":[4,1]},"up":{"uv":[53,9],"uv_size":[4,2]},"down":{"uv":[50,55],"uv_size":[4,-2]}}},{"origin":[-1.7,3.03258,0.7967],"size":[3.4,0.5,6.9],"uv":{"north":{"uv":[63,9],"uv_size":[3,1]},"south":{"uv":[63,10],"uv_size":[3,1]},"up":{"uv":[16,47],"uv_size":[3,7]},"down":{"uv":[12,55],"uv_size":[3,-7]}}},{"origin":[-2.1,1.21763,-30.7669],"size":[0.3,0.6,0.6],"pivot":[-1.8,2.71763,-30.7669],"rotation":[-45,0,0],"uv":{"east":{"uv":[68,47],"uv_size":[1,1]},"west":{"uv":[68,48],"uv_size":[1,1]},"down":{"uv":[68,50],"uv_size":[1,-1]}}},{"origin":[1.7,2.23258,4.4967],"size":[0.4,0.9,3.2],"pivot":[1.7,2.2326,4.4967],"rotation":[-22.5,0,0],"uv":{"east":{"uv":[63,31],"uv_size":[3,1]},"west":{"uv":[63,49],"uv_size":[3,1]},"down":{"uv":[53,66],"uv_size":[1,-3]}}},{"origin":[1.7708,2.4691,0.7867],"size":[0.5656,0.5656,6.9],"pivot":[2.3364,3.3691,0.7967],"rotation":[0,0,45],"uv":{"north":{"uv":[67,60],"uv_size":[1,1]},"south":{"uv":[61,67],"uv_size":[1,1]},"up":{"uv":[32,57],"uv_size":[1,7]},"down":{"uv":[33,64],"uv_size":[1,-7]}}},{"origin":[0.8,3.53258,5.7967],"size":[0.5,0.6,0.9],"uv":{"east":{"uv":[68,15],"uv_size":[1,1]},"west":{"uv":[68,16],"uv_size":[1,1]}}},{"origin":[1.8,1.2175,-30.7669],"size":[0.3,0.6,0.6],"pivot":[2.1,2.7175,-30.7669],"rotation":[-45,0,0],"uv":{"east":{"uv":[68,44],"uv_size":[1,1]},"west":{"uv":[68,45],"uv_size":[1,1]},"down":{"uv":[68,47],"uv_size":[1,-1]}}},{"origin":[-2.25,1.55697,-30.52756],"size":[4.5,0.65134,0.6],"pivot":[2.25,3.05697,-30.52756],"rotation":[-45,0,0],"uv":{"north":{"uv":[62,45],"uv_size":[4,1]},"east":{"uv":[68,42],"uv_size":[1,1]},"south":{"uv":[62,53],"uv_size":[4,1]},"west":{"uv":[68,43],"uv_size":[1,1]},"up":{"uv":[62,54],"uv_size":[4,1]},"down":{"uv":[62,56],"uv_size":[4,-1]}}},{"origin":[-2.1,1.65697,-31.82756],"size":[0.3,0.65134,0.6],"uv":{"north":{"uv":[38,68],"uv_size":[1,1]},"east":{"uv":[68,38],"uv_size":[1,1]},"west":{"uv":[68,39],"uv_size":[1,1]}}},{"origin":[1.8,1.65684,-31.82756],"size":[0.3,0.65134,0.6],"uv":{"north":{"uv":[35,68],"uv_size":[1,1]},"east":{"uv":[68,35],"uv_size":[1,1]},"west":{"uv":[68,36],"uv_size":[1,1]}}},{"origin":[1.8,1.23258,-31.4033],"size":[0.3,1.5,1.5],"uv":{"east":{"uv":[50,62],"uv_size":[2,2]},"west":{"uv":[62,50],"uv_size":[2,2]},"up":{"uv":[14,66],"uv_size":[1,2]},"down":{"uv":[66,16],"uv_size":[1,-2]}}},{"origin":[-2.1,1.86897,-30.7669],"size":[0.3,0.6,0.6],"pivot":[-1.8,3.36897,-30.7669],"rotation":[-45,0,0],"uv":{"north":{"uv":[32,68],"uv_size":[1,1]},"east":{"uv":[68,32],"uv_size":[1,1]},"west":{"uv":[68,33],"uv_size":[1,1]}}},{"origin":[1.8,1.86897,-30.7669],"size":[0.3,0.6,0.6],"pivot":[2.1,3.36897,-30.7669],"rotation":[-45,0,0],"uv":{"north":{"uv":[28,68],"uv_size":[1,1]},"east":{"uv":[68,28],"uv_size":[1,1]},"west":{"uv":[68,29],"uv_size":[1,1]}}},{"origin":[-2.1,1.23258,-31.4033],"size":[0.3,1.5,1.5],"uv":{"east":{"uv":[38,62],"uv_size":[2,2]},"west":{"uv":[62,43],"uv_size":[2,2]},"up":{"uv":[11,66],"uv_size":[1,2]},"down":{"uv":[12,68],"uv_size":[1,-2]}}},{"origin":[1.8,1.23258,-27.1033],"size":[0.3,0.9,4.98],"pivot":[1.8,1.23258,-27.1033],"rotation":[10.25,0,0],"uv":{"east":{"uv":[60,27],"uv_size":[5,1]},"west":{"uv":[60,32],"uv_size":[5,1]},"down":{"uv":[49,65],"uv_size":[1,-5]}}},{"origin":[-2.1,1.23258,-29.9033],"size":[0.3,0.9,2.8],"uv":{"east":{"uv":[63,52],"uv_size":[3,1]},"west":{"uv":[54,63],"uv_size":[3,1]},"down":{"uv":[58,66],"uv_size":[1,-3]}}},{"origin":[-2.1,2.23258,0.7967],"size":[0.4,0.9,6.9],"uv":{"north":{"uv":[67,56],"uv_size":[1,1]},"east":{"uv":[55,18],"uv_size":[7,1]},"west":{"uv":[55,19],"uv_size":[7,1]},"down":{"uv":[53,62],"uv_size":[1,-7]}}},{"origin":[-2.1,2.23258,4.4967],"size":[0.4,0.9,3.2],"pivot":[-2.1,2.2326,4.4967],"rotation":[-22.5,0,0],"uv":{"east":{"uv":[63,25],"uv_size":[3,1]},"west":{"uv":[63,30],"uv_size":[3,1]},"down":{"uv":[47,66],"uv_size":[1,-3]}}},{"origin":[-1.62926,2.46904,0.8067],"size":[0.5656,0.5656,6.9],"pivot":[-1.06366,3.36904,0.7967],"rotation":[0,0,45],"uv":{"north":{"uv":[67,61],"uv_size":[1,1]},"east":{"uv":[56,46],"uv_size":[7,1]},"south":{"uv":[62,67],"uv_size":[1,1]},"west":{"uv":[56,47],"uv_size":[7,1]}}},{"origin":[-1,3.33258,-29.5033],"size":[2,0.4,1],"uv":{"north":{"uv":[66,1],"uv_size":[2,1]},"east":{"uv":[25,68],"uv_size":[1,1]},"west":{"uv":[68,25],"uv_size":[1,1]},"up":{"uv":[66,3],"uv_size":[2,1]}}},{"origin":[-2.1,1.23258,-27.1033],"size":[0.3,0.9,4.98],"pivot":[-2.1,1.23258,-27.1033],"rotation":[10.25,0,0],"uv":{"east":{"uv":[59,56],"uv_size":[5,1]},"west":{"uv":[60,26],"uv_size":[5,1]},"down":{"uv":[46,65],"uv_size":[1,-5]}}},{"origin":[-1.80005,3.10833,-29.9033],"size":[0.4242,0.4242,7.7],"pivot":[-1.80005,3.53253,-29.9033],"rotation":[0,0,45],"uv":{"north":{"uv":[67,64],"uv_size":[1,1]},"east":{"uv":[55,12],"uv_size":[8,1]},"south":{"uv":[65,67],"uv_size":[1,1]},"west":{"uv":[55,13],"uv_size":[8,1]}}},{"origin":[1.6758,2.80838,-29.9033],"size":[0.4242,0.4242,7.7],"pivot":[2.1,3.23258,-29.9033],"rotation":[0,0,45],"uv":{"north":{"uv":[67,63],"uv_size":[1,1]},"south":{"uv":[64,67],"uv_size":[1,1]},"up":{"uv":[54,54],"uv_size":[1,8]},"down":{"uv":[12,63],"uv_size":[1,-8]}}},{"origin":[1.8,2.13258,-29.9033],"size":[0.3,1.1,7.7],"uv":{"north":{"uv":[67,62],"uv_size":[1,1]},"east":{"uv":[54,5],"uv_size":[8,1]},"south":{"uv":[63,67],"uv_size":[1,1]},"west":{"uv":[54,6],"uv_size":[8,1]}}},{"origin":[-2.1,2.13258,-29.9033],"size":[0.3,1.1,7.7],"uv":{"north":{"uv":[67,55],"uv_size":[1,1]},"east":{"uv":[53,11],"uv_size":[8,1]},"south":{"uv":[56,67],"uv_size":[1,1]},"west":{"uv":[54,4],"uv_size":[8,1]}}},{"origin":[-1.8,3.03258,-29.9033],"size":[3.6,0.5,7.7],"uv":{"north":{"uv":[61,8],"uv_size":[4,1]},"south":{"uv":[61,11],"uv_size":[4,1]},"up":{"uv":[32,42],"uv_size":[4,8]},"down":{"uv":[36,50],"uv_size":[4,-8]}}},{"origin":[-1.3,5.03258,6.4967],"size":[0.5,0.5,1.8],"pivot":[-1.2,5.53258,5.3967],"rotation":[-45,0,0],"uv":{"east":{"uv":[65,44],"uv_size":[2,1]},"west":{"uv":[65,50],"uv_size":[2,1]},"up":{"uv":[49,65],"uv_size":[1,2]}}},{"origin":[0.8,5.03258,6.4967],"size":[0.5,0.5,1.8],"pivot":[-1.5,5.53258,5.3967],"rotation":[-45,0,0],"uv":{"east":{"uv":[65,51],"uv_size":[2,1]},"west":{"uv":[63,65],"uv_size":[2,1]},"up":{"uv":[60,65],"uv_size":[1,2]}}},{"origin":[0.8,5.03258,5.7967],"size":[0.5,0.5,1],"pivot":[1.3,5.53258,5.7967],"rotation":[-62.5,0,0],"uv":{"east":{"uv":[68,5],"uv_size":[1,1]},"west":{"uv":[68,7],"uv_size":[1,1]},"up":{"uv":[8,68],"uv_size":[1,1]}}},{"origin":[-1.29,5.03258,5.7967],"size":[0.5,0.5,1],"pivot":[-0.8,5.53258,5.7967],"rotation":[-62.5,0,0],"uv":{"east":{"uv":[68,9],"uv_size":[1,1]},"west":{"uv":[68,10],"uv_size":[1,1]},"up":{"uv":[11,68],"uv_size":[1,1]}}},{"origin":[-1.308,3.53258,5.7967],"size":[0.5,0.6,0.9],"uv":{"east":{"uv":[68,12],"uv_size":[1,1]},"west":{"uv":[68,13],"uv_size":[1,1]}}},{"origin":[-1.3,4.13258,5.7967],"size":[0.5,0.32,0.3],"uv":{"east":{"uv":[68,18],"uv_size":[1,1]},"west":{"uv":[68,19],"uv_size":[1,1]}}},{"origin":[0.8,4.13258,5.7967],"size":[0.5,0.32,0.3],"uv":{"east":{"uv":[68,22],"uv_size":[1,1]},"west":{"uv":[68,23],"uv_size":[1,1]}}},{"origin":[-0.8,3.63258,6.8967],"size":[1.6,0.4,0.9],"pivot":[-1.2,4.03258,6.8967],"rotation":[-45,0,0],"uv":{"up":{"uv":[64,2],"uv_size":[2,1]}}},{"origin":[-1.3,3.33258,-28.5033],"size":[0.5,1.84639,34.3],"uv":{"north":{"uv":[65,46],"uv_size":[1,2]},"east":{"uv":[20,12],"uv_size":[34,2]},"west":{"uv":[20,14],"uv_size":[34,2]},"down":{"uv":[29,68],"uv_size":[1,-34]}}},{"origin":[-1.3,5.17897,-28.5033],"size":[0.5,0.35361,34.3],"uv":{"north":{"uv":[67,65],"uv_size":[1,1]},"west":{"uv":[30,35],"uv_size":[34,1]},"up":{"uv":[30,36],"uv_size":[1,34]}}},{"origin":[0.8,5.17897,-28.5033],"size":[0.5,0.35361,34.3],"uv":{"north":{"uv":[67,66],"uv_size":[1,1]},"east":{"uv":[32,36],"uv_size":[34,1]},"up":{"uv":[0,37],"uv_size":[1,34]}}},{"origin":[-0.8,3.63258,-28.5033],"size":[1.6,0.4,35.4],"uv":{"north":{"uv":[65,65],"uv_size":[2,1]},"up":{"uv":[16,12],"uv_size":[2,35]},"down":{"uv":[18,47],"uv_size":[2,-35]}}},{"origin":[-1.17677,5.18864,-28.5033],"size":[0.5,0.5,34.3],"pivot":[-1.42677,5.75936,-28.5033],"rotation":[0,0,45],"uv":{"north":{"uv":[26,68],"uv_size":[1,1]},"east":{"uv":[32,38],"uv_size":[34,1]},"south":{"uv":[68,26],"uv_size":[1,1]},"down":{"uv":[3,71],"uv_size":[1,-34]}}},{"origin":[1.42323,5.18864,-28.5033],"size":[0.5,0.5,34.3],"pivot":[1.17323,5.75936,-28.5033],"rotation":[0,0,45],"uv":{"north":{"uv":[27,68],"uv_size":[1,1]},"south":{"uv":[68,27],"uv_size":[1,1]},"west":{"uv":[32,41],"uv_size":[34,1]},"up":{"uv":[4,37],"uv_size":[1,34]}}},{"origin":[0.8,3.33258,-28.5033],"size":[0.5,1.8464,34.3],"uv":{"north":{"uv":[66,5],"uv_size":[1,2]},"east":{"uv":[20,16],"uv_size":[34,2]},"west":{"uv":[20,18],"uv_size":[34,2]},"down":{"uv":[7,71],"uv_size":[1,-34]}}},{"origin":[-2.2,-0.16742,14.0967],"size":[1.2,0.4,1.2],"uv":{"east":{"uv":[66,61],"uv_size":[1,1]},"south":{"uv":[62,66],"uv_size":[1,1]},"west":{"uv":[66,62],"uv_size":[1,1]},"up":{"uv":[63,66],"uv_size":[1,1]},"down":{"uv":[66,64],"uv_size":[1,-1]}}},{"origin":[-2.2,-2.26742,13.3967],"size":[1.2,0.4,1.5],"uv":{"north":{"uv":[64,66],"uv_size":[1,1]},"east":{"uv":[65,11],"uv_size":[2,1]},"west":{"uv":[14,65],"uv_size":[2,1]},"up":{"uv":[56,64],"uv_size":[1,2]},"down":{"uv":[61,66],"uv_size":[1,-2]}}},{"origin":[-2.2,-2.26742,14.8967],"size":[1.2,2.1,0.4],"uv":{"north":{"uv":[10,65],"uv_size":[1,2]},"east":{"uv":[16,65],"uv_size":[1,2]},"south":{"uv":[17,65],"uv_size":[1,2]},"west":{"uv":[20,65],"uv_size":[1,2]},"down":{"uv":[66,67],"uv_size":[1,-1]}}},{"origin":[1.15355,-0.16742,12.95025],"size":[0.5,0.4,0.5],"pivot":[1.65355,0.23258,12.95025],"rotation":[0,-45,0],"uv":{"north":{"uv":[67,5],"uv_size":[1,1]},"up":{"uv":[10,67],"uv_size":[1,1]}}},{"origin":[-2.1,-1.6293,10.03015],"size":[4.2,0.7,0.7],"uv":{"north":{"uv":[20,62],"uv_size":[4,1]},"east":{"uv":[67,54],"uv_size":[1,1]},"west":{"uv":[55,67],"uv_size":[1,1]},"down":{"uv":[62,43],"uv_size":[4,-1]}}},{"origin":[1.15355,-0.16742,12.95025],"size":[0.5,0.4,0.793],"uv":{"west":{"uv":[67,14],"uv_size":[1,1]},"up":{"uv":[67,15],"uv_size":[1,1]}}},{"origin":[1.15355,-0.16742,13.74315],"size":[0.5,0.4,0.5],"pivot":[1.65355,0.23258,13.74315],"rotation":[0,-45,0],"uv":{"west":{"uv":[20,67],"uv_size":[1,1]},"up":{"uv":[21,67],"uv_size":[1,1]}}},{"origin":[-0.5,-1.46742,11.8967],"size":[2.5,0.5,2],"uv":{"east":{"uv":[21,65],"uv_size":[2,1]},"west":{"uv":[23,65],"uv_size":[2,1]},"down":{"uv":[44,60],"uv_size":[3,-2]}}},{"origin":[-0.225,-1.86742,11.8967],"size":[2,0.5,2.2],"uv":{"east":{"uv":[65,27],"uv_size":[2,1]},"south":{"uv":[65,32],"uv_size":[2,1]},"west":{"uv":[65,33],"uv_size":[2,1]}}},{"origin":[1.92678,-1.46742,13.65926],"size":[1,0.5,1],"pivot":[2.17678,-0.8967,12.65926],"rotation":[0,-45,0],"uv":{"west":{"uv":[25,67],"uv_size":[1,1]},"down":{"uv":[67,27],"uv_size":[1,-1]}}},{"origin":[0.84099,-1.46742,13.65926],"size":[1,0.5,1],"pivot":[1.09099,-0.8967,12.65926],"rotation":[0,-45,0],"uv":{"south":{"uv":[67,29],"uv_size":[1,1]},"down":{"uv":[32,68],"uv_size":[1,-1]}}},{"origin":[1.92678,-2.26742,13.65926],"size":[1,0.5,1],"pivot":[2.17678,-1.6967,12.65926],"rotation":[0,-45,0],"uv":{"west":{"uv":[34,67],"uv_size":[1,1]},"up":{"uv":[67,34],"uv_size":[1,1]},"down":{"uv":[35,68],"uv_size":[1,-1]}}},{"origin":[0.20689,-2.26742,13.60381],"size":[1.086,0.5,1],"uv":{"south":{"uv":[67,36],"uv_size":[1,1]},"up":{"uv":[67,37],"uv_size":[1,1]},"down":{"uv":[38,68],"uv_size":[1,-1]}}},{"origin":[0.20689,-1.46742,13.60381],"size":[1.086,0.5,1],"uv":{"south":{"uv":[67,39],"uv_size":[1,1]},"down":{"uv":[67,43],"uv_size":[1,-1]}}},{"origin":[0.84099,-2.26742,13.65926],"size":[1,0.5,1],"pivot":[1.09099,-1.6967,12.65926],"rotation":[0,-45,0],"uv":{"south":{"uv":[67,44],"uv_size":[1,1]},"up":{"uv":[67,45],"uv_size":[1,1]},"down":{"uv":[46,68],"uv_size":[1,-1]}}},{"origin":[1.7,2.23258,0.7967],"size":[0.4,0.9,6.9],"uv":{"north":{"uv":[67,59],"uv_size":[1,1]},"east":{"uv":[55,42],"uv_size":[7,1]},"west":{"uv":[55,43],"uv_size":[7,1]},"down":{"uv":[56,61],"uv_size":[1,-7]}}},{"origin":[-0.5,-2.26742,11.8967],"size":[2.5,0.5,2],"uv":{"east":{"uv":[65,34],"uv_size":[2,1]},"west":{"uv":[65,43],"uv_size":[2,1]},"up":{"uv":[57,58],"uv_size":[3,2]},"down":{"uv":[59,56],"uv_size":[3,-2]}}},{"origin":[1.1,-0.96742,14.0967],"size":[1,0.8,1],"pivot":[2.1,-0.16742,14.0967],"rotation":[0,-45,0],"uv":{"west":{"uv":[48,67],"uv_size":[1,1]},"up":{"uv":[67,48],"uv_size":[1,1]},"down":{"uv":[49,68],"uv_size":[1,-1]}}},{"origin":[-1.39289,-0.96742,14.09681],"size":[2.786,0.8,0.707],"uv":{"south":{"uv":[21,63],"uv_size":[3,1]},"up":{"uv":[63,22],"uv_size":[3,1]},"down":{"uv":[63,24],"uv_size":[3,-1]}}},{"origin":[-1.68579,-0.96742,14.0967],"size":[1,0.8,1],"pivot":[-0.68579,-0.16742,14.0967],"rotation":[0,-45,0],"uv":{"south":{"uv":[67,51],"uv_size":[1,1]},"up":{"uv":[67,52],"uv_size":[1,1]},"down":{"uv":[53,68],"uv_size":[1,-1]}}},{"origin":[-2.1,-2.36742,10.6967],"size":[4.2,1.4,1.2],"uv":{"north":{"uv":[16,62],"uv_size":[4,1]},"east":{"uv":[67,53],"uv_size":[1,1]},"south":{"uv":[62,17],"uv_size":[4,1]},"west":{"uv":[54,67],"uv_size":[1,1]},"down":{"uv":[62,20],"uv_size":[4,-1]}}},{"origin":[-2.1,-1.74316,5.6967],"size":[0.4,5,1.7],"pivot":[-2,3.55684,7.6967],"rotation":[45,0,0],"uv":{"north":{"uv":[8,60],"uv_size":[1,5]},"east":{"uv":[32,52],"uv_size":[2,5]},"south":{"uv":[9,60],"uv_size":[1,5]},"west":{"uv":[34,52],"uv_size":[2,5]}}},{"origin":[1.69994,-1.7431,5.6967],"size":[0.4,5,1.7],"pivot":[1.79994,3.5569,7.6967],"rotation":[45,0,0],"uv":{"north":{"uv":[10,60],"uv_size":[1,5]},"east":{"uv":[36,52],"uv_size":[2,5]},"south":{"uv":[44,60],"uv_size":[1,5]},"west":{"uv":[48,52],"uv_size":[2,5]}}}]},{"name":"s_dust_cover_scope","parent":"rail","pivot":[0.025,5.5,-9]}]}]}