{"format_version":"1.12.0","minecraft:geometry":[{"description":{"identifier":"geometry.unknown","texture_width":64,"texture_height":64,"visible_bounds_width":4,"visible_bounds_height":1.5,"visible_bounds_offset":[0,0.25,0]},"bones":[{"name":"root","pivot":[0,0,0],"cubes":[{"origin":[-1.34695,1.66581,5.26711],"size":[1,1.05,0.5],"pivot":[-1.34695,2.81581,5.66711],"rotation":[25,0,62.5],"uv":{"east":{"uv":[50,7],"uv_size":[1,1]},"down":{"uv":[50,32],"uv_size":[1,-1]}}},{"origin":[-2.40991,2.26246,-27.6],"size":[0.5,1.15,33.4],"pivot":[-2.40991,2.26246,5.8],"rotation":[0,0,62.5],"uv":{"north":{"uv":[50,32],"uv_size":[1,1]},"east":{"uv":[17,12],"uv_size":[33,1]}}},{"origin":[-2.85,1.2,-30.6],"size":[0.3,1.15,36.93],"pivot":[-2.85,1.2,2.8],"rotation":[0,0,22.5],"uv":{"north":{"uv":[50,34],"uv_size":[1,1]},"east":{"uv":[4,16],"uv_size":[37,1]},"south":{"uv":[50,35],"uv_size":[1,1]},"up":{"uv":[4,18],"uv_size":[1,37]}}},{"origin":[-1.64038,3.24038,-27.6],"size":[0.65,0.65,32.5],"pivot":[-0.99038,3.24038,-27.6],"rotation":[0,0,-45],"uv":{"south":{"uv":[50,37],"uv_size":[1,1]},"up":{"uv":[10,18],"uv_size":[1,33]}}},{"origin":[-1.90962,2.59038,4.9],"size":[0.65,0.65,0.561],"pivot":[-1.90962,3.24038,4.9],"rotation":[0,62,-22.5],"uv":{"east":{"uv":[50,39],"uv_size":[1,1]},"up":{"uv":[42,50],"uv_size":[1,1]}}},{"origin":[-1.9591,2.83912,-27.6],"size":[0.65,0.65,32.5],"pivot":[-1.3091,3.48912,-27.6],"rotation":[0,0,-22.5],"uv":{"east":{"uv":[12,18],"uv_size":[33,1]}}},{"origin":[1.15962,2.59038,4.9],"size":[0.65,0.65,0.561],"pivot":[1.80962,3.24038,4.9],"rotation":[0,-62,22.5],"uv":{"west":{"uv":[51,1],"uv_size":[1,1]},"up":{"uv":[2,51],"uv_size":[1,1]}}},{"origin":[1.15962,2.59038,-27.6],"size":[0.65,0.65,32.5],"pivot":[1.80962,3.24038,-27.6],"rotation":[0,0,22.5],"uv":{"west":{"uv":[14,21],"uv_size":[33,1]}}},{"origin":[1.15962,3.24038,-27.6],"size":[0.65,0.65,32.5],"pivot":[1.80962,3.24038,-27.6],"rotation":[0,0,-45],"uv":{"south":{"uv":[8,51],"uv_size":[1,1]},"west":{"uv":[16,23],"uv_size":[33,1]}}},{"origin":[1.30991,1.46246,6.33],"size":[1,0.8,0.9],"pivot":[2.30991,2.26246,6.33],"rotation":[-47.1779,0.3009,-21.7947],"uv":{"south":{"uv":[11,51],"uv_size":[1,1]},"west":{"uv":[51,12],"uv_size":[1,1]}}},{"origin":[0.91075,1.2437,6.3595],"size":[1.4,1,1.55],"pivot":[2.31075,2.29466,6.36952],"rotation":[-46.1315,11.2392,-11.4619],"uv":{"west":{"uv":[48,34],"uv_size":[2,1]},"up":{"uv":[49,1],"uv_size":[1,2]}}},{"origin":[1.75,1.2,-30.6],"size":[1,1.15,36.93],"pivot":[2.75,1.2,-27.6],"rotation":[0,0,-22.5],"uv":{"north":{"uv":[51,17],"uv_size":[1,1]},"east":{"uv":[17,8],"uv_size":[37,1]},"south":{"uv":[51,18],"uv_size":[1,1]},"west":{"uv":[17,9],"uv_size":[37,1]},"up":{"uv":[6,18],"uv_size":[1,37]}}},{"origin":[0.20946,1.68532,5.25774],"size":[1,1.05,0.5],"pivot":[1.20946,2.83532,5.75774],"rotation":[25,0,-62.5],"uv":{"west":{"uv":[51,22],"uv_size":[1,1]},"down":{"uv":[51,25],"uv_size":[1,-1]}}},{"origin":[1.80991,2.26246,-27.6],"size":[0.5,1.15,33.4],"pivot":[2.30991,2.26246,-27.6],"rotation":[0,0,-62.5],"uv":{"north":{"uv":[51,25],"uv_size":[1,1]},"east":{"uv":[18,24],"uv_size":[33,1]},"west":{"uv":[18,25],"uv_size":[33,1]}}},{"origin":[-0.51015,2.29347,5.8],"size":[1.8,0.5,1.27],"pivot":[1.28985,2.79347,5.8],"rotation":[-59.2549,34.6396,-43.6994],"uv":{"west":{"uv":[28,51],"uv_size":[1,1]},"up":{"uv":[49,41],"uv_size":[2,1]}}},{"origin":[-3.30962,1.46258,6.22988],"size":[0.9,0.8,0.9],"pivot":[-2.40962,2.26258,6.22988],"rotation":[-89.5898,42.8213,-67.9265],"uv":{"north":{"uv":[29,51],"uv_size":[1,1]},"east":{"uv":[30,51],"uv_size":[1,1]}}},{"origin":[-3.95962,1.26258,6.32988],"size":[1.55,1,1.4],"pivot":[-2.40962,2.26258,6.32988],"rotation":[-74.5898,42.8213,-67.9265],"uv":{"north":{"uv":[49,43],"uv_size":[2,1]},"up":{"uv":[49,45],"uv_size":[2,1]}}},{"origin":[-2.65985,2.29347,5.8],"size":[1.27,0.5,1.9],"pivot":[-1.38985,2.79347,5.8],"rotation":[-51.2057,24.8727,-27.62],"uv":{"north":{"uv":[51,33],"uv_size":[1,1]},"up":{"uv":[49,49],"uv_size":[1,2]}}},{"origin":[-0.75,3.2,5.6],"size":[1.4,0.5,2.85],"pivot":[1.25,3.7,4.9],"rotation":[-45,0,0],"uv":{"up":{"uv":[41,47],"uv_size":[1,3]}}},{"origin":[0.65,2.7,4.9],"size":[0.7,1,3.55],"pivot":[1.35,3.7,4.9],"rotation":[-45,0,0],"uv":{"east":{"uv":[40,45],"uv_size":[4,1]},"west":{"uv":[44,45],"uv_size":[4,1]},"up":{"uv":[0,46],"uv_size":[1,4]}}},{"origin":[-1.45,2.7,4.9],"size":[0.7,1,3.55],"pivot":[1.45,3.7,4.9],"rotation":[-45,0,0],"uv":{"east":{"uv":[37,46],"uv_size":[4,1]},"west":{"uv":[41,46],"uv_size":[4,1]},"up":{"uv":[2,46],"uv_size":[1,4]}}},{"origin":[-0.85,2.7,-30.5],"size":[1.6,0.5,35.9],"uv":{"north":{"uv":[50,0],"uv_size":[2,1]},"east":{"uv":[17,10],"uv_size":[36,1]},"west":{"uv":[17,11],"uv_size":[36,1]},"up":{"uv":[0,8],"uv_size":[2,36]}}},{"origin":[-2.55,1.72679,-41.2],"size":[0.6,1.4,9.85],"pivot":[-2.55,2.92679,-31.35],"rotation":[35,0,0],"uv":{"north":{"uv":[51,37],"uv_size":[1,1]},"east":{"uv":[38,34],"uv_size":[10,1]},"up":{"uv":[28,38],"uv_size":[1,10]},"down":{"uv":[29,48],"uv_size":[1,-10]}}},{"origin":[1.85,1.72679,-41.2],"size":[0.6,1.4,9.85],"pivot":[1.85,2.92679,-31.35],"rotation":[35,0,0],"uv":{"north":{"uv":[51,38],"uv_size":[1,1]},"west":{"uv":[36,41],"uv_size":[10,1]},"up":{"uv":[30,38],"uv_size":[1,10]},"down":{"uv":[31,48],"uv_size":[1,-10]}}},{"origin":[-2.55,1.7,-31.45],"size":[0.6,1.4,2.85],"uv":{"north":{"uv":[51,39],"uv_size":[1,1]},"east":{"uv":[47,21],"uv_size":[3,1]},"up":{"uv":[43,47],"uv_size":[1,3]}}},{"origin":[-2.55,2.114,-28.76916],"size":[5,0.5776,0.57756],"uv":{"east":{"uv":[51,40],"uv_size":[1,1]},"south":{"uv":[44,43],"uv_size":[5,1]},"west":{"uv":[41,51],"uv_size":[1,1]}}},{"origin":[-2.55,1.9448,-28.6],"size":[5,0.5776,0.57756],"pivot":[1.85,2.5224,-28.6],"rotation":[-45,0,0],"uv":{"east":{"uv":[51,41],"uv_size":[1,1]},"south":{"uv":[45,18],"uv_size":[5,1]},"west":{"uv":[42,51],"uv_size":[1,1]}}},{"origin":[-2.55,2.5224,-28.6],"size":[5,0.5776,0.57756],"pivot":[1.85,3.1,-28.6],"rotation":[-45,0,0],"uv":{"east":{"uv":[51,42],"uv_size":[1,1]},"west":{"uv":[43,51],"uv_size":[1,1]},"up":{"uv":[45,38],"uv_size":[5,1]}}},{"origin":[1.85,1.7,-31.45],"size":[0.6,1.4,2.85],"uv":{"west":{"uv":[47,35],"uv_size":[3,1]},"up":{"uv":[28,48],"uv_size":[1,3]},"down":{"uv":[29,51],"uv_size":[1,-3]}}},{"origin":[-1.95,1.7,-30.45],"size":[1.2,2.2,2.85],"uv":{"north":{"uv":[50,1],"uv_size":[1,2]},"east":{"uv":[0,44],"uv_size":[3,2]},"south":{"uv":[3,50],"uv_size":[1,2]},"west":{"uv":[44,1],"uv_size":[3,2]},"up":{"uv":[30,48],"uv_size":[1,3]}}},{"origin":[0.65,1.1,-30.45],"size":[1.2,2.7,2.85],"uv":{"north":{"uv":[32,48],"uv_size":[1,3]},"east":{"uv":[42,37],"uv_size":[3,3]},"south":{"uv":[33,48],"uv_size":[1,3]},"west":{"uv":[41,42],"uv_size":[3,3]},"up":{"uv":[34,48],"uv_size":[1,3]}}},{"origin":[0.65,3.2,-27.6],"size":[0.7,0.5,32.5],"uv":{"east":{"uv":[20,26],"uv_size":[33,1]},"up":{"uv":[20,28],"uv_size":[1,33]}}},{"origin":[-1.45,3.2,-27.6],"size":[0.7,0.5,32.5],"uv":{"west":{"uv":[22,29],"uv_size":[33,1]},"up":{"uv":[22,30],"uv_size":[1,33]}}},{"origin":[-2.85,-0.6,7.4],"size":[5.6,1.8,4.5],"pivot":[2.75,1.2,7.4],"rotation":[-45,0,0],"uv":{"east":{"uv":[42,35],"uv_size":[5,2]},"west":{"uv":[36,42],"uv_size":[5,2]},"up":{"uv":[26,30],"uv_size":[6,5]}}},{"origin":[-2.85,0.2,-30.6],"size":[0.3,1,12.5],"uv":{"north":{"uv":[51,46],"uv_size":[1,1]},"east":{"uv":[32,7],"uv_size":[12,1]},"down":{"uv":[27,50],"uv_size":[1,-12]}}},{"origin":[-2.85,-1,-19.8],"size":[0.3,0.9,1.7],"pivot":[-2.55,-1,-18.1],"rotation":[-45,0,0],"uv":{"east":{"uv":[50,3],"uv_size":[2,1]},"down":{"uv":[50,14],"uv_size":[1,-2]}}},{"origin":[1.75,-3,-24.9],"size":[1,1.2,0.6],"pivot":[1.15,-1.8,-24.9],"rotation":[45,0,0],"uv":{"north":{"uv":[51,48],"uv_size":[1,1]},"east":{"uv":[49,51],"uv_size":[1,1]},"west":{"uv":[50,51],"uv_size":[1,1]}}},{"origin":[1.75,-1.8,-30.6],"size":[1,3,6.5],"uv":{"north":{"uv":[48,45],"uv_size":[1,3]},"east":{"uv":[32,32],"uv_size":[6,3]},"west":{"uv":[26,35],"uv_size":[6,3]},"down":{"uv":[36,50],"uv_size":[1,-6]}}},{"origin":[-2.85,-3.3,9.3],"size":[5.6,1.32,1.28],"uv":{"east":{"uv":[0,52],"uv_size":[1,1]},"south":{"uv":[44,3],"uv_size":[6,1]},"west":{"uv":[52,0],"uv_size":[1,1]},"down":{"uv":[44,8],"uv_size":[6,-1]}}},{"origin":[-2.85,-3.3,7.4],"size":[5.6,1.95,1.9],"uv":{"east":{"uv":[46,46],"uv_size":[2,2]},"west":{"uv":[47,1],"uv_size":[2,2]},"down":{"uv":[36,41],"uv_size":[6,-2]}}},{"origin":[-2.85,-3.3,-5.2],"size":[0.3,4.5,12.6],"uv":{"east":{"uv":[4,8],"uv_size":[13,4]},"up":{"uv":[32,35],"uv_size":[1,13]},"down":{"uv":[33,48],"uv_size":[1,-13]}}},{"origin":[-2.85,-1,-18.1],"size":[0.3,2.2,13],"uv":{"east":{"uv":[32,5],"uv_size":[13,2]},"down":{"uv":[35,48],"uv_size":[1,-13]}}},{"origin":[-2.85,-1,-7.5],"size":[0.3,1.65,3.25],"pivot":[-2.55,-1,-7.5],"rotation":[-45,0,0],"uv":{"east":{"uv":[44,32],"uv_size":[3,2]},"down":{"uv":[48,51],"uv_size":[1,-3]}}},{"origin":[2.45,-3.3,-24.1],"size":[0.3,4.5,31.5],"uv":{"north":{"uv":[39,47],"uv_size":[1,4]},"east":{"uv":[0,0],"uv_size":[32,4]},"west":{"uv":[0,4],"uv_size":[32,4]},"up":{"uv":[24,30],"uv_size":[1,32]},"down":{"uv":[25,62],"uv_size":[1,-32]}}}]},{"name":"s_dust_cover_scope","parent":"root","pivot":[0,3.6,-10.5]}]}]}