{"format_version":"1.12.0","minecraft:geometry":[{"description":{"identifier":"geometry.unknown","texture_width":128,"texture_height":128,"visible_bounds_width":3,"visible_bounds_height":1.5,"visible_bounds_offset":[0,0.25,0]},"bones":[{"name":"root","pivot":[0,0,0]},{"name":"body","parent":"root","pivot":[0,0,0],"cubes":[{"origin":[2.21402,-5.65878,11.75],"size":[0.5,2.93764,2],"pivot":[2.71402,-2.72114,-13.75],"rotation":[0,0,67.5],"uv":{"north":{"uv":[24,66],"uv_size":[1,3]},"east":{"uv":[45,22],"uv_size":[2,3]},"south":{"uv":[26,66],"uv_size":[1,3]},"west":{"uv":[48,22],"uv_size":[2,3]}}},{"origin":[2.21402,-5.65878,8.25],"size":[0.5,2.93764,1],"pivot":[2.71402,-2.72114,-13.75],"rotation":[0,0,67.5],"uv":{"north":{"uv":[66,28],"uv_size":[1,3]},"east":{"uv":[66,32],"uv_size":[1,3]},"south":{"uv":[66,36],"uv_size":[1,3]},"west":{"uv":[66,40],"uv_size":[1,3]}}},{"origin":[2.21402,-5.65878,4.75],"size":[0.5,2.93764,1],"pivot":[2.71402,-2.72114,-13.75],"rotation":[0,0,67.5],"uv":{"north":{"uv":[50,66],"uv_size":[1,3]},"east":{"uv":[52,66],"uv_size":[1,3]},"south":{"uv":[54,66],"uv_size":[1,3]},"west":{"uv":[0,67],"uv_size":[1,3]}}},{"origin":[2.21402,-5.65878,1.25],"size":[0.5,2.93764,1],"pivot":[2.71402,-2.72114,-13.75],"rotation":[0,0,67.5],"uv":{"north":{"uv":[2,67],"uv_size":[1,3]},"east":{"uv":[4,67],"uv_size":[1,3]},"south":{"uv":[12,67],"uv_size":[1,3]},"west":{"uv":[67,22],"uv_size":[1,3]}}},{"origin":[2.21402,-5.65878,-2.25],"size":[0.5,2.93764,1],"pivot":[2.71402,-2.72114,-13.75],"rotation":[0,0,67.5],"uv":{"north":{"uv":[56,67],"uv_size":[1,3]},"east":{"uv":[58,67],"uv_size":[1,3]},"south":{"uv":[60,67],"uv_size":[1,3]},"west":{"uv":[62,67],"uv_size":[1,3]}}},{"origin":[2.21402,-5.65878,-5.75],"size":[0.5,2.93764,1],"pivot":[2.71402,-2.72114,-13.75],"rotation":[0,0,67.5],"uv":{"north":{"uv":[64,67],"uv_size":[1,3]},"east":{"uv":[66,67],"uv_size":[1,3]},"south":{"uv":[68,26],"uv_size":[1,3]},"west":{"uv":[68,30],"uv_size":[1,3]}}},{"origin":[2.21402,-5.65878,-9.25],"size":[0.5,2.93764,1],"pivot":[2.71402,-2.72114,-13.75],"rotation":[0,0,67.5],"uv":{"north":{"uv":[68,34],"uv_size":[1,3]},"east":{"uv":[68,38],"uv_size":[1,3]},"south":{"uv":[68,42],"uv_size":[1,3]},"west":{"uv":[68,46],"uv_size":[1,3]}}},{"origin":[1.29014,-1.88246,-10.32868],"size":[0.5,1.6,1.6],"pivot":[1.79014,-3.10382,-11.75],"rotation":[-45,0,67.5],"uv":{"north":{"uv":[10,69],"uv_size":[1,2]},"east":{"uv":[6,54],"uv_size":[2,2]},"west":{"uv":[9,54],"uv_size":[2,2]},"up":{"uv":[26,70],"uv_size":[1,2]}}},{"origin":[1.29014,0.59241,-7.85381],"size":[0.5,1.6,1.6],"pivot":[1.79014,-3.10382,-11.75],"rotation":[-45,0,67.5],"uv":{"north":{"uv":[50,70],"uv_size":[1,2]},"east":{"uv":[50,54],"uv_size":[2,2]},"west":{"uv":[53,54],"uv_size":[2,2]},"up":{"uv":[70,50],"uv_size":[1,2]}}},{"origin":[1.29014,3.06729,-5.37893],"size":[0.5,1.6,1.6],"pivot":[1.79014,-3.10382,-11.75],"rotation":[-45,0,67.5],"uv":{"north":{"uv":[52,70],"uv_size":[1,2]},"east":{"uv":[55,22],"uv_size":[2,2]},"west":{"uv":[55,25],"uv_size":[2,2]},"up":{"uv":[70,53],"uv_size":[1,2]}}},{"origin":[1.29014,5.54216,-2.90406],"size":[0.5,1.6,1.6],"pivot":[1.79014,-3.10382,-11.75],"rotation":[-45,0,67.5],"uv":{"north":{"uv":[54,70],"uv_size":[1,2]},"east":{"uv":[56,46],"uv_size":[2,2]},"west":{"uv":[56,49],"uv_size":[2,2]},"up":{"uv":[68,70],"uv_size":[1,2]}}},{"origin":[1.29014,8.01704,-0.42918],"size":[0.5,1.6,1.6],"pivot":[1.79014,-3.10382,-11.75],"rotation":[-45,0,67.5],"uv":{"north":{"uv":[70,70],"uv_size":[1,2]},"east":{"uv":[56,52],"uv_size":[2,2]},"west":{"uv":[56,55],"uv_size":[2,2]},"up":{"uv":[0,71],"uv_size":[1,2]}}},{"origin":[1.29014,10.49191,2.04569],"size":[0.5,1.6,1.6],"pivot":[1.79014,-3.10382,-11.75],"rotation":[-45,0,67.5],"uv":{"north":{"uv":[2,71],"uv_size":[1,2]},"east":{"uv":[6,57],"uv_size":[2,2]},"west":{"uv":[9,57],"uv_size":[2,2]},"up":{"uv":[4,71],"uv_size":[1,2]}}},{"origin":[1.29014,13.01323,4.36701],"size":[0.5,1,1],"pivot":[1.79014,-3.10382,-11.75],"rotation":[-45,0,67.5],"uv":{"north":{"uv":[49,26],"uv_size":[1,1]},"east":{"uv":[66,44],"uv_size":[1,1]},"west":{"uv":[70,56],"uv_size":[1,1]}}},{"origin":[1.29014,-3.60378,-12.25],"size":[0.5,1,1],"pivot":[1.79014,-3.10382,-11.75],"rotation":[-45,0,67.5],"uv":{"east":{"uv":[48,74],"uv_size":[1,1]},"west":{"uv":[10,75],"uv_size":[1,1]},"up":{"uv":[34,77],"uv_size":[1,1]}}},{"origin":[2.21402,-5.65878,-13.75],"size":[0.5,2.93764,2],"pivot":[2.71402,-2.72114,-13.75],"rotation":[0,0,67.5],"uv":{"north":{"uv":[68,50],"uv_size":[1,3]},"east":{"uv":[50,46],"uv_size":[2,3]},"south":{"uv":[68,54],"uv_size":[1,3]},"west":{"uv":[50,50],"uv_size":[2,3]}}},{"origin":[2.21402,-5.65878,-11.75],"size":[0.5,1.93764,23.5],"pivot":[2.71402,-2.72114,-13.75],"rotation":[0,0,67.5],"uv":{"east":{"uv":[28,28],"uv_size":[24,2]},"west":{"uv":[28,31],"uv_size":[24,2]},"up":{"uv":[40,46],"uv_size":[1,24]}}},{"origin":[-2.71454,2.70711,11.75],"size":[0.5,2.3,2],"pivot":[-2.71454,2.70711,-13.25],"rotation":[0,0,67.5],"uv":{"north":{"uv":[6,71],"uv_size":[1,2]},"east":{"uv":[16,57],"uv_size":[2,2]},"south":{"uv":[8,71],"uv_size":[1,2]},"west":{"uv":[19,57],"uv_size":[2,2]}}},{"origin":[-2.71454,2.70711,8.25],"size":[0.5,0.93764,1],"pivot":[-2.71454,2.70711,-13.75],"rotation":[0,0,67.5],"uv":{"north":{"uv":[36,77],"uv_size":[1,1]},"east":{"uv":[38,77],"uv_size":[1,1]},"south":{"uv":[40,77],"uv_size":[1,1]},"west":{"uv":[77,43],"uv_size":[1,1]}}},{"origin":[-2.71454,2.70711,4.75],"size":[0.5,0.93764,1],"pivot":[-2.71454,2.70711,-13.75],"rotation":[0,0,67.5],"uv":{"north":{"uv":[77,45],"uv_size":[1,1]},"east":{"uv":[77,47],"uv_size":[1,1]},"south":{"uv":[77,49],"uv_size":[1,1]},"west":{"uv":[77,51],"uv_size":[1,1]}}},{"origin":[-2.71454,2.70711,1.25],"size":[0.5,0.93764,1],"pivot":[-2.71454,2.70711,-13.75],"rotation":[0,0,67.5],"uv":{"north":{"uv":[77,53],"uv_size":[1,1]},"east":{"uv":[77,55],"uv_size":[1,1]},"south":{"uv":[77,57],"uv_size":[1,1]},"west":{"uv":[77,59],"uv_size":[1,1]}}},{"origin":[-2.71454,2.70711,-2.25],"size":[0.5,0.93764,1],"pivot":[-2.71454,2.70711,-13.75],"rotation":[0,0,67.5],"uv":{"north":{"uv":[77,61],"uv_size":[1,1]},"east":{"uv":[77,63],"uv_size":[1,1]},"south":{"uv":[77,65],"uv_size":[1,1]},"west":{"uv":[77,67],"uv_size":[1,1]}}},{"origin":[-2.71454,2.70711,-5.75],"size":[0.5,0.93764,1],"pivot":[-2.71454,2.70711,-13.75],"rotation":[0,0,67.5],"uv":{"north":{"uv":[77,69],"uv_size":[1,1]},"east":{"uv":[77,71],"uv_size":[1,1]},"south":{"uv":[75,77],"uv_size":[1,1]},"west":{"uv":[77,77],"uv_size":[1,1]}}},{"origin":[-2.71454,2.70711,-9.25],"size":[0.5,0.93764,1],"pivot":[-2.71454,2.70711,-13.75],"rotation":[0,0,67.5],"uv":{"north":{"uv":[78,20],"uv_size":[1,1]},"east":{"uv":[78,22],"uv_size":[1,1]},"south":{"uv":[24,78],"uv_size":[1,1]},"west":{"uv":[26,78],"uv_size":[1,1]}}},{"origin":[-2.71454,3.80711,-11.75],"size":[0.5,1.93764,23.5],"pivot":[-2.71454,2.70711,-13.75],"rotation":[0,0,67.5],"uv":{"east":{"uv":[28,34],"uv_size":[24,2]},"west":{"uv":[28,37],"uv_size":[24,2]},"down":{"uv":[42,70],"uv_size":[1,-24]}}},{"origin":[-1.69827,19.28041,4.40236],"size":[0.5,0.5,1],"pivot":[-1.69827,3.12807,-11.75],"rotation":[-45,0,67.5],"uv":{"east":{"uv":[42,78],"uv_size":[1,1]},"west":{"uv":[44,78],"uv_size":[1,1]},"down":{"uv":[46,79],"uv_size":[1,-1]}}},{"origin":[-1.69827,16.84822,1.92017],"size":[0.5,1.6,1.6],"pivot":[-1.69827,3.12807,-11.75],"rotation":[-45,0,67.5],"uv":{"east":{"uv":[22,57],"uv_size":[2,2]},"south":{"uv":[12,71],"uv_size":[1,2]},"west":{"uv":[25,57],"uv_size":[2,2]},"down":{"uv":[14,73],"uv_size":[1,-2]}}},{"origin":[-1.69827,14.37334,-0.55471],"size":[0.5,1.6,1.6],"pivot":[-1.69827,3.12807,-11.75],"rotation":[-45,0,67.5],"uv":{"east":{"uv":[57,28],"uv_size":[2,2]},"south":{"uv":[16,71],"uv_size":[1,2]},"west":{"uv":[57,31],"uv_size":[2,2]},"down":{"uv":[18,73],"uv_size":[1,-2]}}},{"origin":[-1.69827,11.89847,-3.02958],"size":[0.5,1.6,1.6],"pivot":[-1.69827,3.12807,-11.75],"rotation":[-45,0,67.5],"uv":{"east":{"uv":[57,34],"uv_size":[2,2]},"south":{"uv":[20,71],"uv_size":[1,2]},"west":{"uv":[57,37],"uv_size":[2,2]},"down":{"uv":[40,73],"uv_size":[1,-2]}}},{"origin":[-1.69827,9.4236,-5.50445],"size":[0.5,1.6,1.6],"pivot":[-1.69827,3.12807,-11.75],"rotation":[-45,0,67.5],"uv":{"east":{"uv":[57,40],"uv_size":[2,2]},"south":{"uv":[42,71],"uv_size":[1,2]},"west":{"uv":[57,43],"uv_size":[2,2]},"down":{"uv":[44,73],"uv_size":[1,-2]}}},{"origin":[-1.69827,6.94872,-7.97933],"size":[0.5,1.6,1.6],"pivot":[-1.69827,3.12807,-11.75],"rotation":[-45,0,67.5],"uv":{"east":{"uv":[50,57],"uv_size":[2,2]},"south":{"uv":[46,71],"uv_size":[1,2]},"west":{"uv":[53,57],"uv_size":[2,2]},"down":{"uv":[48,73],"uv_size":[1,-2]}}},{"origin":[-1.69827,4.47385,-10.4542],"size":[0.5,1.6,1.6],"pivot":[-1.69827,3.12807,-11.75],"rotation":[-45,0,67.5],"uv":{"east":{"uv":[0,58],"uv_size":[2,2]},"south":{"uv":[56,71],"uv_size":[1,2]},"west":{"uv":[3,58],"uv_size":[2,2]},"down":{"uv":[58,73],"uv_size":[1,-2]}}},{"origin":[-1.69827,2.59269,-11.78536],"size":[0.5,1,0.5],"pivot":[-1.69827,3.12807,-11.75],"rotation":[-45,0,67.5],"uv":{"east":{"uv":[48,78],"uv_size":[1,1]},"south":{"uv":[50,78],"uv_size":[1,1]},"west":{"uv":[52,78],"uv_size":[1,1]}}},{"origin":[-2.71454,2.70711,-13.75],"size":[0.5,2.3,2],"pivot":[-2.71454,2.70711,-13.75],"rotation":[0,0,67.5],"uv":{"north":{"uv":[60,71],"uv_size":[1,2]},"east":{"uv":[12,58],"uv_size":[2,2]},"south":{"uv":[62,71],"uv_size":[1,2]},"west":{"uv":[58,22],"uv_size":[2,2]}}},{"origin":[2.21402,-2.72114,11.75],"size":[0.5,1.93764,2],"pivot":[2.71402,-2.72114,-13.75],"rotation":[0,0,22.5],"uv":{"north":{"uv":[64,71],"uv_size":[1,2]},"east":{"uv":[58,25],"uv_size":[2,2]},"south":{"uv":[66,71],"uv_size":[1,2]},"west":{"uv":[56,58],"uv_size":[2,2]}}},{"origin":[2.21402,-2.72114,8.25],"size":[0.5,1.93764,1],"pivot":[2.71402,-2.72114,-13.75],"rotation":[0,0,22.5],"uv":{"north":{"uv":[10,72],"uv_size":[1,2]},"east":{"uv":[22,72],"uv_size":[1,2]},"south":{"uv":[24,72],"uv_size":[1,2]},"west":{"uv":[72,50],"uv_size":[1,2]}}},{"origin":[2.21402,-2.72114,4.75],"size":[0.5,1.93764,1],"pivot":[2.71402,-2.72114,-13.75],"rotation":[0,0,22.5],"uv":{"north":{"uv":[72,53],"uv_size":[1,2]},"east":{"uv":[72,56],"uv_size":[1,2]},"south":{"uv":[72,59],"uv_size":[1,2]},"west":{"uv":[72,62],"uv_size":[1,2]}}},{"origin":[2.21402,-2.72114,1.25],"size":[0.5,1.93764,1],"pivot":[2.71402,-2.72114,-13.75],"rotation":[0,0,22.5],"uv":{"north":{"uv":[72,65],"uv_size":[1,2]},"east":{"uv":[72,68],"uv_size":[1,2]},"south":{"uv":[72,71],"uv_size":[1,2]},"west":{"uv":[73,22],"uv_size":[1,2]}}},{"origin":[2.21402,-2.72114,-2.25],"size":[0.5,1.93764,1],"pivot":[2.71402,-2.72114,-13.75],"rotation":[0,0,22.5],"uv":{"north":{"uv":[26,73],"uv_size":[1,2]},"east":{"uv":[50,73],"uv_size":[1,2]},"south":{"uv":[52,73],"uv_size":[1,2]},"west":{"uv":[54,73],"uv_size":[1,2]}}},{"origin":[2.21402,-2.72114,-5.75],"size":[0.5,1.93764,1],"pivot":[2.71402,-2.72114,-13.75],"rotation":[0,0,22.5],"uv":{"north":{"uv":[68,73],"uv_size":[1,2]},"east":{"uv":[70,73],"uv_size":[1,2]},"south":{"uv":[0,74],"uv_size":[1,2]},"west":{"uv":[74,0],"uv_size":[1,2]}}},{"origin":[2.21402,-2.72114,-9.25],"size":[0.5,1.93764,1],"pivot":[2.71402,-2.72114,-13.75],"rotation":[0,0,22.5],"uv":{"north":{"uv":[2,74],"uv_size":[1,2]},"east":{"uv":[74,3],"uv_size":[1,2]},"south":{"uv":[4,74],"uv_size":[1,2]},"west":{"uv":[6,74],"uv_size":[1,2]}}},{"origin":[2.21402,-2.72114,-13.75],"size":[0.5,1.93764,2],"pivot":[2.71402,-2.72114,-13.75],"rotation":[0,0,22.5],"uv":{"north":{"uv":[74,6],"uv_size":[1,2]},"east":{"uv":[59,46],"uv_size":[2,2]},"south":{"uv":[8,74],"uv_size":[1,2]},"west":{"uv":[59,49],"uv_size":[2,2]}}},{"origin":[-2.71454,0.76948,11.75],"size":[0.5,1.93764,2],"pivot":[-2.71454,2.70711,-13.75],"rotation":[0,0,22.5],"uv":{"north":{"uv":[74,9],"uv_size":[1,2]},"east":{"uv":[59,52],"uv_size":[2,2]},"south":{"uv":[12,74],"uv_size":[1,2]},"west":{"uv":[59,55],"uv_size":[2,2]}}},{"origin":[-2.71454,1.76948,8.25],"size":[0.5,0.93764,1],"pivot":[-2.71454,2.70711,-13.75],"rotation":[0,0,22.5],"uv":{"north":{"uv":[54,78],"uv_size":[1,1]},"east":{"uv":[56,78],"uv_size":[1,1]},"south":{"uv":[58,78],"uv_size":[1,1]},"west":{"uv":[60,78],"uv_size":[1,1]}}},{"origin":[-2.71454,1.76948,4.75],"size":[0.5,0.93764,1],"pivot":[-2.71454,2.70711,-13.75],"rotation":[0,0,22.5],"uv":{"north":{"uv":[62,78],"uv_size":[1,1]},"east":{"uv":[64,78],"uv_size":[1,1]},"south":{"uv":[66,78],"uv_size":[1,1]},"west":{"uv":[68,78],"uv_size":[1,1]}}},{"origin":[-2.71454,1.76948,1.25],"size":[0.5,0.93764,1],"pivot":[-2.71454,2.70711,-13.75],"rotation":[0,0,22.5],"uv":{"north":{"uv":[70,78],"uv_size":[1,1]},"east":{"uv":[72,78],"uv_size":[1,1]},"south":{"uv":[78,73],"uv_size":[1,1]},"west":{"uv":[78,75],"uv_size":[1,1]}}},{"origin":[-2.71454,1.76948,-2.25],"size":[0.5,0.93764,1],"pivot":[-2.71454,2.70711,-13.75],"rotation":[0,0,22.5],"uv":{"north":{"uv":[0,79],"uv_size":[1,1]},"east":{"uv":[79,0],"uv_size":[1,1]},"south":{"uv":[2,79],"uv_size":[1,1]},"west":{"uv":[79,2],"uv_size":[1,1]}}},{"origin":[-2.71454,1.76948,-5.75],"size":[0.5,0.93764,1],"pivot":[-2.71454,2.70711,-13.75],"rotation":[0,0,22.5],"uv":{"north":{"uv":[4,79],"uv_size":[1,1]},"east":{"uv":[79,4],"uv_size":[1,1]},"south":{"uv":[6,79],"uv_size":[1,1]},"west":{"uv":[79,6],"uv_size":[1,1]}}},{"origin":[-2.71454,1.76948,-9.25],"size":[0.5,0.93764,1],"pivot":[-2.71454,2.70711,-13.75],"rotation":[0,0,22.5],"uv":{"north":{"uv":[8,79],"uv_size":[1,1]},"east":{"uv":[79,8],"uv_size":[1,1]},"south":{"uv":[10,79],"uv_size":[1,1]},"west":{"uv":[79,10],"uv_size":[1,1]}}},{"origin":[-2.71454,-0.73052,-11.75],"size":[0.5,1.93764,23.5],"pivot":[-2.71454,2.70711,-13.75],"rotation":[0,0,22.5],"uv":{"east":{"uv":[28,40],"uv_size":[24,2]},"west":{"uv":[28,43],"uv_size":[24,2]},"up":{"uv":[44,46],"uv_size":[1,24]}}},{"origin":[-2.71454,0.76948,-13.75],"size":[0.5,1.93764,2],"pivot":[-2.71454,2.70711,-13.75],"rotation":[0,0,22.5],"uv":{"north":{"uv":[74,12],"uv_size":[1,2]},"east":{"uv":[59,58],"uv_size":[2,2]},"south":{"uv":[14,74],"uv_size":[1,2]},"west":{"uv":[6,60],"uv_size":[2,2]}}},{"origin":[-3.28856,17.43831,4.36701],"size":[0.5,1,0.5],"pivot":[-3.28856,1.32129,-11.75],"rotation":[-45,0,22.5],"uv":{"north":{"uv":[12,79],"uv_size":[1,1]},"east":{"uv":[79,12],"uv_size":[1,1]},"west":{"uv":[14,79],"uv_size":[1,1]}}},{"origin":[-3.28856,14.96343,1.89214],"size":[0.5,1.7,1.7],"pivot":[-3.28856,1.32129,-11.75],"rotation":[-45,0,22.5],"uv":{"north":{"uv":[74,15],"uv_size":[1,2]},"east":{"uv":[9,60],"uv_size":[2,2]},"west":{"uv":[15,60],"uv_size":[2,2]},"up":{"uv":[16,74],"uv_size":[1,2]}}},{"origin":[-3.28856,12.48856,-0.58274],"size":[0.5,1.7,1.7],"pivot":[-3.28856,1.32129,-11.75],"rotation":[-45,0,22.5],"uv":{"north":{"uv":[18,74],"uv_size":[1,2]},"east":{"uv":[18,60],"uv_size":[2,2]},"west":{"uv":[21,60],"uv_size":[2,2]},"up":{"uv":[74,18],"uv_size":[1,2]}}},{"origin":[-3.28856,10.01368,-3.05761],"size":[0.5,1.7,1.7],"pivot":[-3.28856,1.32129,-11.75],"rotation":[-45,0,22.5],"uv":{"north":{"uv":[20,74],"uv_size":[1,2]},"east":{"uv":[24,60],"uv_size":[2,2]},"west":{"uv":[60,28],"uv_size":[2,2]},"up":{"uv":[74,25],"uv_size":[1,2]}}},{"origin":[-3.28856,7.53881,-5.53249],"size":[0.5,1.7,1.7],"pivot":[-3.28856,1.32129,-11.75],"rotation":[-45,0,22.5],"uv":{"north":{"uv":[74,28],"uv_size":[1,2]},"east":{"uv":[60,31],"uv_size":[2,2]},"west":{"uv":[60,34],"uv_size":[2,2]},"up":{"uv":[74,31],"uv_size":[1,2]}}},{"origin":[-3.28856,5.06394,-8.00736],"size":[0.5,1.7,1.7],"pivot":[-3.28856,1.32129,-11.75],"rotation":[-45,0,22.5],"uv":{"north":{"uv":[74,34],"uv_size":[1,2]},"east":{"uv":[60,37],"uv_size":[2,2]},"west":{"uv":[60,40],"uv_size":[2,2]},"up":{"uv":[74,37],"uv_size":[1,2]}}},{"origin":[-3.28856,2.58906,-10.48223],"size":[0.5,1.7,1.7],"pivot":[-3.28856,1.32129,-11.75],"rotation":[-45,0,22.5],"uv":{"north":{"uv":[40,74],"uv_size":[1,2]},"east":{"uv":[60,43],"uv_size":[2,2]},"west":{"uv":[50,60],"uv_size":[2,2]},"up":{"uv":[74,40],"uv_size":[1,2]}}},{"origin":[-3.28856,1.3213,-12.25],"size":[0.5,0.5,1],"pivot":[-3.28856,1.32129,-11.75],"rotation":[-45,0,22.5],"uv":{"east":{"uv":[79,14],"uv_size":[1,1]},"west":{"uv":[16,79],"uv_size":[1,1]},"up":{"uv":[79,16],"uv_size":[1,1]}}},{"origin":[-4.65217,-2.72135,11.75],"size":[1.93764,0.5,2],"pivot":[-2.71454,-2.72135,-13.75],"rotation":[0,0,67.5],"uv":{"north":{"uv":[42,74],"uv_size":[2,1]},"south":{"uv":[74,43],"uv_size":[2,1]},"up":{"uv":[53,60],"uv_size":[2,2]},"down":{"uv":[0,63],"uv_size":[2,-2]}}},{"origin":[-4.65217,-2.72135,8.25],"size":[1.93764,0.5,1],"pivot":[-2.71454,-2.72135,-13.75],"rotation":[0,0,67.5],"uv":{"north":{"uv":[45,74],"uv_size":[2,1]},"south":{"uv":[74,45],"uv_size":[2,1]},"up":{"uv":[74,47],"uv_size":[2,1]},"down":{"uv":[74,50],"uv_size":[2,-1]}}},{"origin":[-4.65217,-2.72135,4.75],"size":[1.93764,0.5,1],"pivot":[-2.71454,-2.72135,-13.75],"rotation":[0,0,67.5],"uv":{"north":{"uv":[74,51],"uv_size":[2,1]},"south":{"uv":[74,53],"uv_size":[2,1]},"up":{"uv":[74,55],"uv_size":[2,1]},"down":{"uv":[56,75],"uv_size":[2,-1]}}},{"origin":[-4.65217,-2.72135,1.25],"size":[1.93764,0.5,1],"pivot":[-2.71454,-2.72135,-13.75],"rotation":[0,0,67.5],"uv":{"north":{"uv":[74,57],"uv_size":[2,1]},"south":{"uv":[59,74],"uv_size":[2,1]},"up":{"uv":[74,59],"uv_size":[2,1]},"down":{"uv":[74,62],"uv_size":[2,-1]}}},{"origin":[-4.65217,-2.72135,-2.25],"size":[1.93764,0.5,1],"pivot":[-2.71454,-2.72135,-13.75],"rotation":[0,0,67.5],"uv":{"north":{"uv":[62,74],"uv_size":[2,1]},"south":{"uv":[74,63],"uv_size":[2,1]},"up":{"uv":[65,74],"uv_size":[2,1]},"down":{"uv":[74,66],"uv_size":[2,-1]}}},{"origin":[-4.65217,-2.72135,-5.75],"size":[1.93764,0.5,1],"pivot":[-2.71454,-2.72135,-13.75],"rotation":[0,0,67.5],"uv":{"north":{"uv":[74,67],"uv_size":[2,1]},"south":{"uv":[74,69],"uv_size":[2,1]},"up":{"uv":[74,71],"uv_size":[2,1]},"down":{"uv":[72,75],"uv_size":[2,-1]}}},{"origin":[-4.65217,-2.72135,-9.25],"size":[1.93764,0.5,1],"pivot":[-2.71454,-2.72135,-13.75],"rotation":[0,0,67.5],"uv":{"north":{"uv":[75,21],"uv_size":[2,1]},"south":{"uv":[22,75],"uv_size":[2,1]},"up":{"uv":[75,23],"uv_size":[2,1]},"down":{"uv":[28,76],"uv_size":[2,-1]}}},{"origin":[-4.65217,-2.72135,-13.75],"size":[1.93764,0.5,2],"pivot":[-2.71454,-2.72135,-13.75],"rotation":[0,0,67.5],"uv":{"north":{"uv":[31,75],"uv_size":[2,1]},"south":{"uv":[34,75],"uv_size":[2,1]},"up":{"uv":[3,61],"uv_size":[2,2]},"down":{"uv":[12,63],"uv_size":[2,-2]}}},{"origin":[2.71402,2.2069,11.75],"size":[1.93764,0.5,2],"pivot":[2.71402,2.7069,-13.75],"rotation":[0,0,67.5],"uv":{"north":{"uv":[37,75],"uv_size":[2,1]},"south":{"uv":[75,73],"uv_size":[2,1]},"up":{"uv":[61,22],"uv_size":[2,2]},"down":{"uv":[61,27],"uv_size":[2,-2]}}},{"origin":[2.71402,2.2069,8.25],"size":[0.93764,0.5,1],"pivot":[2.71402,2.7069,-13.75],"rotation":[0,0,67.5],"uv":{"north":{"uv":[18,79],"uv_size":[1,1]},"south":{"uv":[79,18],"uv_size":[1,1]},"up":{"uv":[20,79],"uv_size":[1,1]},"down":{"uv":[22,80],"uv_size":[1,-1]}}},{"origin":[2.71402,2.2069,4.65],"size":[0.93764,0.5,1],"pivot":[2.71402,2.7069,-13.75],"rotation":[0,0,67.5],"uv":{"north":{"uv":[79,24],"uv_size":[1,1]},"south":{"uv":[79,26],"uv_size":[1,1]},"up":{"uv":[28,79],"uv_size":[1,1]},"down":{"uv":[79,29],"uv_size":[1,-1]}}},{"origin":[2.71402,2.2069,1.25],"size":[0.93764,0.5,1],"pivot":[2.71402,2.7069,-13.75],"rotation":[0,0,67.5],"uv":{"north":{"uv":[30,79],"uv_size":[1,1]},"south":{"uv":[79,30],"uv_size":[1,1]},"up":{"uv":[32,79],"uv_size":[1,1]},"down":{"uv":[79,33],"uv_size":[1,-1]}}},{"origin":[2.71402,2.2069,-2.25],"size":[0.93764,0.5,1],"pivot":[2.71402,2.7069,-13.75],"rotation":[0,0,67.5],"uv":{"north":{"uv":[34,79],"uv_size":[1,1]},"south":{"uv":[79,34],"uv_size":[1,1]},"up":{"uv":[36,79],"uv_size":[1,1]},"down":{"uv":[79,37],"uv_size":[1,-1]}}},{"origin":[2.71402,2.2069,-5.75],"size":[0.93764,0.5,1],"pivot":[2.71402,2.7069,-13.75],"rotation":[0,0,67.5],"uv":{"north":{"uv":[38,79],"uv_size":[1,1]},"south":{"uv":[79,38],"uv_size":[1,1]},"up":{"uv":[40,79],"uv_size":[1,1]},"down":{"uv":[79,41],"uv_size":[1,-1]}}},{"origin":[19.41009,0.82105,4.37203],"size":[1,0.5,1],"pivot":[3.28806,1.32105,-11.75],"rotation":[0,-45,67.5],"uv":{"east":{"uv":[79,42],"uv_size":[1,1]},"up":{"uv":[79,44],"uv_size":[1,1]},"down":{"uv":[79,47],"uv_size":[1,-1]}}},{"origin":[16.93522,0.82105,1.89716],"size":[1.7,0.5,1.7],"pivot":[3.28806,1.32105,-11.75],"rotation":[0,-45,67.5],"uv":{"east":{"uv":[75,75],"uv_size":[2,1]},"south":{"uv":[76,0],"uv_size":[2,1]},"up":{"uv":[56,61],"uv_size":[2,2]},"down":{"uv":[59,63],"uv_size":[2,-2]}}},{"origin":[14.38963,0.82105,-0.64842],"size":[1.7,0.5,1.7],"pivot":[3.28806,1.32105,-11.75],"rotation":[0,-45,67.5],"uv":{"east":{"uv":[76,2],"uv_size":[2,1]},"south":{"uv":[76,4],"uv_size":[2,1]},"up":{"uv":[62,46],"uv_size":[2,2]},"down":{"uv":[62,51],"uv_size":[2,-2]}}},{"origin":[11.98547,0.82105,-3.05259],"size":[1.7,0.5,1.7],"pivot":[3.28806,1.32105,-11.75],"rotation":[0,-45,67.5],"uv":{"east":{"uv":[76,6],"uv_size":[2,1]},"south":{"uv":[76,8],"uv_size":[2,1]},"up":{"uv":[62,52],"uv_size":[2,2]},"down":{"uv":[62,57],"uv_size":[2,-2]}}},{"origin":[9.51059,0.82105,-5.52746],"size":[1.7,0.5,1.7],"pivot":[3.28806,1.32105,-11.75],"rotation":[0,-45,67.5],"uv":{"east":{"uv":[76,10],"uv_size":[2,1]},"south":{"uv":[76,12],"uv_size":[2,1]},"up":{"uv":[62,58],"uv_size":[2,2]},"down":{"uv":[62,63],"uv_size":[2,-2]}}},{"origin":[7.03572,0.82105,-8.00233],"size":[1.7,0.5,1.7],"pivot":[3.28806,1.32105,-11.75],"rotation":[0,-45,67.5],"uv":{"east":{"uv":[76,14],"uv_size":[2,1]},"south":{"uv":[76,16],"uv_size":[2,1]},"up":{"uv":[6,63],"uv_size":[2,2]},"down":{"uv":[9,65],"uv_size":[2,-2]}}},{"origin":[4.56085,0.82105,-10.47721],"size":[1.7,0.5,1.7],"pivot":[3.28806,1.32105,-11.75],"rotation":[0,-45,67.5],"uv":{"east":{"uv":[76,18],"uv_size":[2,1]},"south":{"uv":[25,76],"uv_size":[2,1]},"up":{"uv":[15,63],"uv_size":[2,2]},"down":{"uv":[18,65],"uv_size":[2,-2]}}},{"origin":[2.78805,0.82105,-12.25],"size":[1,0.5,1],"pivot":[3.28806,1.32105,-11.75],"rotation":[0,-45,67.5],"uv":{"south":{"uv":[79,48],"uv_size":[1,1]},"up":{"uv":[79,50],"uv_size":[1,1]},"down":{"uv":[79,53],"uv_size":[1,-1]}}},{"origin":[2.71402,2.2069,-9.25],"size":[0.93764,0.5,1],"pivot":[2.71402,2.7069,-13.75],"rotation":[0,0,67.5],"uv":{"north":{"uv":[79,54],"uv_size":[1,1]},"south":{"uv":[79,56],"uv_size":[1,1]},"up":{"uv":[79,58],"uv_size":[1,1]},"down":{"uv":[79,61],"uv_size":[1,-1]}}},{"origin":[4.21405,2.2069,-11.75],"size":[1.4376,0.5,23.5],"pivot":[2.71402,2.7069,-13.75],"rotation":[0,0,67.5],"uv":{"east":{"uv":[45,16],"uv_size":[24,1]},"up":{"uv":[46,46],"uv_size":[1,24]},"down":{"uv":[48,70],"uv_size":[1,-24]}}},{"origin":[2.71402,2.2069,-13.75],"size":[1.93764,0.5,2],"pivot":[2.71402,2.7069,-13.75],"rotation":[0,0,67.5],"uv":{"north":{"uv":[76,25],"uv_size":[2,1]},"south":{"uv":[76,27],"uv_size":[2,1]},"up":{"uv":[21,63],"uv_size":[2,2]},"down":{"uv":[24,65],"uv_size":[2,-2]}}},{"origin":[-2.71424,-2.72165,8.25],"size":[2.93764,0.5,1],"pivot":[-2.71424,-2.72165,-13.75],"rotation":[0,0,22.5],"uv":{"north":{"uv":[45,26],"uv_size":[3,1]},"south":{"uv":[68,58],"uv_size":[3,1]},"up":{"uv":[68,60],"uv_size":[3,1]},"down":{"uv":[68,63],"uv_size":[3,-1]}}},{"origin":[-2.71424,-2.72165,4.75],"size":[2.93764,0.5,1],"pivot":[-2.71424,-2.72165,-13.75],"rotation":[0,0,22.5],"uv":{"north":{"uv":[68,64],"uv_size":[3,1]},"south":{"uv":[68,66],"uv_size":[3,1]},"up":{"uv":[68,68],"uv_size":[3,1]},"down":{"uv":[6,70],"uv_size":[3,-1]}}},{"origin":[-2.71424,-2.72165,1.25],"size":[2.93764,0.5,1],"pivot":[-2.71424,-2.72165,-13.75],"rotation":[0,0,22.5],"uv":{"north":{"uv":[14,69],"uv_size":[3,1]},"south":{"uv":[18,69],"uv_size":[3,1]},"up":{"uv":[69,22],"uv_size":[3,1]},"down":{"uv":[69,25],"uv_size":[3,-1]}}},{"origin":[-2.71424,-2.72165,-2.25],"size":[2.93764,0.5,1],"pivot":[-2.71424,-2.72165,-13.75],"rotation":[0,0,22.5],"uv":{"north":{"uv":[70,16],"uv_size":[3,1]},"south":{"uv":[70,18],"uv_size":[3,1]},"up":{"uv":[70,20],"uv_size":[3,1]},"down":{"uv":[22,71],"uv_size":[3,-1]}}},{"origin":[-2.71424,-2.72165,-5.75],"size":[2.93764,0.5,1],"pivot":[-2.71424,-2.72165,-13.75],"rotation":[0,0,22.5],"uv":{"north":{"uv":[70,26],"uv_size":[3,1]},"south":{"uv":[70,28],"uv_size":[3,1]},"up":{"uv":[70,30],"uv_size":[3,1]},"down":{"uv":[70,33],"uv_size":[3,-1]}}},{"origin":[-2.71424,-2.72165,-9.25],"size":[2.93764,0.5,1],"pivot":[-2.71424,-2.72165,-13.75],"rotation":[0,0,22.5],"uv":{"north":{"uv":[70,34],"uv_size":[3,1]},"south":{"uv":[70,36],"uv_size":[3,1]},"up":{"uv":[70,38],"uv_size":[3,1]},"down":{"uv":[70,41],"uv_size":[3,-1]}}},{"origin":[-2.71424,-2.72165,-13.75],"size":[2.93764,0.5,2],"pivot":[-2.71424,-2.72165,-13.75],"rotation":[0,0,22.5],"uv":{"north":{"uv":[70,42],"uv_size":[3,1]},"south":{"uv":[70,44],"uv_size":[3,1]},"up":{"uv":[51,22],"uv_size":[3,2]},"down":{"uv":[51,27],"uv_size":[3,-2]}}},{"origin":[-1.71424,-2.72165,-11.75],"size":[1.93764,0.5,23.5],"pivot":[-2.71424,-2.72165,-13.75],"rotation":[0,0,22.5],"uv":{"east":{"uv":[45,18],"uv_size":[24,1]},"up":{"uv":[0,29],"uv_size":[2,24]},"down":{"uv":[3,53],"uv_size":[2,-24]}}},{"origin":[-0.36547,-3.10433,-10.62513],"size":[1.7,0.5,1.7],"pivot":[-1.79036,-3.10433,-11.75],"rotation":[0,-45,22.5],"uv":{"east":{"uv":[76,29],"uv_size":[2,1]},"south":{"uv":[76,31],"uv_size":[2,1]},"up":{"uv":[63,28],"uv_size":[2,2]},"down":{"uv":[63,33],"uv_size":[2,-2]}}},{"origin":[2.10941,-3.10433,-8.15025],"size":[1.7,0.5,1.7],"pivot":[-1.79036,-3.10433,-11.75],"rotation":[0,-45,22.5],"uv":{"east":{"uv":[76,33],"uv_size":[2,1]},"south":{"uv":[76,35],"uv_size":[2,1]},"up":{"uv":[63,34],"uv_size":[2,2]},"down":{"uv":[63,39],"uv_size":[2,-2]}}},{"origin":[4.58428,-3.10433,-5.67538],"size":[1.7,0.5,1.7],"pivot":[-1.79036,-3.10433,-11.75],"rotation":[0,-45,22.5],"uv":{"east":{"uv":[76,37],"uv_size":[2,1]},"south":{"uv":[76,39],"uv_size":[2,1]},"up":{"uv":[63,40],"uv_size":[2,2]},"down":{"uv":[63,45],"uv_size":[2,-2]}}},{"origin":[7.05915,-3.10433,-3.20051],"size":[1.7,0.5,1.7],"pivot":[-1.79036,-3.10433,-11.75],"rotation":[0,-45,22.5],"uv":{"east":{"uv":[76,41],"uv_size":[2,1]},"south":{"uv":[42,76],"uv_size":[2,1]},"up":{"uv":[50,63],"uv_size":[2,2]},"down":{"uv":[53,65],"uv_size":[2,-2]}}},{"origin":[9.53403,-3.10433,-0.72563],"size":[1.7,0.5,1.7],"pivot":[-1.79036,-3.10433,-11.75],"rotation":[0,-45,22.5],"uv":{"east":{"uv":[45,76],"uv_size":[2,1]},"south":{"uv":[48,76],"uv_size":[2,1]},"up":{"uv":[0,64],"uv_size":[2,2]},"down":{"uv":[3,66],"uv_size":[2,-2]}}},{"origin":[12.0089,-3.10433,1.74924],"size":[1.7,0.5,1.7],"pivot":[-1.79036,-3.10433,-11.75],"rotation":[0,-45,22.5],"uv":{"east":{"uv":[51,76],"uv_size":[2,1]},"south":{"uv":[54,76],"uv_size":[2,1]},"up":{"uv":[12,64],"uv_size":[2,2]},"down":{"uv":[64,24],"uv_size":[2,-2]}}},{"origin":[14.32667,-3.10433,4.36701],"size":[1,0.5,1],"pivot":[-1.79036,-3.10433,-11.75],"rotation":[0,-45,22.5],"uv":{"east":{"uv":[79,62],"uv_size":[1,1]},"up":{"uv":[79,64],"uv_size":[1,1]},"down":{"uv":[79,67],"uv_size":[1,-1]}}},{"origin":[-2.29034,-3.10433,-12.25],"size":[1,0.5,1],"pivot":[-1.79036,-3.10433,-11.75],"rotation":[0,-45,22.5],"uv":{"south":{"uv":[79,68],"uv_size":[1,1]},"up":{"uv":[79,70],"uv_size":[1,1]},"down":{"uv":[74,80],"uv_size":[1,-1]}}},{"origin":[-2.71424,-2.72165,11.75],"size":[2.93764,0.5,2],"pivot":[-2.71424,-2.72165,-13.75],"rotation":[0,0,22.5],"uv":{"north":{"uv":[70,46],"uv_size":[3,1]},"south":{"uv":[70,48],"uv_size":[3,1]},"up":{"uv":[53,28],"uv_size":[3,2]},"down":{"uv":[53,33],"uv_size":[3,-2]}}},{"origin":[0.41402,2.2069,11.75],"size":[2.3,0.5,2],"pivot":[2.71402,2.7069,-13.75],"rotation":[0,0,22.5],"uv":{"north":{"uv":[57,76],"uv_size":[2,1]},"south":{"uv":[60,76],"uv_size":[2,1]},"up":{"uv":[64,25],"uv_size":[2,2]},"down":{"uv":[56,66],"uv_size":[2,-2]}}},{"origin":[1.77638,2.2069,8.25],"size":[0.93764,0.5,1],"pivot":[2.71402,2.7069,-13.75],"rotation":[0,0,22.5],"uv":{"north":{"uv":[76,79],"uv_size":[1,1]},"south":{"uv":[79,77],"uv_size":[1,1]},"up":{"uv":[78,79],"uv_size":[1,1]},"down":{"uv":[80,21],"uv_size":[1,-1]}}},{"origin":[1.77638,2.2069,4.65],"size":[0.93764,0.5,1],"pivot":[2.71402,2.7069,-13.75],"rotation":[0,0,22.5],"uv":{"north":{"uv":[80,22],"uv_size":[1,1]},"south":{"uv":[24,80],"uv_size":[1,1]},"up":{"uv":[26,80],"uv_size":[1,1]},"down":{"uv":[42,81],"uv_size":[1,-1]}}},{"origin":[1.77638,2.2069,1.25],"size":[0.93764,0.5,1],"pivot":[2.71402,2.7069,-13.75],"rotation":[0,0,22.5],"uv":{"north":{"uv":[44,80],"uv_size":[1,1]},"south":{"uv":[46,80],"uv_size":[1,1]},"up":{"uv":[48,80],"uv_size":[1,1]},"down":{"uv":[50,81],"uv_size":[1,-1]}}},{"origin":[1.77638,2.2069,-2.25],"size":[0.93764,0.5,1],"pivot":[2.71402,2.7069,-13.75],"rotation":[0,0,22.5],"uv":{"north":{"uv":[52,80],"uv_size":[1,1]},"south":{"uv":[54,80],"uv_size":[1,1]},"up":{"uv":[56,80],"uv_size":[1,1]},"down":{"uv":[58,81],"uv_size":[1,-1]}}},{"origin":[1.77638,2.2069,-5.75],"size":[0.93764,0.5,1],"pivot":[2.71402,2.7069,-13.75],"rotation":[0,0,22.5],"uv":{"north":{"uv":[60,80],"uv_size":[1,1]},"south":{"uv":[62,80],"uv_size":[1,1]},"up":{"uv":[64,80],"uv_size":[1,1]},"down":{"uv":[66,81],"uv_size":[1,-1]}}},{"origin":[1.77638,2.2069,-9.25],"size":[0.93764,0.5,1],"pivot":[2.71402,2.7069,-13.75],"rotation":[0,0,22.5],"uv":{"north":{"uv":[68,80],"uv_size":[1,1]},"south":{"uv":[70,80],"uv_size":[1,1]},"up":{"uv":[72,80],"uv_size":[1,1]},"down":{"uv":[80,73],"uv_size":[1,-1]}}},{"origin":[-0.32362,2.2069,-11.75],"size":[1.93764,0.5,23.5],"pivot":[2.71402,2.7069,-13.75],"rotation":[0,0,22.5],"uv":{"west":{"uv":[45,20],"uv_size":[24,1]},"up":{"uv":[6,29],"uv_size":[2,24]},"down":{"uv":[9,53],"uv_size":[2,-24]}}},{"origin":[17.85009,2.62786,4.40236],"size":[1,0.5,1],"pivot":[1.69775,3.12786,-11.75],"rotation":[0,-45,22.5],"uv":{"north":{"uv":[80,74],"uv_size":[1,1]},"up":{"uv":[80,79],"uv_size":[1,1]},"down":{"uv":[0,82],"uv_size":[1,-1]}}},{"origin":[15.36486,2.62786,1.96714],"size":[1.6,0.5,1.6],"pivot":[1.69775,3.12786,-11.75],"rotation":[0,-45,22.5],"uv":{"north":{"uv":[63,76],"uv_size":[2,1]},"west":{"uv":[66,76],"uv_size":[2,1]},"up":{"uv":[59,64],"uv_size":[2,2]},"down":{"uv":[62,66],"uv_size":[2,-2]}}},{"origin":[12.88999,2.62786,-0.50774],"size":[1.6,0.5,1.6],"pivot":[1.69775,3.12786,-11.75],"rotation":[0,-45,22.5],"uv":{"north":{"uv":[69,76],"uv_size":[2,1]},"west":{"uv":[72,76],"uv_size":[2,1]},"up":{"uv":[65,46],"uv_size":[2,2]},"down":{"uv":[65,51],"uv_size":[2,-2]}}},{"origin":[10.41512,2.62786,-2.98261],"size":[1.6,0.5,1.6],"pivot":[1.69775,3.12786,-11.75],"rotation":[0,-45,22.5],"uv":{"north":{"uv":[0,77],"uv_size":[2,1]},"west":{"uv":[3,77],"uv_size":[2,1]},"up":{"uv":[65,52],"uv_size":[2,2]},"down":{"uv":[65,57],"uv_size":[2,-2]}}},{"origin":[7.94024,2.62786,-5.45749],"size":[1.6,0.5,1.6],"pivot":[1.69775,3.12786,-11.75],"rotation":[0,-45,22.5],"uv":{"north":{"uv":[6,77],"uv_size":[2,1]},"west":{"uv":[9,77],"uv_size":[2,1]},"up":{"uv":[65,58],"uv_size":[2,2]},"down":{"uv":[65,63],"uv_size":[2,-2]}}},{"origin":[5.46537,2.62786,-7.93236],"size":[1.6,0.5,1.6],"pivot":[1.69775,3.12786,-11.75],"rotation":[0,-45,22.5],"uv":{"north":{"uv":[12,77],"uv_size":[2,1]},"west":{"uv":[15,77],"uv_size":[2,1]},"up":{"uv":[65,64],"uv_size":[2,2]},"down":{"uv":[6,68],"uv_size":[2,-2]}}},{"origin":[2.9905,2.62786,-10.40723],"size":[1.6,0.5,1.6],"pivot":[1.69775,3.12786,-11.75],"rotation":[0,-45,22.5],"uv":{"north":{"uv":[18,77],"uv_size":[2,1]},"west":{"uv":[21,77],"uv_size":[2,1]},"up":{"uv":[9,66],"uv_size":[2,2]},"down":{"uv":[15,68],"uv_size":[2,-2]}}},{"origin":[1.16237,2.62786,-12.28536],"size":[1,0.5,1],"pivot":[1.69775,3.12786,-11.75],"rotation":[0,-45,22.5],"uv":{"west":{"uv":[81,0],"uv_size":[1,1]},"up":{"uv":[2,81],"uv_size":[1,1]},"down":{"uv":[81,3],"uv_size":[1,-1]}}},{"origin":[0.41402,2.2069,-13.75],"size":[2.3,0.5,2],"pivot":[2.71402,2.7069,-13.75],"rotation":[0,0,22.5],"uv":{"north":{"uv":[28,77],"uv_size":[2,1]},"south":{"uv":[31,77],"uv_size":[2,1]},"up":{"uv":[18,66],"uv_size":[2,2]},"down":{"uv":[21,68],"uv_size":[2,-2]}}},{"origin":[-1.46882,3.0784,-13.749],"size":[2.93764,1.8,27.5],"uv":{"north":{"uv":[53,34],"uv_size":[3,2]},"east":{"uv":[16,16],"uv_size":[28,2]},"south":{"uv":[53,37],"uv_size":[3,2]},"west":{"uv":[16,19],"uv_size":[28,2]},"up":{"uv":[0,0],"uv_size":[3,28]},"down":{"uv":[4,28],"uv_size":[3,-28]}}},{"origin":[-1.46882,-4.9216,-13.749],"size":[2.93764,1.8,27.5],"uv":{"north":{"uv":[53,40],"uv_size":[3,2]},"east":{"uv":[16,22],"uv_size":[28,2]},"south":{"uv":[53,43],"uv_size":[3,2]},"west":{"uv":[16,25],"uv_size":[28,2]},"up":{"uv":[8,0],"uv_size":[3,28]},"down":{"uv":[12,28],"uv_size":[3,-28]}}},{"origin":[1.46882,4.2284,-13.75],"size":[0.65,0.65,27.5],"pivot":[1.46882,4.8784,-13.75],"rotation":[0,0,45],"uv":{"north":{"uv":[4,81],"uv_size":[1,1]},"south":{"uv":[81,4],"uv_size":[1,1]},"west":{"uv":[45,0],"uv_size":[28,1]},"up":{"uv":[12,29],"uv_size":[1,28]}}},{"origin":[4.44038,0.81247,-13.75],"size":[0.65,0.65,27.5],"pivot":[4.44038,1.46247,-13.75],"rotation":[0,0,45],"uv":{"north":{"uv":[6,81],"uv_size":[1,1]},"east":{"uv":[45,2],"uv_size":[28,1]},"south":{"uv":[81,6],"uv_size":[1,1]},"up":{"uv":[14,29],"uv_size":[1,28]}}},{"origin":[4.44038,-2.18753,-13.75],"size":[0.65,0.65,27.5],"pivot":[4.44038,-1.53753,-13.75],"rotation":[0,0,45],"uv":{"north":{"uv":[8,81],"uv_size":[1,1]},"south":{"uv":[81,8],"uv_size":[1,1]},"west":{"uv":[45,4],"uv_size":[28,1]},"down":{"uv":[28,74],"uv_size":[1,-28]}}},{"origin":[1.46882,-4.65236,-13.75],"size":[0.65,0.65,27.5],"pivot":[1.46882,-4.00236,-13.75],"rotation":[0,0,45],"uv":{"north":{"uv":[10,81],"uv_size":[1,1]},"south":{"uv":[81,10],"uv_size":[1,1]},"west":{"uv":[45,6],"uv_size":[28,1]},"up":{"uv":[30,46],"uv_size":[1,28]}}},{"origin":[-1.46882,-4.65236,-13.75],"size":[0.65,0.65,27.5],"pivot":[-1.46882,-4.00236,-13.75],"rotation":[0,0,45],"uv":{"north":{"uv":[12,81],"uv_size":[1,1]},"east":{"uv":[45,8],"uv_size":[28,1]},"south":{"uv":[81,12],"uv_size":[1,1]},"down":{"uv":[32,74],"uv_size":[1,-28]}}},{"origin":[-1.46882,4.2284,-13.75],"size":[0.65,0.65,27.5],"pivot":[-1.46882,4.8784,-13.75],"rotation":[0,0,45],"uv":{"north":{"uv":[14,81],"uv_size":[1,1]},"east":{"uv":[45,10],"uv_size":[28,1]},"south":{"uv":[81,14],"uv_size":[1,1]},"down":{"uv":[34,74],"uv_size":[1,-28]}}},{"origin":[-4.44038,0.81247,-13.75],"size":[0.65,0.65,27.5],"pivot":[-4.44038,1.46247,-13.75],"rotation":[0,0,45],"uv":{"north":{"uv":[16,81],"uv_size":[1,1]},"east":{"uv":[45,12],"uv_size":[28,1]},"south":{"uv":[81,16],"uv_size":[1,1]},"up":{"uv":[36,46],"uv_size":[1,28]}}},{"origin":[-4.44038,-2.18753,-13.75],"size":[0.65,0.65,27.5],"pivot":[-4.44038,-1.53753,-13.75],"rotation":[0,0,45],"uv":{"north":{"uv":[18,81],"uv_size":[1,1]},"south":{"uv":[81,18],"uv_size":[1,1]},"west":{"uv":[45,14],"uv_size":[28,1]},"down":{"uv":[38,74],"uv_size":[1,-28]}}},{"origin":[-4.9,-1.99715,-13.749],"size":[2,3,27.5],"uv":{"north":{"uv":[53,46],"uv_size":[2,3]},"east":{"uv":[16,0],"uv_size":[28,3]},"south":{"uv":[53,50],"uv_size":[2,3]},"west":{"uv":[16,4],"uv_size":[28,3]},"up":{"uv":[16,28],"uv_size":[2,28]},"down":{"uv":[19,56],"uv_size":[2,-28]}}},{"origin":[2.9,-1.99715,-13.749],"size":[2,3,27.5],"uv":{"north":{"uv":[0,54],"uv_size":[2,3]},"east":{"uv":[16,8],"uv_size":[28,3]},"south":{"uv":[3,54],"uv_size":[2,3]},"west":{"uv":[16,12],"uv_size":[28,3]},"up":{"uv":[22,28],"uv_size":[2,28]},"down":{"uv":[25,56],"uv_size":[2,-28]}}}]},{"name":"s_handguard_grip","parent":"root","pivot":[0,-4.925,0]},{"name":"s_handguard_scope","parent":"root","pivot":[0,4.875,0]},{"name":"s_handguard_left","parent":"root","pivot":[4.9,-0.4972,0]},{"name":"s_handguard_right","parent":"root","pivot":[-4.9,-0.4972,0]}]}]}