{"format_version":"1.12.0","minecraft:geometry":[{"description":{"identifier":"geometry.unknown","texture_width":64,"texture_height":64,"visible_bounds_width":5,"visible_bounds_height":1.5,"visible_bounds_offset":[0,0.25,0]},"bones":[{"name":"root","pivot":[0,0,0]},{"name":"gas_block","parent":"root","pivot":[0,0,0],"cubes":[{"origin":[-1,-0.4,-4.6],"size":[2,1.2,8.6],"uv":{"north":{"uv":[37,14],"uv_size":[2,1]},"east":{"uv":[30,15],"uv_size":[9,1]},"south":{"uv":[41,37],"uv_size":[2,1]},"west":{"uv":[37,4],"uv_size":[9,1]},"down":{"uv":[30,9],"uv_size":[2,-9]}}},{"origin":[-0.94977,0.92127,-4.6],"size":[0.8285,0.8285,8.6],"pivot":[-1.12127,0.92127,-3.6],"rotation":[0,0,45],"uv":{"north":{"uv":[32,8],"uv_size":[1,1]},"east":{"uv":[37,5],"uv_size":[9,1]},"south":{"uv":[44,36],"uv_size":[1,1]}}},{"origin":[-0.12144,0.92127,-4.6],"size":[0.8285,0.8285,8.6],"pivot":[-0.29294,0.92127,-3.6],"rotation":[0,0,45],"uv":{"north":{"uv":[46,31],"uv_size":[1,1]},"south":{"uv":[47,2],"uv_size":[1,1]},"up":{"uv":[30,37],"uv_size":[1,9]}}},{"origin":[-0.41434,0.75734,-4.6],"size":[0.8285,0.6285,8.6],"uv":{"north":{"uv":[47,3],"uv_size":[1,1]},"south":{"uv":[47,4],"uv_size":[1,1]},"up":{"uv":[32,37],"uv_size":[1,9]}}},{"origin":[-0.693,-4.29284,-4.546],"size":[1.386,3.9464,2.5],"uv":{"north":{"uv":[33,28],"uv_size":[1,4]},"east":{"uv":[30,9],"uv_size":[3,4]},"south":{"uv":[38,44],"uv_size":[1,4]},"west":{"uv":[30,28],"uv_size":[3,4]},"down":{"uv":[6,49],"uv_size":[1,-3]}}},{"origin":[0.28687,-4.12462,1.454],"size":[1.386,3.34636,2.5],"pivot":[0.28687,-1.35262,2.147],"rotation":[0,0,45],"uv":{"north":{"uv":[7,46],"uv_size":[1,3]},"south":{"uv":[46,7],"uv_size":[1,3]},"up":{"uv":[8,46],"uv_size":[1,3]},"down":{"uv":[9,49],"uv_size":[1,-3]}}},{"origin":[-1.67331,-3.31254,1.454],"size":[3.34636,1.386,2.5],"uv":{"north":{"uv":[42,3],"uv_size":[3,1]},"east":{"uv":[43,15],"uv_size":[3,1]},"south":{"uv":[10,46],"uv_size":[3,1]},"west":{"uv":[46,10],"uv_size":[3,1]}}},{"origin":[-1.67331,-4.69854,1.454],"size":[3.34636,1.386,2.5],"pivot":[1.67305,-3.31254,1.454],"rotation":[0,0,45],"uv":{"north":{"uv":[13,46],"uv_size":[3,1]},"east":{"uv":[46,15],"uv_size":[3,1]},"south":{"uv":[16,46],"uv_size":[3,1]},"west":{"uv":[19,46],"uv_size":[3,1]}}},{"origin":[-0.693,-4.29284,1.454],"size":[1.386,3.9464,2.5],"uv":{"north":{"uv":[39,44],"uv_size":[1,4]},"east":{"uv":[32,0],"uv_size":[3,4]},"south":{"uv":[40,44],"uv_size":[1,4]},"west":{"uv":[32,4],"uv_size":[3,4]},"down":{"uv":[23,49],"uv_size":[1,-3]}}},{"origin":[-0.5,-5.74627,1.75673],"size":[1,2,2],"uv":{"north":{"uv":[35,46],"uv_size":[1,2]},"east":{"uv":[41,44],"uv_size":[2,2]},"south":{"uv":[36,46],"uv_size":[1,2]},"west":{"uv":[45,0],"uv_size":[2,2]},"down":{"uv":[41,48],"uv_size":[1,-2]}}},{"origin":[-0.5,-5.74627,-4.24327],"size":[1,2,2],"uv":{"north":{"uv":[42,46],"uv_size":[1,2]},"east":{"uv":[45,2],"uv_size":[2,2]},"south":{"uv":[45,46],"uv_size":[1,2]},"west":{"uv":[45,11],"uv_size":[2,2]},"down":{"uv":[47,2],"uv_size":[1,-2]}}},{"origin":[-1.67331,-3.31254,-4.546],"size":[3.34636,1.386,2.5],"uv":{"north":{"uv":[46,24],"uv_size":[3,1]},"east":{"uv":[46,25],"uv_size":[3,1]},"south":{"uv":[46,26],"uv_size":[3,1]},"west":{"uv":[46,27],"uv_size":[3,1]}}},{"origin":[-1.67331,-4.69854,-4.546],"size":[3.34636,1.386,2.5],"pivot":[1.67305,-3.31254,-4.546],"rotation":[0,0,45],"uv":{"north":{"uv":[28,46],"uv_size":[3,1]},"east":{"uv":[46,28],"uv_size":[3,1]},"south":{"uv":[46,29],"uv_size":[3,1]},"west":{"uv":[46,30],"uv_size":[3,1]}}},{"origin":[0.28687,-4.12462,-4.546],"size":[1.386,3.34636,2.5],"pivot":[0.28687,-1.35262,-3.853],"rotation":[0,0,45],"uv":{"north":{"uv":[31,46],"uv_size":[1,3]},"south":{"uv":[32,46],"uv_size":[1,3]},"up":{"uv":[33,46],"uv_size":[1,3]},"down":{"uv":[34,49],"uv_size":[1,-3]}}}]},{"name":"stock_tube","parent":"root","pivot":[0,0,0],"cubes":[{"origin":[-1.08338,-2.60692,0.14522],"size":[2.16676,5.23143,1.9],"uv":{"north":{"uv":[30,32],"uv_size":[2,5]},"south":{"uv":[33,8],"uv_size":[2,5]},"up":{"uv":[45,13],"uv_size":[2,2]},"down":{"uv":[45,38],"uv_size":[2,-2]}}},{"origin":[0.44847,-2.34393,0.14522],"size":[2.16676,5.23143,1.9],"pivot":[0.44847,1.98959,1.2286],"rotation":[0,0,45],"uv":{"north":{"uv":[34,33],"uv_size":[2,5]},"south":{"uv":[35,5],"uv_size":[2,5]},"up":{"uv":[45,38],"uv_size":[2,2]},"down":{"uv":[45,42],"uv_size":[2,-2]}}},{"origin":[-2.61592,-1.07439,0.14522],"size":[5.23143,2.16676,1.9],"uv":{"north":{"uv":[30,13],"uv_size":[5,2]},"east":{"uv":[45,42],"uv_size":[2,2]},"south":{"uv":[36,28],"uv_size":[5,2]},"west":{"uv":[43,45],"uv_size":[2,2]}}},{"origin":[-2.61592,-3.24115,0.14522],"size":[5.23143,2.16676,1.9],"pivot":[2.61551,-1.07439,0.14522],"rotation":[0,0,45],"uv":{"north":{"uv":[36,34],"uv_size":[5,2]},"east":{"uv":[45,44],"uv_size":[2,2]},"south":{"uv":[36,36],"uv_size":[5,2]},"west":{"uv":[0,46],"uv_size":[2,2]}}},{"origin":[-0.75,-3.8046,8.4],"size":[1.5,2,21.5],"uv":{"north":{"uv":[2,46],"uv_size":[2,2]},"east":{"uv":[24,24],"uv_size":[22,2]},"south":{"uv":[4,46],"uv_size":[2,2]},"west":{"uv":[24,26],"uv_size":[22,2]},"down":{"uv":[26,50],"uv_size":[2,-22]}}},{"origin":[-0.92629,-2.2253,-3.07283],"size":[1.85258,4.47287,33],"uv":{"north":{"uv":[43,11],"uv_size":[2,4]},"south":{"uv":[43,37],"uv_size":[2,4]},"up":{"uv":[16,16],"uv_size":[2,30]},"down":{"uv":[18,46],"uv_size":[2,-30]}}},{"origin":[0.38344,-2.00044,-3.07283],"size":[1.85258,4.47287,33],"pivot":[0.38344,1.70472,-2.14654],"rotation":[0,0,45],"uv":{"north":{"uv":[43,41],"uv_size":[2,4]},"south":{"uv":[44,28],"uv_size":[2,4]},"up":{"uv":[20,16],"uv_size":[2,30]},"down":{"uv":[22,46],"uv_size":[2,-30]}}},{"origin":[-2.23661,-2.76756,-3.07283],"size":[4.47287,1.85258,33],"pivot":[2.23626,-0.91498,-3.07283],"rotation":[0,0,45],"uv":{"north":{"uv":[39,14],"uv_size":[4,2]},"east":{"uv":[24,16],"uv_size":[30,2]},"south":{"uv":[44,32],"uv_size":[4,2]},"west":{"uv":[24,18],"uv_size":[30,2]}}},{"origin":[-2.23661,-0.91498,-3.07283],"size":[4.47287,1.85258,33],"uv":{"north":{"uv":[34,44],"uv_size":[4,2]},"east":{"uv":[24,20],"uv_size":[30,2]},"south":{"uv":[44,34],"uv_size":[4,2]},"west":{"uv":[24,22],"uv_size":[30,2]}}}]},{"name":"s_stock_tube","parent":"stock_tube","pivot":[0,0,16]}]}]}