{"format_version":"1.12.0","minecraft:geometry":[{"description":{"identifier":"geometry.unknown","texture_width":128,"texture_height":128,"visible_bounds_width":5,"visible_bounds_height":1.5,"visible_bounds_offset":[0,0.25,0]},"bones":[{"name":"root","pivot":[0,0,0]},{"name":"ak_suppressor","parent":"root","pivot":[0,0,0],"cubes":[{"origin":[0.92867,-7.92867,-10],"size":[4.14177,10,10],"pivot":[5.07044,2.07133,-10],"rotation":[0,0,45],"uv":{"north":{"uv":[74,85],"uv_size":[4,10]},"south":{"uv":[78,85],"uv_size":[4,10]},"up":{"uv":[86,69],"uv_size":[4,10]},"down":{"uv":[86,89],"uv_size":[4,-10]}}},{"origin":[-4.92867,-2.07044,-10],"size":[10,4.14177,10],"uv":{"north":{"uv":[87,16],"uv_size":[10,4]},"east":{"uv":[87,20],"uv_size":[10,4]},"south":{"uv":[87,24],"uv_size":[10,4]},"west":{"uv":[87,28],"uv_size":[10,4]}}},{"origin":[-6.14177,-5,-10],"size":[4.14177,10,10],"pivot":[-2,5,-10],"rotation":[0,0,-45],"uv":{"north":{"uv":[87,46],"uv_size":[4,10]},"south":{"uv":[16,88],"uv_size":[4,10]},"up":{"uv":[20,88],"uv_size":[4,10]},"down":{"uv":[44,98],"uv_size":[4,-10]}}},{"origin":[-2,-5,-10],"size":[4.14177,10,10],"uv":{"north":{"uv":[48,88],"uv_size":[4,10]},"south":{"uv":[86,89],"uv_size":[4,10]},"up":{"uv":[90,69],"uv_size":[4,10]},"down":{"uv":[90,89],"uv_size":[4,-10]}}},{"origin":[2.10094,-6.92893,-40],"size":[3.31342,8,30],"pivot":[5.41435,3.07107,-40],"rotation":[0,0,45],"uv":{"north":{"uv":[91,46],"uv_size":[3,8]},"up":{"uv":[26,78],"uv_size":[3,30]},"down":{"uv":[29,108],"uv_size":[3,-30]}}},{"origin":[-3.99986,-1.65656,-40],"size":[8,3.31342,30],"uv":{"north":{"uv":[94,89],"uv_size":[8,3]},"east":{"uv":[71,10],"uv_size":[30,3]},"west":{"uv":[71,13],"uv_size":[30,3]}}},{"origin":[-7.68586,-2.98579,-40.01],"size":[2,2,1],"pivot":[-5.68586,7.01421,-40.1],"rotation":[0,0,-45],"uv":{"north":{"uv":[101,60],"uv_size":[2,2]}}},{"origin":[-6.39928,-4.58579,-40],"size":[3.31342,8,30],"pivot":[-3.08586,5.41421,-40],"rotation":[0,0,-45],"uv":{"north":{"uv":[74,95],"uv_size":[3,8]},"up":{"uv":[54,78],"uv_size":[3,30]},"down":{"uv":[57,108],"uv_size":[3,-30]}}},{"origin":[-1.65672,-4,-40],"size":[3.31342,8,30],"uv":{"north":{"uv":[94,95],"uv_size":[3,8]},"up":{"uv":[60,78],"uv_size":[3,30]},"down":{"uv":[63,108],"uv_size":[3,-30]}}}]},{"name":"ak_suppressor_muzzle","parent":"ak_suppressor","pivot":[0,0,-40.1]},{"name":"ak_compensator","parent":"root","pivot":[0,0,0],"cubes":[{"origin":[1.05047,-3.46447,-4],"size":[1.65671,4,4],"pivot":[2.70718,1.53553,-4],"rotation":[0,0,45],"uv":{"north":{"uv":[103,73],"uv_size":[2,4]},"south":{"uv":[74,103],"uv_size":[2,4]},"up":{"uv":[76,103],"uv_size":[2,4]},"down":{"uv":[103,81],"uv_size":[2,-4]}}},{"origin":[-1.99993,-0.82828,-4],"size":[4,1.65671,4],"uv":{"north":{"uv":[97,60],"uv_size":[4,2]},"east":{"uv":[101,14],"uv_size":[4,2]},"south":{"uv":[101,54],"uv_size":[4,2]},"west":{"uv":[102,41],"uv_size":[4,2]}}},{"origin":[-3.19964,-2.29289,-4],"size":[1.65671,4,4],"pivot":[-1.54293,2.70711,-4],"rotation":[0,0,-45],"uv":{"north":{"uv":[78,103],"uv_size":[2,4]},"south":{"uv":[103,81],"uv_size":[2,4]},"up":{"uv":[84,103],"uv_size":[2,4]},"down":{"uv":[86,107],"uv_size":[2,-4]}}},{"origin":[-0.82836,-2,-4],"size":[1.65671,4,4],"uv":{"north":{"uv":[94,103],"uv_size":[2,4]},"south":{"uv":[96,103],"uv_size":[2,4]},"west":{"uv":[100,50],"uv_size":[4,4]},"up":{"uv":[98,103],"uv_size":[2,4]},"down":{"uv":[103,105],"uv_size":[2,-4]}}},{"origin":[1.10966,-1.8019,-8.979],"size":[1.2,1.2,1.8],"pivot":[2.30966,1.4481,-9.05],"rotation":[0,0,45],"uv":{"north":{"uv":[61,64],"uv_size":[1,1]}}},{"origin":[1.10966,-1.8019,-13.739],"size":[1.2,1.2,2.28],"pivot":[2.30966,1.4481,-13.75],"rotation":[0,0,45],"uv":{"north":{"uv":[105,34],"uv_size":[1,1]},"south":{"uv":[105,84],"uv_size":[1,1]}}},{"origin":[0.6828,-2.2519,-13.725],"size":[1.07686,2.6,1.8],"pivot":[1.75966,0.9981,-13.725],"rotation":[0,0,45],"uv":{"north":{"uv":[108,13],"uv_size":[1,3]},"up":{"uv":[108,79],"uv_size":[1,2]},"down":{"uv":[80,110],"uv_size":[1,-2]}}},{"origin":[-1.29995,-0.53838,-13.725],"size":[2.6,1.07686,1.8],"uv":{"north":{"uv":[15,108],"uv_size":[3,1]},"east":{"uv":[81,108],"uv_size":[2,1]},"west":{"uv":[108,82],"uv_size":[2,1]}}},{"origin":[-2.07976,-1.49038,-13.725],"size":[1.07686,2.6,1.8],"pivot":[-1.0029,1.75962,-13.725],"rotation":[0,0,-45],"uv":{"north":{"uv":[108,17],"uv_size":[1,3]},"up":{"uv":[83,108],"uv_size":[1,2]},"down":{"uv":[108,85],"uv_size":[1,-2]}}},{"origin":[-0.53843,-1.3,-13.725],"size":[1.07686,2.6,1.8],"uv":{"north":{"uv":[24,108],"uv_size":[1,3]},"up":{"uv":[108,85],"uv_size":[1,2]},"down":{"uv":[88,110],"uv_size":[1,-2]}}},{"origin":[0.92441,-3.04873,-11.97],"size":[1.4579,3.52,0.5],"pivot":[2.38232,1.35127,-11.97],"rotation":[0,0,45],"uv":{"north":{"uv":[107,49],"uv_size":[1,4]},"south":{"uv":[107,57],"uv_size":[1,4]},"up":{"uv":[108,106],"uv_size":[1,1]},"down":{"uv":[6,110],"uv_size":[1,-1]}}},{"origin":[0.92441,-3.04873,-8.97],"size":[1.4579,3.52,5],"pivot":[2.38232,1.35127,-8.97],"rotation":[0,0,45],"uv":{"north":{"uv":[107,70],"uv_size":[1,4]},"up":{"uv":[68,106],"uv_size":[1,5]},"down":{"uv":[69,111],"uv_size":[1,-5]}}},{"origin":[-1.75994,-0.72889,-11.97],"size":[3.52,1.4579,0.5],"uv":{"north":{"uv":[107,33],"uv_size":[4,1]},"east":{"uv":[7,109],"uv_size":[1,1]},"south":{"uv":[107,65],"uv_size":[4,1]},"west":{"uv":[8,109],"uv_size":[1,1]}}},{"origin":[-1.75994,-0.72889,-8.97],"size":[3.52,1.4579,5],"uv":{"north":{"uv":[107,75],"uv_size":[4,1]},"east":{"uv":[57,47],"uv_size":[5,1]},"west":{"uv":[56,64],"uv_size":[5,1]}}},{"origin":[-2.81568,-2.01775,-11.97],"size":[1.4579,3.52,0.5],"pivot":[-1.35778,2.38225,-11.97],"rotation":[0,0,-45],"uv":{"north":{"uv":[77,107],"uv_size":[1,4]},"south":{"uv":[78,107],"uv_size":[1,4]},"up":{"uv":[9,109],"uv_size":[1,1]},"down":{"uv":[109,10],"uv_size":[1,-1]}}},{"origin":[-2.81568,-2.01775,-8.97],"size":[1.4579,3.52,5],"pivot":[-1.35778,2.38225,-8.97],"rotation":[0,0,-45],"uv":{"north":{"uv":[84,107],"uv_size":[1,4]},"up":{"uv":[70,106],"uv_size":[1,5]},"down":{"uv":[71,111],"uv_size":[1,-5]}}},{"origin":[-0.72895,-1.76,-11.97],"size":[1.4579,0.62,8],"uv":{"north":{"uv":[10,109],"uv_size":[1,1]},"east":{"uv":[32,64],"uv_size":[8,1]},"west":{"uv":[40,64],"uv_size":[8,1]},"up":{"uv":[104,0],"uv_size":[1,8]},"down":{"uv":[104,24],"uv_size":[1,-8]}}},{"origin":[-0.72895,1.14,-11.97],"size":[1.4579,0.62,8],"uv":{"north":{"uv":[11,109],"uv_size":[1,1]},"east":{"uv":[48,64],"uv_size":[8,1]},"west":{"uv":[102,43],"uv_size":[8,1]},"up":{"uv":[104,46],"uv_size":[1,8]},"down":{"uv":[104,73],"uv_size":[1,-8]}}}]},{"name":"ak_compensator_muzzle","parent":"ak_compensator","pivot":[0,0,-10.2]},{"name":"pistol_suppressor","parent":"root","pivot":[0,0,0],"cubes":[{"origin":[1.09858,-3.62314,-20.016],"size":[1.73258,4.1832,20],"pivot":[2.83116,1.60586,-20.016],"rotation":[0,0,45],"uv":{"north":{"uv":[104,10],"uv_size":[2,4]},"south":{"uv":[104,85],"uv_size":[2,4]},"up":{"uv":[82,85],"uv_size":[2,20]},"down":{"uv":[24,108],"uv_size":[2,-20]}}},{"origin":[-2.09153,-0.86622,-20.016],"size":[4.1832,1.73258,20],"uv":{"north":{"uv":[102,93],"uv_size":[4,2]},"east":{"uv":[87,56],"uv_size":[20,2]},"south":{"uv":[104,89],"uv_size":[4,2]},"west":{"uv":[87,58],"uv_size":[20,2]}}},{"origin":[-3.34618,-2.39791,-20.016],"size":[1.73258,4.1832,20],"pivot":[-1.6136,2.83109,-20.016],"rotation":[0,0,-45],"uv":{"north":{"uv":[88,104],"uv_size":[2,4]},"south":{"uv":[104,95],"uv_size":[2,4]},"up":{"uv":[52,88],"uv_size":[2,20]},"down":{"uv":[90,109],"uv_size":[2,-20]}}},{"origin":[-4.1636,-1.47291,-20.036],"size":[1.5,1.4,1],"pivot":[-2.6636,3.75609,-20.116],"rotation":[0,0,-45],"uv":{"north":{"uv":[109,12],"uv_size":[1,1]}}},{"origin":[-0.8663,-2.0916,-20.016],"size":[1.73258,4.1832,20],"uv":{"north":{"uv":[105,0],"uv_size":[2,4]},"south":{"uv":[105,4],"uv_size":[2,4]},"west":{"uv":[84,65],"uv_size":[20,4]},"up":{"uv":[92,89],"uv_size":[2,20]},"down":{"uv":[94,89],"uv_size":[2,-20]}}}]},{"name":"pistol_suppressor_muzzle","parent":"pistol_suppressor","pivot":[0,0,-20.1]},{"name":"smg_suppressor","parent":"root","pivot":[0,0,0],"cubes":[{"origin":[-4.1636,-1.52291,-25.006],"size":[1.5,1.4,1],"pivot":[-2.6636,3.70609,-25.116],"rotation":[0,0,-45],"uv":{"north":{"uv":[17,109],"uv_size":[1,1]}}},{"origin":[-0.99622,-2.40557,-24.99405],"size":[1.99247,4.81068,25],"uv":{"north":{"uv":[84,94],"uv_size":[2,5]},"south":{"uv":[80,95],"uv_size":[2,5]},"up":{"uv":[0,82],"uv_size":[2,25]},"down":{"uv":[2,107],"uv_size":[2,-25]}}},{"origin":[-3.83911,-2.75782,-24.99405],"size":[1.99247,4.81068,25],"pivot":[-1.84664,3.25553,-24.99405],"rotation":[0,0,-45],"uv":{"north":{"uv":[88,99],"uv_size":[2,5]},"south":{"uv":[80,100],"uv_size":[2,5]},"up":{"uv":[4,82],"uv_size":[2,25]},"down":{"uv":[6,107],"uv_size":[2,-25]}}},{"origin":[-2.40511,-0.99625,-24.99405],"size":[4.81068,1.99247,25],"uv":{"north":{"uv":[87,60],"uv_size":[5,2]},"east":{"uv":[81,8],"uv_size":[25,2]},"south":{"uv":[91,54],"uv_size":[5,2]},"west":{"uv":[82,44],"uv_size":[25,2]}}},{"origin":[1.26339,-4.16641,-24.99405],"size":[1.99247,4.81068,25],"pivot":[3.25586,1.84694,-24.99405],"rotation":[0,0,45],"uv":{"north":{"uv":[22,102],"uv_size":[2,5]},"south":{"uv":[72,102],"uv_size":[2,5]},"up":{"uv":[8,82],"uv_size":[2,25]},"down":{"uv":[84,94],"uv_size":[2,-25]}}}]},{"name":"smg_suppressor_muzzle","parent":"smg_suppressor","pivot":[0,0,-25.1]},{"name":"ar_suppressor","parent":"root","pivot":[0,0,0],"cubes":[{"origin":[2.10094,-6.92893,-41.6],"size":[3.31342,8,41],"pivot":[5.41435,3.07107,-41.6],"rotation":[0,0,45],"uv":{"north":{"uv":[96,77],"uv_size":[3,8]},"south":{"uv":[97,16],"uv_size":[3,8]},"up":{"uv":[10,57],"uv_size":[3,41]},"down":{"uv":[13,98],"uv_size":[3,-41]}}},{"origin":[-3.99986,-1.65656,-41.6],"size":[8,3.31342,41],"uv":{"north":{"uv":[96,85],"uv_size":[8,3]},"east":{"uv":[62,62],"uv_size":[41,3]},"south":{"uv":[97,24],"uv_size":[8,3]},"west":{"uv":[32,65],"uv_size":[41,3]}}},{"origin":[-6.39928,-4.58579,-41.6],"size":[3.31342,8,41],"pivot":[-3.08586,5.41421,-41.6],"rotation":[0,0,-45],"uv":{"north":{"uv":[97,46],"uv_size":[3,8]},"south":{"uv":[97,95],"uv_size":[3,8]},"up":{"uv":[32,68],"uv_size":[3,41]},"down":{"uv":[35,109],"uv_size":[3,-41]}}},{"origin":[-7.48586,-2.96079,-41.62],"size":[1.4,1.4,1],"pivot":[-6.08586,7.03921,-41.7],"rotation":[0,0,-45],"uv":{"north":{"uv":[20,109],"uv_size":[1,1]}}},{"origin":[-1.65672,-4,-41.6],"size":[3.31342,8,41],"uv":{"north":{"uv":[10,98],"uv_size":[3,8]},"south":{"uv":[13,98],"uv_size":[3,8]},"up":{"uv":[38,68],"uv_size":[3,41]},"down":{"uv":[41,109],"uv_size":[3,-41]}}},{"origin":[1.2263,-4.12893,-1],"size":[1.98805,4.8,1],"pivot":[3.21435,1.87107,-1],"rotation":[0,0,45],"uv":{"south":{"uv":[44,103],"uv_size":[2,5]},"up":{"uv":[108,87],"uv_size":[2,1]},"down":{"uv":[108,90],"uv_size":[2,-1]}}},{"origin":[-2.43418,-0.96551,-1],"size":[4.8,1.98805,1],"uv":{"east":{"uv":[89,108],"uv_size":[1,2]},"south":{"uv":[96,54],"uv_size":[5,2]},"west":{"uv":[108,90],"uv_size":[1,2]}}},{"origin":[-3.87382,-2.72304,-1],"size":[1.98805,4.8,1],"pivot":[-1.88577,3.27696,-1],"rotation":[0,0,-45],"uv":{"south":{"uv":[48,103],"uv_size":[2,5]},"up":{"uv":[108,92],"uv_size":[2,1]},"down":{"uv":[108,94],"uv_size":[2,-1]}}},{"origin":[-1.02829,-2.37157,-1],"size":[1.98805,4.8,1],"uv":{"south":{"uv":[103,60],"uv_size":[2,5]},"up":{"uv":[108,94],"uv_size":[2,1]},"down":{"uv":[108,96],"uv_size":[2,-1]}}}]},{"name":"ar_suppressor_muzzle","parent":"ar_suppressor","pivot":[0,0,-41.7]},{"name":"ar_compensator","parent":"root","pivot":[0,0,0],"cubes":[{"origin":[-0.71142,-1.7159,-9.6],"size":[1.41649,3.42,1.95],"uv":{"north":{"uv":[73,65],"uv_size":[1,3]},"south":{"uv":[13,108],"uv_size":[1,3]},"up":{"uv":[63,108],"uv_size":[1,2]},"down":{"uv":[64,110],"uv_size":[1,-2]}}},{"origin":[-2.73887,-1.96632,-9.6],"size":[1.41649,3.42,1.95],"pivot":[-1.32238,2.30868,-9.6],"rotation":[0,0,-45],"uv":{"north":{"uv":[26,108],"uv_size":[1,3]},"south":{"uv":[108,26],"uv_size":[1,3]},"up":{"uv":[96,108],"uv_size":[1,2]},"down":{"uv":[97,110],"uv_size":[1,-2]}}},{"origin":[-1.71312,-0.71408,-9.6],"size":[3.42,1.41649,1.95],"uv":{"north":{"uv":[108,23],"uv_size":[3,1]},"east":{"uv":[108,96],"uv_size":[2,1]},"south":{"uv":[27,108],"uv_size":[3,1]},"west":{"uv":[98,108],"uv_size":[2,1]}}},{"origin":[0.89497,-2.96802,-9.6],"size":[1.41649,3.42,1.95],"pivot":[2.31146,1.30698,-9.6],"rotation":[0,0,45],"uv":{"north":{"uv":[30,108],"uv_size":[1,3]},"south":{"uv":[31,108],"uv_size":[1,3]},"up":{"uv":[108,99],"uv_size":[1,2]},"down":{"uv":[103,110],"uv_size":[1,-2]}}},{"origin":[0.94542,-3.11802,-3],"size":[1.49104,3.6,3],"pivot":[2.43646,1.38198,-3],"rotation":[0,0,45],"uv":{"north":{"uv":[85,107],"uv_size":[1,4]},"south":{"uv":[86,107],"uv_size":[1,4]},"up":{"uv":[108,34],"uv_size":[1,3]},"down":{"uv":[108,40],"uv_size":[1,-3]}}},{"origin":[1.10006,-0.64545,-8],"size":[0.6,1.291,5],"uv":{"east":{"uv":[97,31],"uv_size":[5,1]},"west":{"uv":[106,98],"uv_size":[5,1]},"up":{"uv":[3,107],"uv_size":[1,5]},"down":{"uv":[4,112],"uv_size":[1,-5]}}},{"origin":[-1.69994,-0.64545,-8],"size":[0.6,1.291,5],"uv":{"east":{"uv":[5,107],"uv_size":[5,1]},"west":{"uv":[107,5],"uv_size":[5,1]},"up":{"uv":[107,14],"uv_size":[1,5]},"down":{"uv":[107,24],"uv_size":[1,-5]}}},{"origin":[-1.79994,-0.74545,-3],"size":[3.6,1.49104,3],"uv":{"north":{"uv":[107,81],"uv_size":[4,1]},"east":{"uv":[108,29],"uv_size":[3,1]},"south":{"uv":[107,88],"uv_size":[4,1]},"west":{"uv":[108,30],"uv_size":[3,1]}}},{"origin":[-2.87967,-2.0636,-3],"size":[1.49104,3.6,3],"pivot":[-1.38864,2.4364,-3],"rotation":[0,0,-45],"uv":{"north":{"uv":[87,107],"uv_size":[1,4]},"south":{"uv":[107,93],"uv_size":[1,4]},"up":{"uv":[108,40],"uv_size":[1,3]},"down":{"uv":[44,111],"uv_size":[1,-3]}}},{"origin":[-0.74552,-1.8,-3],"size":[1.49104,3.6,3],"uv":{"north":{"uv":[94,107],"uv_size":[1,4]},"south":{"uv":[95,107],"uv_size":[1,4]},"up":{"uv":[108,44],"uv_size":[1,3]},"down":{"uv":[45,111],"uv_size":[1,-3]}}},{"origin":[-0.64548,1.1,-8],"size":[1.291,0.6,5],"uv":{"east":{"uv":[107,6],"uv_size":[5,1]},"west":{"uv":[107,7],"uv_size":[5,1]},"up":{"uv":[22,107],"uv_size":[1,5]},"down":{"uv":[23,112],"uv_size":[1,-5]}}},{"origin":[-0.64548,-1.7,-8],"size":[1.291,0.6,5],"uv":{"east":{"uv":[107,24],"uv_size":[5,1]},"west":{"uv":[107,25],"uv_size":[5,1]},"up":{"uv":[107,26],"uv_size":[1,5]},"down":{"uv":[107,49],"uv_size":[1,-5]}}},{"origin":[-7.48586,-2.96079,-9.62],"size":[1.4,1.4,2],"pivot":[-6.08586,7.03921,-9.7],"rotation":[0,0,-45],"uv":{"north":{"uv":[33,109],"uv_size":[1,1]},"south":{"uv":[34,109],"uv_size":[1,1]}}},{"origin":[-7.48586,-2.96079,-3.02],"size":[1.4,1.4,1],"pivot":[-6.08586,7.03921,-3.1],"rotation":[0,0,-45],"uv":{"north":{"uv":[109,34],"uv_size":[1,1]}}}]},{"name":"ar_compensator_muzzle","parent":"ar_compensator","pivot":[0,0,-5]},{"name":"smg_compensator","parent":"root","pivot":[0,0,0],"cubes":[{"origin":[-0.80516,-1.944,-3.015],"size":[1.61032,3.888,3],"uv":{"north":{"uv":[105,14],"uv_size":[2,4]},"south":{"uv":[105,18],"uv_size":[2,4]},"up":{"uv":[105,104],"uv_size":[2,3]},"down":{"uv":[106,11],"uv_size":[2,-3]}}},{"origin":[-3.11005,-2.22869,-3.015],"size":[1.61032,3.888,3],"pivot":[-1.49973,2.63131,-3.015],"rotation":[0,0,-45],"uv":{"north":{"uv":[105,22],"uv_size":[2,4]},"south":{"uv":[105,26],"uv_size":[2,4]},"up":{"uv":[10,106],"uv_size":[2,3]},"down":{"uv":[106,14],"uv_size":[2,-3]}}},{"origin":[-1.94393,-0.80509,-3.015],"size":[3.888,1.61032,3],"uv":{"north":{"uv":[104,91],"uv_size":[4,2]},"east":{"uv":[12,106],"uv_size":[3,2]},"south":{"uv":[104,99],"uv_size":[4,2]},"west":{"uv":[15,106],"uv_size":[3,2]}}},{"origin":[1.02106,-3.36746,-3.015],"size":[1.61032,3.888,3],"pivot":[2.63138,1.49254,-3.015],"rotation":[0,0,45],"uv":{"north":{"uv":[105,30],"uv_size":[2,4]},"south":{"uv":[105,46],"uv_size":[2,4]},"up":{"uv":[18,106],"uv_size":[2,3]},"down":{"uv":[20,109],"uv_size":[2,-3]}}},{"origin":[-0.53996,-1.3958,-7.893],"size":[1.12722,2.7216,1.1],"uv":{"north":{"uv":[46,108],"uv_size":[1,3]},"up":{"uv":[109,37],"uv_size":[1,1]},"down":{"uv":[38,110],"uv_size":[1,-1]}}},{"origin":[-2.15338,-1.59508,-7.893],"size":[1.12722,2.7216,1.1],"pivot":[-1.02615,1.80692,-7.893],"rotation":[0,0,-45],"uv":{"north":{"uv":[49,108],"uv_size":[1,3]},"up":{"uv":[109,38],"uv_size":[1,1]},"down":{"uv":[39,110],"uv_size":[1,-1]}}},{"origin":[-1.3371,-0.59856,-7.893],"size":[2.7216,1.12722,1.1],"uv":{"north":{"uv":[52,108],"uv_size":[3,1]},"east":{"uv":[109,39],"uv_size":[1,1]},"west":{"uv":[40,109],"uv_size":[1,1]}}},{"origin":[0.73839,-2.39222,-7.893],"size":[1.12722,2.7216,1.1],"pivot":[1.86562,1.00978,-7.893],"rotation":[0,0,45],"uv":{"north":{"uv":[108,55],"uv_size":[1,3]},"up":{"uv":[109,40],"uv_size":[1,1]},"down":{"uv":[41,110],"uv_size":[1,-1]}}},{"origin":[-0.69597,-1.745,-7],"size":[1.41649,0.42,4],"uv":{"north":{"uv":[109,41],"uv_size":[1,1]},"east":{"uv":[96,107],"uv_size":[4,1]},"west":{"uv":[107,97],"uv_size":[4,1]},"up":{"uv":[100,107],"uv_size":[1,4]},"down":{"uv":[101,111],"uv_size":[1,-4]}}},{"origin":[-0.69597,1.255,-7],"size":[1.41649,0.42,4],"uv":{"north":{"uv":[109,42],"uv_size":[1,1]},"east":{"uv":[107,101],"uv_size":[4,1]},"west":{"uv":[107,102],"uv_size":[4,1]},"up":{"uv":[102,107],"uv_size":[1,4]},"down":{"uv":[107,107],"uv_size":[1,-4]}}},{"origin":[-3.28193,-1.24542,-7.91],"size":[1,1,1],"pivot":[-2.28193,3.02958,-8],"rotation":[0,0,-45],"uv":{"north":{"uv":[109,44],"uv_size":[1,1]}}},{"origin":[-2.72341,-1.99542,-7],"size":[1.41649,3.42,2],"pivot":[-1.30693,2.27958,-7],"rotation":[0,0,-45],"uv":{"north":{"uv":[60,108],"uv_size":[1,3]},"south":{"uv":[61,108],"uv_size":[1,3]},"up":{"uv":[107,108],"uv_size":[1,2]},"down":{"uv":[108,110],"uv_size":[1,-2]}}},{"origin":[1.30234,-0.74318,-7],"size":[0.42,1.41649,4],"uv":{"north":{"uv":[109,50],"uv_size":[1,1]},"east":{"uv":[105,107],"uv_size":[4,1]},"west":{"uv":[108,0],"uv_size":[4,1]},"up":{"uv":[108,1],"uv_size":[1,4]},"down":{"uv":[5,112],"uv_size":[1,-4]}}},{"origin":[-1.69766,-0.74318,-7],"size":[0.42,1.41649,4],"uv":{"north":{"uv":[52,109],"uv_size":[1,1]},"east":{"uv":[6,108],"uv_size":[4,1]},"west":{"uv":[108,8],"uv_size":[4,1]},"up":{"uv":[108,9],"uv_size":[1,4]},"down":{"uv":[12,112],"uv_size":[1,-4]}}},{"origin":[0.91043,-2.99712,-7],"size":[1.41649,3.42,2],"pivot":[2.32691,1.27788,-7],"rotation":[0,0,45],"uv":{"north":{"uv":[108,61],"uv_size":[1,3]},"south":{"uv":[62,108],"uv_size":[1,3]},"up":{"uv":[109,1],"uv_size":[1,2]},"down":{"uv":[109,5],"uv_size":[1,-2]}}}]},{"name":"smg_compensator_muzzle","parent":"smg_compensator","pivot":[0,0,-4]}]}]}