{"format_version":"1.12.0","minecraft:geometry":[{"description":{"identifier":"geometry.unknown","texture_width":256,"texture_height":256,"visible_bounds_width":7,"visible_bounds_height":2,"visible_bounds_offset":[0,0,0]},"bones":[{"name":"root","pivot":[0,0,0]},{"name":"sniper_suppressor","parent":"root","pivot":[0,0,0],"cubes":[{"origin":[2.41608,-7.96827,-50.84],"size":[3.81043,9.2,50.15],"pivot":[6.22651,3.53173,-50.84],"rotation":[0,0,45],"uv":{"north":{"uv":[122,29],"uv_size":[4,9]},"south":{"uv":[122,55],"uv_size":[4,9]},"up":{"uv":[65,82],"uv_size":[4,50]},"down":{"uv":[69,132],"uv_size":[4,-50]}}},{"origin":[-4.59984,-1.90505,-50.84],"size":[9.2,3.81043,50.15],"uv":{"north":{"uv":[122,38],"uv_size":[9,4]},"east":{"uv":[73,82],"uv_size":[50,4]},"south":{"uv":[123,82],"uv_size":[9,4]},"west":{"uv":[73,86],"uv_size":[50,4]}}},{"origin":[-7.35917,-5.27365,-50.84],"size":[3.81043,9.2,50.15],"pivot":[-3.54874,6.22635,-50.84],"rotation":[0,0,-45],"uv":{"north":{"uv":[123,120],"uv_size":[4,9]},"east":{"uv":[40,64],"uv_size":[50,9]},"south":{"uv":[125,64],"uv_size":[4,9]},"up":{"uv":[73,90],"uv_size":[4,50]},"down":{"uv":[77,140],"uv_size":[4,-50]}}},{"origin":[-1.9547,-0.61491,-50.84423],"size":[1.9481,1.9481,1.3915],"pivot":[-0.0066,1.33319,-50.84423],"rotation":[0,0,-45],"uv":{"north":{"uv":[135,37],"uv_size":[2,2]}}},{"origin":[-1.90522,-4.6,-50.84],"size":[3.81043,9.2,50.15],"uv":{"north":{"uv":[126,29],"uv_size":[4,9]},"south":{"uv":[126,55],"uv_size":[4,9]},"up":{"uv":[81,90],"uv_size":[4,50]},"down":{"uv":[85,140],"uv_size":[4,-50]}}},{"origin":[1.41025,-4.74827,-1.15],"size":[2.28626,5.52,1.15],"pivot":[3.69651,2.15173,-1.15],"rotation":[0,0,45],"uv":{"south":{"uv":[125,129],"uv_size":[2,6]},"up":{"uv":[136,116],"uv_size":[2,1]},"down":{"uv":[136,118],"uv_size":[2,-1]}}},{"origin":[-2.7993,-1.11034,-1.15],"size":[5.52,2.28626,1.15],"uv":{"east":{"uv":[136,118],"uv_size":[1,2]},"south":{"uv":[128,103],"uv_size":[6,2]},"west":{"uv":[119,136],"uv_size":[1,2]}}},{"origin":[-4.4549,-3.1315,-1.15],"size":[2.28626,5.52,1.15],"pivot":[-2.16864,3.7685,-1.15],"rotation":[0,0,-45],"uv":{"south":{"uv":[131,63],"uv_size":[2,6]},"up":{"uv":[136,120],"uv_size":[2,1]},"down":{"uv":[136,122],"uv_size":[2,-1]}}},{"origin":[-1.18253,-2.72731,-1.15],"size":[2.28626,5.52,1.15],"uv":{"south":{"uv":[112,131],"uv_size":[2,6]},"up":{"uv":[136,122],"uv_size":[2,1]},"down":{"uv":[136,124],"uv_size":[2,-1]}}}]},{"name":"sniper_suppressor_muzzle","parent":"sniper_suppressor","pivot":[0,0,-50.955]},{"name":"shotgun_suppressor","parent":"root","pivot":[0,0,0],"cubes":[{"origin":[-1.5,0.9,-45.6],"size":[3,2.1,45],"uv":{"north":{"uv":[74,20],"uv_size":[3,2]},"up":{"uv":[19,77],"uv_size":[3,45]}}},{"origin":[-1.3,-1.3,-45.625],"size":[2.6,2.6,1],"pivot":[0,0,-44.6],"rotation":[0,0,45],"uv":{"north":{"uv":[127,26],"uv_size":[3,3]}}},{"origin":[-1.5,2,-0.6],"size":[3,1,1],"pivot":[1.5,3,-0.6],"rotation":[-45,0,0],"uv":{"east":{"uv":[123,114],"uv_size":[1,1]},"west":{"uv":[129,10],"uv_size":[1,1]},"up":{"uv":[136,22],"uv_size":[3,1]}}},{"origin":[-3.62188,-8.12132,-45.6],"size":[7.2432,9,45],"uv":{"north":{"uv":[22,114],"uv_size":[7,8]},"east":{"uv":[77,29],"uv_size":[45,8]},"west":{"uv":[77,37],"uv_size":[45,8]},"down":{"uv":[7,122],"uv_size":[7,-45]}}},{"origin":[-2.91456,-8.12132,-0.60011],"size":[5.82877,9,0.70721],"uv":{"south":{"uv":[27,122],"uv_size":[6,8]},"down":{"uv":[133,72],"uv_size":[6,-1]}}},{"origin":[2.62132,-8.12132,-0.6],"size":[1,9,1],"pivot":[3.62132,-8.12132,-0.6],"rotation":[0,-45,0],"uv":{"west":{"uv":[18,132],"uv_size":[1,8]},"up":{"uv":[130,63],"uv_size":[1,1]},"down":{"uv":[137,43],"uv_size":[1,-1]}}},{"origin":[-3.20767,-8.12132,-0.6],"size":[1,9,1],"pivot":[-2.20767,-8.12132,-0.6],"rotation":[0,-45,0],"uv":{"south":{"uv":[70,132],"uv_size":[1,8]},"up":{"uv":[137,43],"uv_size":[1,1]},"down":{"uv":[44,138],"uv_size":[1,-1]}}},{"origin":[-4.5,1,-45.6],"size":[3,2,45],"pivot":[-1.5,3,-45.6],"rotation":[0,0,-45],"uv":{"north":{"uv":[133,72],"uv_size":[3,2]},"south":{"uv":[28,134],"uv_size":[3,2]},"up":{"uv":[92,90],"uv_size":[3,45]}}},{"origin":[1.5,1,-45.6],"size":[3,2,45],"pivot":[1.5,3,-45.6],"rotation":[0,0,45],"uv":{"north":{"uv":[134,30],"uv_size":[3,2]},"south":{"uv":[134,32],"uv_size":[3,2]},"up":{"uv":[98,90],"uv_size":[3,45]}}},{"origin":[1.79289,2,-0.89289],"size":[2,1,1],"pivot":[0.79289,3,-0.89289],"rotation":[0,0,45],"uv":{"south":{"uv":[136,125],"uv_size":[2,1]},"up":{"uv":[136,126],"uv_size":[2,1]}}},{"origin":[-1.5,0.86789,-0.89289],"size":[3,1.425,1],"uv":{"south":{"uv":[136,25],"uv_size":[3,1]}}},{"origin":[-2.62132,-0.82843,-0.89289],"size":[2,1,1],"pivot":[-3.62132,0.17157,-0.89289],"rotation":[0,0,-45],"uv":{"south":{"uv":[136,129],"uv_size":[2,1]},"up":{"uv":[136,130],"uv_size":[2,1]}}}]},{"name":"shotgun_suppressor_muzzle","parent":"shotgun_suppressor","pivot":[0,0,-45.8]},{"name":"osprey_suppressor","parent":"root","pivot":[0,0.5,0],"cubes":[{"origin":[-1.0003,-3.5362,-25],"size":[2,6.135,25],"uv":{"north":{"uv":[114,131],"uv_size":[2,6]},"south":{"uv":[131,114],"uv_size":[2,6]},"up":{"uv":[36,114],"uv_size":[2,25]},"down":{"uv":[38,139],"uv_size":[2,-25]}}},{"origin":[-0.34442,-2.8303,-25],"size":[1.63671,1.6367,25],"pivot":[0.29229,-2.8303,-24],"rotation":[0,0,45],"uv":{"north":{"uv":[135,44],"uv_size":[2,2]},"south":{"uv":[135,46],"uv_size":[2,2]},"west":{"uv":[116,108],"uv_size":[25,2]}}},{"origin":[-2.34477,-2.8303,-25],"size":[1.63671,1.6367,25],"pivot":[-1.70807,-2.8303,-24],"rotation":[0,0,45],"uv":{"north":{"uv":[135,48],"uv_size":[2,2]},"south":{"uv":[135,50],"uv_size":[2,2]},"down":{"uv":[6,147],"uv_size":[2,-25]}}},{"origin":[-2.15829,-2.38008,-25],"size":[4.315,3.6,25],"uv":{"north":{"uv":[123,86],"uv_size":[4,4]},"east":{"uv":[105,11],"uv_size":[25,4]},"south":{"uv":[24,130],"uv_size":[4,4]},"west":{"uv":[105,15],"uv_size":[25,4]}}},{"origin":[0.9997,0.7988,-25],"size":[1.8,1.8,25],"pivot":[0.9997,2.5988,-25],"rotation":[0,0,50],"uv":{"north":{"uv":[135,52],"uv_size":[2,2]},"south":{"uv":[135,80],"uv_size":[2,2]},"up":{"uv":[8,122],"uv_size":[2,25]}}},{"origin":[-0.75,-0.6012,-25.025],"size":[1.5,1.5,1],"pivot":[0,0.1488,-25],"rotation":[0,0,45],"uv":{"north":{"uv":[89,135],"uv_size":[2,2]}}},{"origin":[-1.0003,0.7988,-25],"size":[1.8,1.8,25],"pivot":[-1.0003,2.5988,-25],"rotation":[0,0,40],"uv":{"north":{"uv":[93,135],"uv_size":[2,2]},"east":{"uv":[121,99],"uv_size":[25,2]},"south":{"uv":[95,135],"uv_size":[2,2]}}}]},{"name":"osprey_suppressor_muzzle","parent":"osprey_suppressor","pivot":[0,0.5,-25.05]},{"name":"dmr_compensator","parent":"root","pivot":[0,0,0],"cubes":[{"origin":[0.92441,-3.04873,-3.52],"size":[1.4579,3.52,3.52],"pivot":[2.38232,1.35127,-3.52],"rotation":[0,0,45],"uv":{"south":{"uv":[98,135],"uv_size":[1,4]},"up":{"uv":[99,135],"uv_size":[1,4]},"down":{"uv":[100,139],"uv_size":[1,-4]}}},{"origin":[-1.75994,-0.72889,-3.52],"size":[3.52,1.4579,3.52],"uv":{"east":{"uv":[116,135],"uv_size":[4,1]},"south":{"uv":[135,132],"uv_size":[4,1]},"west":{"uv":[135,133],"uv_size":[4,1]}}},{"origin":[-2.81568,-2.01775,-3.52],"size":[1.4579,3.52,3.52],"pivot":[-1.35778,2.38225,-3.52],"rotation":[0,0,-45],"uv":{"south":{"uv":[102,135],"uv_size":[1,4]},"up":{"uv":[103,135],"uv_size":[1,4]},"down":{"uv":[120,139],"uv_size":[1,-4]}}},{"origin":[-0.72895,-1.76,-3.52],"size":[1.4579,3.52,3.52],"uv":{"east":{"uv":[130,86],"uv_size":[4,4]},"south":{"uv":[125,135],"uv_size":[1,4]},"up":{"uv":[126,135],"uv_size":[1,4]},"down":{"uv":[135,138],"uv_size":[1,-4]}}},{"origin":[1.22063,-1.98209,-18.0829],"size":[1.32,1.32,2.508],"pivot":[2.54063,1.59291,-18.095],"rotation":[0,0,45],"uv":{"north":{"uv":[137,47],"uv_size":[1,1]}}},{"origin":[0.75109,-2.47709,-18.0675],"size":[1.18455,2.86,1.98],"pivot":[1.93563,1.09791,-18.0675],"rotation":[0,0,45],"uv":{"north":{"uv":[136,63],"uv_size":[1,3]},"up":{"uv":[136,136],"uv_size":[1,2]},"down":{"uv":[137,12],"uv_size":[1,-2]}}},{"origin":[-1.42995,-0.59222,-18.0675],"size":[2.86,1.18455,1.98],"uv":{"north":{"uv":[136,66],"uv_size":[3,1]},"east":{"uv":[137,16],"uv_size":[2,1]},"west":{"uv":[137,17],"uv_size":[2,1]}}},{"origin":[-2.28774,-1.63942,-18.0675],"size":[1.18455,2.86,1.98],"pivot":[-1.10319,1.93558,-18.0675],"rotation":[0,0,-45],"uv":{"north":{"uv":[66,136],"uv_size":[1,3]},"up":{"uv":[21,137],"uv_size":[1,2]},"down":{"uv":[22,139],"uv_size":[1,-2]}}},{"origin":[-0.59228,-1.43,-18.0675],"size":[1.18455,2.86,1.98],"uv":{"north":{"uv":[136,82],"uv_size":[1,3]},"up":{"uv":[23,137],"uv_size":[1,2]},"down":{"uv":[28,139],"uv_size":[1,-2]}}},{"origin":[1.01685,-3.3536,-16.137],"size":[1.60369,3.872,2.65],"pivot":[2.62055,1.4864,-16.137],"rotation":[0,0,45],"uv":{"north":{"uv":[132,82],"uv_size":[2,4]},"south":{"uv":[132,124],"uv_size":[2,4]},"up":{"uv":[134,88],"uv_size":[2,3]},"down":{"uv":[134,94],"uv_size":[2,-3]}}},{"origin":[1.01685,-3.3536,-6.137],"size":[1.60369,3.872,2.65],"pivot":[2.62055,1.4864,-6.137],"rotation":[0,0,45],"uv":{"north":{"uv":[132,128],"uv_size":[2,4]},"south":{"uv":[132,132],"uv_size":[2,4]},"up":{"uv":[134,114],"uv_size":[2,3]},"down":{"uv":[134,120],"uv_size":[2,-3]}}},{"origin":[4.49037,-5.64178,-15.587],"size":[1.60369,0.682,12.1],"pivot":[6.09407,-0.80178,-15.587],"rotation":[0,0,90],"uv":{"east":{"uv":[115,75],"uv_size":[12,1]},"south":{"uv":[29,137],"uv_size":[2,1]},"west":{"uv":[127,94],"uv_size":[12,1]},"up":{"uv":[127,127],"uv_size":[2,12]},"down":{"uv":[129,76],"uv_size":[2,-12]}}},{"origin":[-1.93593,-0.80178,-16.137],"size":[3.872,1.60369,0.55],"uv":{"north":{"uv":[125,73],"uv_size":[4,2]},"east":{"uv":[137,30],"uv_size":[1,2]},"west":{"uv":[137,32],"uv_size":[1,2]}}},{"origin":[-3.09725,-2.21952,-16.137],"size":[1.60369,3.872,2.65],"pivot":[-1.49356,2.62048,-16.137],"rotation":[0,0,-45],"uv":{"north":{"uv":[133,12],"uv_size":[2,4]},"south":{"uv":[133,16],"uv_size":[2,4]},"up":{"uv":[134,120],"uv_size":[2,3]},"down":{"uv":[134,126],"uv_size":[2,-3]}}},{"origin":[-3.09725,-2.21952,-6.137],"size":[1.60369,3.872,2.65],"pivot":[-1.49356,2.62048,-6.137],"rotation":[0,0,-45],"uv":{"north":{"uv":[133,20],"uv_size":[2,4]},"south":{"uv":[133,36],"uv_size":[2,4]},"up":{"uv":[134,126],"uv_size":[2,3]},"down":{"uv":[134,132],"uv_size":[2,-3]}}},{"origin":[-7.69763,-4.03808,-15.587],"size":[1.60369,0.682,12.1],"pivot":[-6.09393,0.80192,-15.587],"rotation":[0,0,-90],"uv":{"east":{"uv":[128,105],"uv_size":[12,1]},"south":{"uv":[137,35],"uv_size":[2,1]},"west":{"uv":[131,75],"uv_size":[12,1]},"up":{"uv":[129,114],"uv_size":[2,12]},"down":{"uv":[123,141],"uv_size":[2,-12]}}},{"origin":[-0.80185,-1.936,-16.137],"size":[1.60369,0.682,12.65],"uv":{"north":{"uv":[137,37],"uv_size":[2,1]},"east":{"uv":[55,20],"uv_size":[13,1]},"south":{"uv":[137,38],"uv_size":[2,1]},"west":{"uv":[55,21],"uv_size":[13,1]},"up":{"uv":[33,122],"uv_size":[2,13]},"down":{"uv":[108,139],"uv_size":[2,-13]}}},{"origin":[-0.80161,1.2539,-16.137],"size":[1.60369,0.682,12.65],"uv":{"north":{"uv":[40,137],"uv_size":[2,1]},"east":{"uv":[105,19],"uv_size":[13,1]},"south":{"uv":[42,137],"uv_size":[2,1]},"west":{"uv":[110,10],"uv_size":[13,1]},"up":{"uv":[110,126],"uv_size":[2,13]},"down":{"uv":[127,127],"uv_size":[2,-13]}}}]},{"name":"dmr_compensator_muzzle","parent":"dmr_compensator","pivot":[0,0,-9.68]},{"name":"cal_50_suppressor","parent":"root","pivot":[0,0,0],"cubes":[{"origin":[2.89929,-9.56193,-56.008],"size":[4.57251,11.04,55],"pivot":[7.47181,4.23807,-56.008],"rotation":[0,0,45],"uv":{"north":{"uv":[115,64],"uv_size":[5,11]},"south":{"uv":[108,115],"uv_size":[5,11]},"up":{"uv":[14,77],"uv_size":[5,55]},"down":{"uv":[40,137],"uv_size":[5,-55]}}},{"origin":[-5.51981,-2.28605,-56.008],"size":[11.04,4.57251,55],"uv":{"north":{"uv":[113,115],"uv_size":[11,5]},"east":{"uv":[77,45],"uv_size":[55,5]},"south":{"uv":[116,90],"uv_size":[11,5]},"west":{"uv":[77,50],"uv_size":[55,5]}}},{"origin":[4.52019,-2.28605,-1.008],"size":[1,4.57251,1],"pivot":[5.52019,2.28646,-1.008],"rotation":[0,-45,0],"uv":{"south":{"uv":[134,132],"uv_size":[1,5]},"west":{"uv":[135,12],"uv_size":[1,5]},"up":{"uv":[137,48],"uv_size":[1,1]},"down":{"uv":[49,138],"uv_size":[1,-1]}}},{"origin":[-5.10559,-2.28605,-1.008],"size":[1,4.57251,1],"pivot":[-4.10559,2.28646,-1.008],"rotation":[0,-45,0],"uv":{"south":{"uv":[33,135],"uv_size":[1,5]},"west":{"uv":[34,135],"uv_size":[1,5]},"up":{"uv":[137,49],"uv_size":[1,1]},"down":{"uv":[50,138],"uv_size":[1,-1]}}},{"origin":[-8.831,-6.32839,-56.008],"size":[4.57251,11.04,55],"pivot":[-4.25849,7.47161,-56.008],"rotation":[0,0,-45],"uv":{"north":{"uv":[116,95],"uv_size":[5,11]},"south":{"uv":[120,64],"uv_size":[5,11]},"up":{"uv":[45,82],"uv_size":[5,55]},"down":{"uv":[50,137],"uv_size":[5,-55]}}},{"origin":[-2.43946,-0.76741,-56.0536],"size":[2.43123,2.43123,57.2],"pivot":[-0.00823,1.66382,-56.0536],"rotation":[0,0,-45],"uv":{"north":{"uv":[14,136],"uv_size":[2,2]}}},{"origin":[-2.28627,-5.52,-56.008],"size":[4.57251,11.04,55],"uv":{"north":{"uv":[113,120],"uv_size":[5,11]},"south":{"uv":[118,120],"uv_size":[5,11]},"up":{"uv":[55,82],"uv_size":[5,55]},"down":{"uv":[60,137],"uv_size":[5,-55]}}},{"origin":[-2.28627,4.52,-1.008],"size":[4.57251,1,1],"pivot":[2.28625,5.52,-1.008],"rotation":[-45,0,0],"uv":{"east":{"uv":[137,50],"uv_size":[1,1]},"south":{"uv":[134,69],"uv_size":[5,1]},"west":{"uv":[51,137],"uv_size":[1,1]},"up":{"uv":[134,103],"uv_size":[5,1]}}},{"origin":[-2.28627,-5.10579,-1.008],"size":[4.57251,1,1],"pivot":[2.28625,-4.10579,-1.008],"rotation":[-45,0,0],"uv":{"east":{"uv":[137,51],"uv_size":[1,1]},"south":{"uv":[135,28],"uv_size":[5,1]},"west":{"uv":[52,137],"uv_size":[1,1]},"up":{"uv":[135,29],"uv_size":[5,1]}}},{"origin":[1.6923,-5.69793,-1.38],"size":[2.74351,6.624,1.38],"pivot":[4.43581,2.58207,-1.38],"rotation":[0,0,45],"uv":{"south":{"uv":[127,86],"uv_size":[3,7]},"up":{"uv":[136,68],"uv_size":[3,1]},"down":{"uv":[136,73],"uv_size":[3,-1]}}},{"origin":[-3.35916,-1.3324,-1.38],"size":[6.624,2.74351,1.38],"uv":{"east":{"uv":[136,88],"uv_size":[1,3]},"south":{"uv":[122,42],"uv_size":[7,3]},"west":{"uv":[136,91],"uv_size":[1,3]}}},{"origin":[-5.34588,-3.7578,-1.38],"size":[2.74351,6.624,1.38],"pivot":[-2.60237,4.5222,-1.38],"rotation":[0,0,-45],"uv":{"south":{"uv":[130,10],"uv_size":[3,7]},"up":{"uv":[136,73],"uv_size":[3,1]},"down":{"uv":[136,115],"uv_size":[3,-1]}}},{"origin":[-1.41904,-3.27277,-1.38],"size":[2.74351,6.624,1.38],"uv":{"south":{"uv":[21,130],"uv_size":[3,7]},"up":{"uv":[136,115],"uv_size":[3,1]},"down":{"uv":[116,137],"uv_size":[3,-1]}}}]},{"name":"cal_50_suppressor_muzzle","parent":"cal_50_suppressor","pivot":[0,0,-56.146]}]}]}