{"format_version":"1.12.0","minecraft:geometry":[{"description":{"identifier":"geometry.unknown","texture_width":64,"texture_height":64,"visible_bounds_width":3,"visible_bounds_height":1.5,"visible_bounds_offset":[0,0.25,0]},"bones":[{"name":"root","pivot":[0,0,0]},{"name":"red_dot_pistol","parent":"root","pivot":[0,0,0]},{"name":"red_dot_pistol_body","parent":"red_dot_pistol","pivot":[1.38334,0,-1.68],"cubes":[{"origin":[1.06538,0.945,-2.1],"size":[0.315,1.575,1.05],"pivot":[1.38038,0.945,-2.1],"rotation":[-10,0,0],"uv":{"north":{"uv":[27,43],"uv_size":[1,2]},"east":{"uv":[28,43],"uv_size":[1,2]},"west":{"uv":[43,34],"uv_size":[1,2]}}},{"origin":[1.06538,2.49607,-1.8265],"size":[0.315,0.525,1.302],"pivot":[1.38038,2.49607,-1.4065],"rotation":[0,0,-45],"uv":{"north":{"uv":[47,23],"uv_size":[1,1]},"east":{"uv":[47,24],"uv_size":[1,1]},"south":{"uv":[47,25],"uv_size":[1,1]},"west":{"uv":[47,26],"uv_size":[1,1]}}},{"origin":[-1.35258,2.57032,-1.8265],"size":[0.315,0.525,1.302],"pivot":[-1.45758,2.57032,-1.4065],"rotation":[0,0,45],"uv":{"north":{"uv":[28,47],"uv_size":[1,1]},"east":{"uv":[47,28],"uv_size":[1,1]},"south":{"uv":[29,47],"uv_size":[1,1]},"west":{"uv":[47,29],"uv_size":[1,1]}}},{"origin":[-1.0121,2.5523,-1.8265],"size":[2.02125,0.315,1.302],"uv":{"north":{"uv":[3,44],"uv_size":[2,1]},"south":{"uv":[44,4],"uv_size":[2,1]},"up":{"uv":[5,44],"uv_size":[2,1]},"down":{"uv":[44,6],"uv_size":[2,-1]}}},{"origin":[1.06939,0.10108,-1.995],"size":[0.315,0.84,2.835],"pivot":[1.07617,0.945,-2.1],"rotation":[0,0,30],"uv":{"north":{"uv":[4,47],"uv_size":[1,1]},"east":{"uv":[36,40],"uv_size":[3,1]}}},{"origin":[1.06538,0.94496,-1.3703],"size":[0.315,1.5645,1.05],"pivot":[1.38038,0.94496,-0.3203],"rotation":[7.5,0,0],"uv":{"east":{"uv":[0,47],"uv_size":[1,1]},"south":{"uv":[1,47],"uv_size":[1,1]},"west":{"uv":[2,47],"uv_size":[1,1]}}},{"origin":[1.06538,1.97107,-1.8265],"size":[0.315,0.525,1.302],"uv":{"west":{"uv":[43,46],"uv_size":[1,1]}}},{"origin":[-1.38334,0.945,-2.1],"size":[0.315,1.575,1.05],"pivot":[-1.06834,0.945,-2.1],"rotation":[-10,0,0],"uv":{"north":{"uv":[43,36],"uv_size":[1,2]},"east":{"uv":[39,43],"uv_size":[1,2]},"west":{"uv":[40,43],"uv_size":[1,2]}}},{"origin":[-1.38334,0.94496,-1.3703],"size":[0.315,1.5645,1.05],"pivot":[-1.06834,0.94496,-0.3203],"rotation":[7.5,0,0],"uv":{"east":{"uv":[35,46],"uv_size":[1,1]},"south":{"uv":[36,46],"uv_size":[1,1]},"west":{"uv":[38,46],"uv_size":[1,1]}}},{"origin":[-1.38334,1.97107,-1.8265],"size":[0.315,0.525,1.302],"uv":{"east":{"uv":[46,24],"uv_size":[1,1]},"west":{"uv":[46,32],"uv_size":[1,1]}}},{"origin":[-1.38334,0,-2.1],"size":[0.315,0.945,4.2],"uv":{"north":{"uv":[47,19],"uv_size":[1,1]},"east":{"uv":[37,11],"uv_size":[4,1]},"south":{"uv":[47,20],"uv_size":[1,1]},"west":{"uv":[37,33],"uv_size":[4,1]},"up":{"uv":[29,37],"uv_size":[1,4]},"down":{"uv":[32,41],"uv_size":[1,-4]}}},{"origin":[-1.07621,0.3675,-0.26254],"size":[2.24175,0.525,1.05],"pivot":[1.16554,0.8925,0.78746],"rotation":[20,0,0],"uv":{"north":{"uv":[10,9],"uv_size":[2,1]},"up":{"uv":[41,43],"uv_size":[2,1]}}},{"origin":[1.01216,0.0525,2.1],"size":[0.37118,0.84,0.37118],"pivot":[1.38334,0.0525,2.1],"rotation":[0,-45,0],"uv":{"west":{"uv":[10,47],"uv_size":[1,1]},"up":{"uv":[47,10],"uv_size":[1,1]},"down":{"uv":[11,48],"uv_size":[1,-1]}}},{"origin":[-1.22959,0.0525,2.1],"size":[0.37117,0.84,0.37118],"pivot":[-0.85841,0.0525,2.1],"rotation":[0,-45,0],"uv":{"south":{"uv":[14,47],"uv_size":[1,1]},"up":{"uv":[47,17],"uv_size":[1,1]},"down":{"uv":[47,19],"uv_size":[1,-1]}}},{"origin":[-1.12087,0.0525,0.78746],"size":[2.24175,0.84,1.575],"uv":{"south":{"uv":[44,1],"uv_size":[2,1]},"up":{"uv":[19,4],"uv_size":[2,2]},"down":{"uv":[27,39],"uv_size":[2,-2]}}},{"origin":[-1.02375,0,-1.995],"size":[2.13675,0.42,3.15],"uv":{"north":{"uv":[43,42],"uv_size":[2,1]},"up":{"uv":[14,6],"uv_size":[2,3]},"down":{"uv":[34,20],"uv_size":[2,-3]}}},{"origin":[-1.38747,0.105,-1.995],"size":[0.315,0.84,2.835],"pivot":[-1.07247,0.945,-1.995],"rotation":[0,0,-30],"uv":{"north":{"uv":[47,21],"uv_size":[1,1]},"west":{"uv":[41,9],"uv_size":[3,1]}}},{"origin":[1.06834,0,-2.1],"size":[0.315,0.945,4.2],"uv":{"north":{"uv":[5,47],"uv_size":[1,1]},"east":{"uv":[37,9],"uv_size":[4,1]},"south":{"uv":[47,5],"uv_size":[1,1]},"west":{"uv":[37,10],"uv_size":[4,1]},"up":{"uv":[20,37],"uv_size":[1,4]},"down":{"uv":[21,41],"uv_size":[1,-4]}}}]},{"name":"crosshair_pistol","parent":"red_dot_pistol","pivot":[0,1.575,-7.35]},{"name":"red_dot_rifle","parent":"root","pivot":[0,0,0]},{"name":"red_dot_rifle_body","parent":"red_dot_rifle","pivot":[-1.6065,1.8312,0.672],"cubes":[{"origin":[1.5855,-0.8778,-3.9774],"size":[0.63,0.84,8.316],"uv":{"north":{"uv":[32,47],"uv_size":[1,1]},"south":{"uv":[47,32],"uv_size":[1,1]},"west":{"uv":[32,4],"uv_size":[8,1]},"down":{"uv":[7,40],"uv_size":[1,-8]}}},{"origin":[-2.1315,0.6972,-3.864],"size":[4.158,0.756,9.744],"uv":{"north":{"uv":[37,36],"uv_size":[4,1]},"east":{"uv":[31,15],"uv_size":[9,1]},"south":{"uv":[37,37],"uv_size":[4,1]},"west":{"uv":[31,16],"uv_size":[9,1]},"up":{"uv":[0,10],"uv_size":[4,9]},"down":{"uv":[10,9],"uv_size":[4,-9]}}},{"origin":[-2.11024,6.10249,-3.864],"size":[4.1496,0.315,1.05],"uv":{"north":{"uv":[38,22],"uv_size":[4,1]},"south":{"uv":[38,23],"uv_size":[4,1]},"up":{"uv":[37,38],"uv_size":[4,1]},"down":{"uv":[12,40],"uv_size":[4,-1]}}},{"origin":[-3.02959,5.24386,-3.864],"size":[0.315,1.57399,1.05],"pivot":[-3.16819,5.24386,-2.91585],"rotation":[0,0,37],"uv":{"north":{"uv":[48,15],"uv_size":[1,1]},"east":{"uv":[16,48],"uv_size":[1,1]},"south":{"uv":[48,16],"uv_size":[1,1]},"west":{"uv":[17,48],"uv_size":[1,1]}}},{"origin":[-2.0937,1.44564,-3.864],"size":[4.0824,1.155,1.05],"uv":{"north":{"uv":[39,20],"uv_size":[4,1]},"east":{"uv":[48,6],"uv_size":[1,1]},"south":{"uv":[36,39],"uv_size":[4,1]},"west":{"uv":[7,48],"uv_size":[1,1]},"up":{"uv":[40,4],"uv_size":[4,1]}}},{"origin":[-3.5931,2.18064,-3.864],"size":[1.4994,0.315,1.05],"pivot":[-2.0937,2.18064,-2.91585],"rotation":[0,0,50],"uv":{"north":{"uv":[48,7],"uv_size":[1,1]},"south":{"uv":[48,8],"uv_size":[1,1]},"up":{"uv":[48,9],"uv_size":[1,1]},"down":{"uv":[10,49],"uv_size":[1,-1]}}},{"origin":[1.9887,2.18064,-3.864],"size":[1.4994,0.315,1.05],"pivot":[1.9887,2.18064,-2.91585],"rotation":[0,0,-50],"uv":{"north":{"uv":[48,10],"uv_size":[1,1]},"south":{"uv":[48,11],"uv_size":[1,1]},"up":{"uv":[48,12],"uv_size":[1,1]},"down":{"uv":[13,49],"uv_size":[1,-1]}}},{"origin":[2.6375,3.32925,-3.864],"size":[0.315,1.8312,1.05],"uv":{"north":{"uv":[1,45],"uv_size":[1,2]},"east":{"uv":[2,45],"uv_size":[1,2]},"south":{"uv":[3,45],"uv_size":[1,2]},"west":{"uv":[4,45],"uv_size":[1,2]}}},{"origin":[-3.0575,3.32925,-3.864],"size":[0.315,1.8312,1.05],"uv":{"north":{"uv":[5,45],"uv_size":[1,2]},"east":{"uv":[6,45],"uv_size":[1,2]},"south":{"uv":[45,7],"uv_size":[1,2]},"west":{"uv":[10,45],"uv_size":[1,2]}}},{"origin":[-2.1315,1.4532,0.672],"size":[4.158,0.378,5.208],"uv":{"north":{"uv":[38,0],"uv_size":[4,1]},"east":{"uv":[36,18],"uv_size":[5,1]},"west":{"uv":[36,19],"uv_size":[5,1]},"up":{"uv":[16,12],"uv_size":[4,5]}}},{"origin":[-1.5645,1.2642,5.88],"size":[3.024,0.567,2.646],"uv":{"south":{"uv":[41,18],"uv_size":[3,1]},"up":{"uv":[31,17],"uv_size":[3,3]}}},{"origin":[1.2705,1.2642,5.88],"size":[0.756,0.567,2.70648],"pivot":[2.0265,1.6422,5.88],"rotation":[0,-12.1,0],"uv":{"west":{"uv":[42,8],"uv_size":[3,1]},"up":{"uv":[10,42],"uv_size":[1,3]},"down":{"uv":[11,45],"uv_size":[1,-3]}}},{"origin":[-2.1483,1.2642,5.72153],"size":[0.756,0.567,2.70648],"pivot":[-1.3923,1.6422,5.72153],"rotation":[0,12.1,0],"uv":{"east":{"uv":[12,42],"uv_size":[3,1]},"down":{"uv":[19,45],"uv_size":[1,-3]}}},{"origin":[-1.5645,1.2642,5.3508],"size":[3.024,0.567,3.1752],"pivot":[1.4595,1.2642,8.526],"rotation":[12.5,0,0],"uv":{"east":{"uv":[42,3],"uv_size":[3,1]},"west":{"uv":[7,42],"uv_size":[3,1]},"down":{"uv":[3,35],"uv_size":[3,-3]}}},{"origin":[1.6485,1.8123,5.88],"size":[0.378,0.6426,2.646],"pivot":[2.0265,2.4549,5.88],"rotation":[0,-12,0],"uv":{"south":{"uv":[47,45],"uv_size":[1,1]},"west":{"uv":[41,24],"uv_size":[3,1]}}},{"origin":[1.0815,2.2092,5.7666],"size":[0.378,0.756,2.646],"pivot":[1.4595,2.9652,5.88],"rotation":[8.90656,-8.07464,-48.1299],"uv":{"south":{"uv":[0,48],"uv_size":[1,1]},"west":{"uv":[35,41],"uv_size":[3,1]}}},{"origin":[-2.1315,1.8123,3.612],"size":[4.158,0.6426,2.268],"uv":{"north":{"uv":[12,38],"uv_size":[4,1]},"east":{"uv":[44,6],"uv_size":[2,1]},"west":{"uv":[44,9],"uv_size":[2,1]}}},{"origin":[1.09112,2.20965,3.612],"size":[0.378,0.756,2.268],"pivot":[1.46912,2.96565,3.7254],"rotation":[0,0,-47.5],"uv":{"north":{"uv":[48,0],"uv_size":[1,1]},"west":{"uv":[44,39],"uv_size":[2,1]}}},{"origin":[-2.13976,1.8123,5.80141],"size":[0.378,0.6426,2.646],"pivot":[-1.76176,2.4549,5.80141],"rotation":[0,12,0],"uv":{"east":{"uv":[41,28],"uv_size":[3,1]},"south":{"uv":[47,46],"uv_size":[1,1]}}},{"origin":[-1.57412,2.20965,3.612],"size":[0.378,0.756,2.268],"pivot":[-1.57412,2.96565,3.612],"rotation":[0,0,47.5],"uv":{"north":{"uv":[48,1],"uv_size":[1,1]},"east":{"uv":[44,40],"uv_size":[2,1]}}},{"origin":[-1.5863,2.20965,5.76411],"size":[0.378,0.756,2.646],"pivot":[-1.5863,2.96565,5.76411],"rotation":[8.90656,8.07464,48.1299],"uv":{"east":{"uv":[41,38],"uv_size":[3,1]},"south":{"uv":[3,48],"uv_size":[1,1]}}},{"origin":[-1.5645,1.8123,5.88],"size":[3.024,0.6426,2.5326],"uv":{"south":{"uv":[41,11],"uv_size":[3,1]},"up":{"uv":[34,2],"uv_size":[3,2]}}},{"origin":[-1.57378,2.32305,3.612],"size":[3.0429,0.6426,2.268],"uv":{"up":{"uv":[0,35],"uv_size":[3,2]}}},{"origin":[-1.5903,2.32305,5.72282],"size":[1.512,0.6426,2.5326],"pivot":[-0.8343,2.96565,5.72282],"rotation":[0,12,0],"uv":{"south":{"uv":[47,43],"uv_size":[1,1]},"up":{"uv":[44,30],"uv_size":[1,2]}}},{"origin":[-0.04288,2.32305,5.88],"size":[1.512,0.64365,2.5326],"pivot":[1.46912,2.96565,5.88],"rotation":[0,-12,0],"uv":{"south":{"uv":[47,44],"uv_size":[1,1]},"up":{"uv":[44,34],"uv_size":[1,2]}}},{"origin":[-1.04194,2.43645,7.97926],"size":[1.9845,0.5292,0.378],"pivot":[0.94256,2.96565,8.35726],"rotation":[6.2,0,0],"uv":{"east":{"uv":[42,47],"uv_size":[1,1]},"south":{"uv":[44,18],"uv_size":[2,1]},"west":{"uv":[47,42],"uv_size":[1,1]},"up":{"uv":[44,19],"uv_size":[2,1]}}},{"origin":[-1.57378,1.94505,1.3818],"size":[3.0429,1.0206,2.2302],"pivot":[1.09112,2.96565,3.612],"rotation":[31,0,0],"uv":{"east":{"uv":[44,14],"uv_size":[2,1]},"west":{"uv":[44,15],"uv_size":[2,1]},"up":{"uv":[27,35],"uv_size":[3,2]}}},{"origin":[2.72883,4.88746,-3.864],"size":[0.315,1.57399,1.05],"pivot":[2.59023,4.88746,-2.91585],"rotation":[0,0,-37],"uv":{"north":{"uv":[48,18],"uv_size":[1,1]},"east":{"uv":[19,48],"uv_size":[1,1]},"south":{"uv":[48,19],"uv_size":[1,1]},"west":{"uv":[20,48],"uv_size":[1,1]}}},{"origin":[-1.15832,1.09675,-0.46166],"size":[1.38874,3.35296,1.5708],"pivot":[-1.15832,3.87422,-1.71116],"rotation":[0,-90,-90],"uv":{"north":{"uv":[33,42],"uv_size":[1,3]},"up":{"uv":[48,24],"uv_size":[1,1]},"down":{"uv":[25,49],"uv_size":[1,-1]}}},{"origin":[-1.32688,1.09675,0.52014],"size":[1.38874,3.35296,1.5708],"pivot":[-1.32688,3.87422,-0.72936],"rotation":[-90,-45,0],"uv":{"north":{"uv":[29,42],"uv_size":[1,3]},"up":{"uv":[48,23],"uv_size":[1,1]},"down":{"uv":[24,49],"uv_size":[1,-1]}}},{"origin":[-2.71606,3.17985,2.60343],"size":[3.35296,1.39923,1.5708],"pivot":[0.63691,4.56859,0.65956],"rotation":[-90,-45,0],"uv":{"north":{"uv":[23,42],"uv_size":[3,1]},"east":{"uv":[48,22],"uv_size":[1,1]},"west":{"uv":[23,48],"uv_size":[1,1]}}},{"origin":[-4.68029,1.62238,1.62144],"size":[3.35296,1.38874,1.5708],"pivot":[-2.30931,4.56859,-0.32242],"rotation":[0,-90,-90],"uv":{"north":{"uv":[42,17],"uv_size":[3,1]},"east":{"uv":[48,21],"uv_size":[1,1]},"west":{"uv":[22,48],"uv_size":[1,1]}}},{"origin":[3.32614,-0.78703,-2.16699],"size":[0.59411,1.43442,0.672],"pivot":[3.32614,0.40119,-2.70153],"rotation":[0,-90,0],"uv":{"north":{"uv":[48,38],"uv_size":[1,1]},"up":{"uv":[48,40],"uv_size":[1,1]},"down":{"uv":[41,49],"uv_size":[1,-1]}}},{"origin":[3.32614,-0.71492,-1.74697],"size":[0.59411,1.43442,0.672],"pivot":[3.32614,0.4733,-2.28151],"rotation":[-90,-45,90],"uv":{"north":{"uv":[48,35],"uv_size":[1,1]},"up":{"uv":[48,37],"uv_size":[1,1]},"down":{"uv":[38,49],"uv_size":[1,-1]}}},{"origin":[2.18877,-0.96093,-0.85572],"size":[1.43442,0.59411,0.672],"pivot":[3.62319,-0.36682,-1.68732],"rotation":[-90,-45,90],"uv":{"north":{"uv":[48,32],"uv_size":[1,1]},"east":{"uv":[33,48],"uv_size":[1,1]},"west":{"uv":[34,48],"uv_size":[1,1]}}},{"origin":[2.60887,-0.36682,-1.27582],"size":[1.43442,0.59411,0.672],"pivot":[3.62319,0.89359,-2.10742],"rotation":[0,-90,0],"uv":{"north":{"uv":[48,29],"uv_size":[1,1]},"east":{"uv":[30,48],"uv_size":[1,1]},"west":{"uv":[31,48],"uv_size":[1,1]}}},{"origin":[3.32614,-0.78703,3.08301],"size":[0.59411,1.43442,0.672],"pivot":[3.32614,0.40119,2.54847],"rotation":[0,-90,0],"uv":{"north":{"uv":[2,49],"uv_size":[1,1]},"up":{"uv":[4,49],"uv_size":[1,1]},"down":{"uv":[49,5],"uv_size":[1,-1]}}},{"origin":[3.32614,-0.71492,3.50303],"size":[0.59411,1.43442,0.672],"pivot":[3.32614,0.4733,2.96849],"rotation":[-90,-45,90],"uv":{"north":{"uv":[48,47],"uv_size":[1,1]},"up":{"uv":[1,49],"uv_size":[1,1]},"down":{"uv":[49,2],"uv_size":[1,-1]}}},{"origin":[2.18877,-0.96093,4.39428],"size":[1.43442,0.59411,0.672],"pivot":[3.62319,-0.36682,3.56268],"rotation":[-90,-45,90],"uv":{"north":{"uv":[48,44],"uv_size":[1,1]},"east":{"uv":[45,48],"uv_size":[1,1]},"west":{"uv":[46,48],"uv_size":[1,1]}}},{"origin":[2.60887,-0.36682,3.97418],"size":[1.43442,0.59411,0.672],"pivot":[3.62319,0.89359,3.14258],"rotation":[0,-90,0],"uv":{"north":{"uv":[48,41],"uv_size":[1,1]},"east":{"uv":[42,48],"uv_size":[1,1]},"west":{"uv":[43,48],"uv_size":[1,1]}}},{"origin":[-0.88008,-0.23182,6.13704],"size":[1.02766,2.48119,0.63],"pivot":[-0.88008,1.82351,5.21241],"rotation":[0,-90,-90],"uv":{"south":{"uv":[45,30],"uv_size":[1,2]},"up":{"uv":[48,28],"uv_size":[1,1]},"down":{"uv":[29,49],"uv_size":[1,-1]}}},{"origin":[-1.00481,-0.23182,6.86357],"size":[1.02766,2.48119,0.63],"pivot":[-1.00481,1.82351,5.93895],"rotation":[-90,-45,0],"uv":{"south":{"uv":[27,45],"uv_size":[1,2]},"up":{"uv":[48,27],"uv_size":[1,1]},"down":{"uv":[28,49],"uv_size":[1,-1]}}},{"origin":[-2.70452,0.35964,9.07696],"size":[2.48119,1.0277,0.63],"pivot":[-0.22333,2.33734,7.6385],"rotation":[-90,-45,0],"uv":{"east":{"uv":[48,26],"uv_size":[1,1]},"south":{"uv":[45,22],"uv_size":[2,1]},"west":{"uv":[27,48],"uv_size":[1,1]}}},{"origin":[-4.50863,-0.86519,7.67854],"size":[2.48119,1.0277,0.63],"pivot":[-2.75411,2.33734,6.24008],"rotation":[0,-90,-90],"uv":{"east":{"uv":[48,25],"uv_size":[1,1]},"south":{"uv":[45,17],"uv_size":[2,1]},"west":{"uv":[26,48],"uv_size":[1,1]}}},{"origin":[-2.3205,-0.0378,-3.9774],"size":[4.536,0.735,8.316],"uv":{"north":{"uv":[37,34],"uv_size":[4,1]},"east":{"uv":[33,25],"uv_size":[8,1]},"south":{"uv":[37,35],"uv_size":[4,1]},"west":{"uv":[33,26],"uv_size":[8,1]},"up":{"uv":[4,10],"uv_size":[4,8]},"down":{"uv":[8,18],"uv_size":[4,-8]}}},{"origin":[-2.3205,-0.8778,-3.9774],"size":[0.63,0.84,8.316],"uv":{"north":{"uv":[35,47],"uv_size":[1,1]},"east":{"uv":[32,31],"uv_size":[8,1]},"south":{"uv":[47,35],"uv_size":[1,1]},"down":{"uv":[11,41],"uv_size":[1,-8]}}},{"origin":[1.1655,-0.8778,-3.9774],"size":[0.42,0.735,8.316],"pivot":[1.5855,-0.8778,4.3386],"rotation":[0,0,30],"uv":{"north":{"uv":[33,47],"uv_size":[1,1]},"east":{"uv":[32,5],"uv_size":[8,1]},"south":{"uv":[47,33],"uv_size":[1,1]},"down":{"uv":[9,40],"uv_size":[1,-8]}}},{"origin":[-1.74677,-0.6678,-3.9774],"size":[0.42,0.735,8.316],"pivot":[-1.32677,-0.6678,4.3386],"rotation":[0,0,-30],"uv":{"north":{"uv":[34,47],"uv_size":[1,1]},"south":{"uv":[47,34],"uv_size":[1,1]},"west":{"uv":[32,30],"uv_size":[8,1]},"down":{"uv":[19,40],"uv_size":[1,-8]}}},{"origin":[1.5015,1.4532,-0.378],"size":[0.525,0.378,1.05],"pivot":[2.0265,1.8312,0.672],"rotation":[22.5,0,0],"uv":{"east":{"uv":[47,36],"uv_size":[1,1]},"west":{"uv":[47,37],"uv_size":[1,1]},"up":{"uv":[38,47],"uv_size":[1,1]}}},{"origin":[-2.1315,1.4532,-0.378],"size":[0.525,0.378,1.05],"pivot":[-1.6065,1.8312,0.672],"rotation":[22.5,0,0],"uv":{"east":{"uv":[47,39],"uv_size":[1,1]},"west":{"uv":[47,40],"uv_size":[1,1]},"up":{"uv":[41,47],"uv_size":[1,1]}}}]},{"name":"crosshair_rifle","parent":"red_dot_rifle","pivot":[0,4.28695,-12.96]},{"name":"holographic","parent":"root","pivot":[0,0,0]},{"name":"holographic_body","parent":"holographic","pivot":[-1.31364,-0.69124,-1.90266],"cubes":[{"origin":[2.64311,0.06941,-0.04112],"size":[0.30037,2.55312,5.85717],"uv":{"east":{"uv":[20,18],"uv_size":[6,3]},"west":{"uv":[21,4],"uv_size":[6,3]}}},{"origin":[2.64311,0.06941,5.81605],"size":[0.30037,1.05129,0.75092],"uv":{"east":{"uv":[49,45],"uv_size":[1,1]},"south":{"uv":[46,49],"uv_size":[1,1]},"west":{"uv":[49,46],"uv_size":[1,1]}}},{"origin":[2.64311,0.93716,5.49408],"size":[0.30037,1.80221,0.75092],"pivot":[-0.06019,1.83826,5.94463],"rotation":[22.5,0,0],"uv":{"east":{"uv":[46,26],"uv_size":[1,2]},"south":{"uv":[46,28],"uv_size":[1,2]},"west":{"uv":[46,30],"uv_size":[1,2]}}},{"origin":[2.64311,-0.01323,-3.28516],"size":[0.30037,1.35165,4.80588],"pivot":[-0.06019,0.81278,-1.70823],"rotation":[45,0,0],"uv":{"east":{"uv":[37,7],"uv_size":[5,1]},"west":{"uv":[37,8],"uv_size":[5,1]},"up":{"uv":[5,37],"uv_size":[1,5]}}},{"origin":[2.64311,0.06941,-1.36908],"size":[0.30037,1.35165,1.35165],"uv":{"east":{"uv":[49,44],"uv_size":[1,1]},"west":{"uv":[45,49],"uv_size":[1,1]}}},{"origin":[2.64311,2.62253,0.55962],"size":[0.30037,2.55312,4.80588],"uv":{"east":{"uv":[26,18],"uv_size":[5,3]},"south":{"uv":[24,43],"uv_size":[1,3]},"west":{"uv":[27,4],"uv_size":[5,3]}}},{"origin":[2.64311,2.98915,-0.53252],"size":[0.30037,2.55312,0.9011],"pivot":[-0.06019,2.61369,-0.90798],"rotation":[-22.5,0,0],"uv":{"north":{"uv":[21,43],"uv_size":[1,3]},"east":{"uv":[22,43],"uv_size":[1,3]},"west":{"uv":[23,43],"uv_size":[1,3]}}},{"origin":[2.64311,2.30941,4.57716],"size":[0.30037,0.74491,0.75092],"pivot":[-0.06019,3.21051,5.02771],"rotation":[45,0,0],"uv":{"east":{"uv":[42,49],"uv_size":[1,1]},"south":{"uv":[49,42],"uv_size":[1,1]},"west":{"uv":[43,49],"uv_size":[1,1]}}},{"origin":[-3.06387,-0.98188,-3.19498],"size":[0.48059,1.05129,9.76194],"uv":{"north":{"uv":[38,49],"uv_size":[1,1]},"east":{"uv":[31,13],"uv_size":[10,1]},"south":{"uv":[49,38],"uv_size":[1,1]},"west":{"uv":[31,14],"uv_size":[10,1]},"up":{"uv":[22,31],"uv_size":[1,10]},"down":{"uv":[23,41],"uv_size":[1,-10]}}},{"origin":[2.46289,-0.98188,-3.19498],"size":[0.48059,1.05129,9.76194],"uv":{"north":{"uv":[37,49],"uv_size":[1,1]},"east":{"uv":[0,31],"uv_size":[10,1]},"south":{"uv":[49,37],"uv_size":[1,1]},"west":{"uv":[31,12],"uv_size":[10,1]},"up":{"uv":[10,23],"uv_size":[1,10]},"down":{"uv":[11,33],"uv_size":[1,-10]}}},{"origin":[2.3594,4.80931,0.55962],"size":[0.30037,1.56191,4.80588],"pivot":[2.3594,5.33495,2.81237],"rotation":[0,0,-45],"uv":{"north":{"uv":[22,46],"uv_size":[1,2]},"east":{"uv":[22,29],"uv_size":[5,2]},"south":{"uv":[23,46],"uv_size":[1,2]},"west":{"uv":[27,30],"uv_size":[5,2]}}},{"origin":[-1.96241,5.97836,0.55962],"size":[3.80145,0.30174,4.80588],"uv":{"north":{"uv":[40,30],"uv_size":[4,1]},"south":{"uv":[40,31],"uv_size":[4,1]},"up":{"uv":[8,18],"uv_size":[4,5]},"down":{"uv":[0,24],"uv_size":[4,-5]}}},{"origin":[-2.78015,4.8093,0.55962],"size":[0.30037,1.56191,4.80588],"pivot":[-2.47978,5.33494,2.81237],"rotation":[0,0,45],"uv":{"north":{"uv":[20,46],"uv_size":[1,2]},"east":{"uv":[29,2],"uv_size":[5,2]},"south":{"uv":[21,46],"uv_size":[1,2]},"west":{"uv":[5,29],"uv_size":[5,2]}}},{"origin":[-2.61332,0.00934,-8.90196],"size":[5.10625,1.71209,9.13117],"uv":{"east":{"uv":[19,0],"uv_size":[10,2]},"west":{"uv":[19,2],"uv_size":[10,2]},"up":{"uv":[0,0],"uv_size":[5,10]},"down":{"uv":[5,10],"uv_size":[5,-10]}}},{"origin":[-2.01257,0.00934,-9.50271],"size":[3.90444,1.71209,0.60074],"uv":{"north":{"uv":[32,33],"uv_size":[4,2]},"down":{"uv":[40,17],"uv_size":[4,-1]}}},{"origin":[-2.01258,1.72142,-8.90196],"size":[3.90444,0.60074,7.50919],"uv":{"south":{"uv":[40,15],"uv_size":[4,1]},"up":{"uv":[12,9],"uv_size":[4,8]}}},{"origin":[-2.25386,0.85363,-8.90196],"size":[0.84956,0.60074,9.01103],"pivot":[-2.75596,1.154,-4.69682],"rotation":[0,0,-45],"uv":{"north":{"uv":[36,49],"uv_size":[1,1]},"up":{"uv":[19,22],"uv_size":[1,10]}}},{"origin":[1.28391,0.85363,-8.90196],"size":[0.84956,0.60074,9.01103],"pivot":[2.63557,1.154,-4.69682],"rotation":[0,0,45],"uv":{"north":{"uv":[35,49],"uv_size":[1,1]},"up":{"uv":[18,22],"uv_size":[1,10]}}},{"origin":[1.45985,0.00934,-9.0597],"size":[0.84958,1.71209,0.60074],"pivot":[2.21077,0.83535,-8.75934],"rotation":[0,-45,0],"uv":{"north":{"uv":[18,46],"uv_size":[1,2]},"up":{"uv":[49,34],"uv_size":[1,1]}}},{"origin":[-2.42982,0.00934,-9.0597],"size":[0.84958,1.71209,0.60074],"pivot":[-2.33116,0.83535,-8.75934],"rotation":[0,45,0],"uv":{"north":{"uv":[17,46],"uv_size":[1,2]},"up":{"uv":[34,49],"uv_size":[1,1]}}},{"origin":[-2.01258,1.50214,-9.57402],"size":[3.90444,0.84956,0.60074],"pivot":[1.14094,1.52569,-9.27365],"rotation":[-45,0,0],"uv":{"north":{"uv":[12,40],"uv_size":[4,1]},"east":{"uv":[33,49],"uv_size":[1,1]},"west":{"uv":[49,33],"uv_size":[1,1]}}},{"origin":[-2.01258,1.72143,-1.39277],"size":[1.05129,0.60074,1.50184],"uv":{"west":{"uv":[46,15],"uv_size":[2,1]},"up":{"uv":[16,46],"uv_size":[1,2]}}},{"origin":[0.84091,1.72143,-1.39277],"size":[1.05129,0.60074,1.50184],"uv":{"east":{"uv":[46,14],"uv_size":[2,1]},"up":{"uv":[15,46],"uv_size":[1,2]}}},{"origin":[-0.9613,1.72143,-1.39277],"size":[1.80221,-0.01821,1.49429],"pivot":[0.16508,2.0218,-0.64185],"rotation":[45,0,0],"uv":{"down":{"uv":[16,40],"uv_size":[2,-2]}}},{"origin":[-0.43565,1.90886,-1.48987],"size":[0.75092,0.60074,0.84956],"pivot":[-0.06019,2.20922,-1.0651],"rotation":[20,0,0],"uv":{"east":{"uv":[49,30],"uv_size":[1,1]},"south":{"uv":[31,49],"uv_size":[1,1]},"west":{"uv":[49,31],"uv_size":[1,1]},"up":{"uv":[32,49],"uv_size":[1,1]}}},{"origin":[-0.43565,1.74546,-8.90704],"size":[0.75092,0.58175,7.359],"uv":{"up":{"uv":[31,33],"uv_size":[1,8]}}},{"origin":[-0.43565,1.27215,-9.01167],"size":[0.75092,0.84956,0.60074],"pivot":[-0.06019,2.09817,-8.7113],"rotation":[-45,0,0],"uv":{"north":{"uv":[29,49],"uv_size":[1,1]}}},{"origin":[-0.43565,0.07446,-9.50777],"size":[0.75092,1.65202,0.60074],"uv":{"north":{"uv":[9,46],"uv_size":[1,2]}}},{"origin":[2.04238,2.32217,0.7098],"size":[0.45055,2.70331,4.56559],"uv":{"north":{"uv":[13,43],"uv_size":[1,3]},"east":{"uv":[0,26],"uv_size":[5,3]},"south":{"uv":[14,43],"uv_size":[1,3]},"west":{"uv":[5,26],"uv_size":[5,3]}}},{"origin":[-1.8624,5.32584,0.7098],"size":[3.60441,0.45055,4.56559],"uv":{"north":{"uv":[6,40],"uv_size":[4,1]},"south":{"uv":[40,6],"uv_size":[4,1]},"up":{"uv":[16,17],"uv_size":[4,5]},"down":{"uv":[4,23],"uv_size":[4,-5]}}},{"origin":[2.04238,2.32216,5.06513],"size":[0.45055,1.80221,1.05129],"pivot":[2.04238,2.32216,6.11642],"rotation":[30,0,0],"uv":{"east":{"uv":[7,46],"uv_size":[1,2]},"south":{"uv":[8,46],"uv_size":[1,2]},"west":{"uv":[46,8],"uv_size":[1,2]}}},{"origin":[-2.61332,2.32216,5.06513],"size":[0.45055,1.80221,1.05129],"pivot":[-2.16277,2.32216,6.11642],"rotation":[30,0,0],"uv":{"east":{"uv":[37,45],"uv_size":[1,2]},"south":{"uv":[46,4],"uv_size":[1,2]},"west":{"uv":[46,6],"uv_size":[1,2]}}},{"origin":[1.09884,4.22366,0.7098],"size":[1.06198,0.45055,4.56559],"pivot":[2.75086,4.44894,3.71347],"rotation":[0,0,45],"uv":{"north":{"uv":[28,49],"uv_size":[1,1]},"south":{"uv":[49,28],"uv_size":[1,1]},"up":{"uv":[2,37],"uv_size":[1,5]},"down":{"uv":[3,42],"uv_size":[1,-5]}}},{"origin":[-2.61332,2.32217,0.7098],"size":[0.45055,2.70331,4.56559],"uv":{"north":{"uv":[9,43],"uv_size":[1,3]},"east":{"uv":[4,23],"uv_size":[5,3]},"south":{"uv":[12,43],"uv_size":[1,3]},"west":{"uv":[22,24],"uv_size":[5,3]}}},{"origin":[-2.28121,4.22366,0.7098],"size":[1.06198,0.45055,4.56559],"pivot":[-2.87125,4.44894,3.71347],"rotation":[0,0,-45],"uv":{"north":{"uv":[27,49],"uv_size":[1,1]},"south":{"uv":[49,27],"uv_size":[1,1]},"up":{"uv":[0,37],"uv_size":[1,5]},"down":{"uv":[1,42],"uv_size":[1,-5]}}},{"origin":[-2.61332,3.10574,-1.59294],"size":[0.45055,0.75092,2.70331],"pivot":[-0.06019,3.33102,1.26055],"rotation":[45,0,0],"uv":{"east":{"uv":[1,43],"uv_size":[3,1]},"west":{"uv":[4,43],"uv_size":[3,1]},"up":{"uv":[7,43],"uv_size":[1,3]}}},{"origin":[-2.40092,2.04756,-0.1913],"size":[0.45055,0.30037,6.1275],"pivot":[-1.95037,2.19774,0.78489],"rotation":[0,0,45],"uv":{"north":{"uv":[25,49],"uv_size":[1,1]},"south":{"uv":[49,25],"uv_size":[1,1]},"up":{"uv":[24,36],"uv_size":[1,6]}}},{"origin":[2.04238,3.10574,-1.59294],"size":[0.45055,0.75092,2.70331],"pivot":[-0.06019,3.33102,1.26055],"rotation":[45,0,0],"uv":{"east":{"uv":[42,27],"uv_size":[3,1]},"west":{"uv":[39,42],"uv_size":[3,1]},"up":{"uv":[42,40],"uv_size":[1,3]}}},{"origin":[1.82998,2.04756,-0.1913],"size":[0.45055,0.30037,6.1275],"pivot":[1.82998,2.19774,0.78489],"rotation":[0,0,-45],"uv":{"north":{"uv":[24,49],"uv_size":[1,1]},"south":{"uv":[49,24],"uv_size":[1,1]},"up":{"uv":[30,35],"uv_size":[1,6]}}},{"origin":[-2.01258,0.36978,5.78601],"size":[1.35165,0.9011,0.52564],"uv":{"east":{"uv":[49,21],"uv_size":[1,1]},"south":{"uv":[22,49],"uv_size":[1,1]},"west":{"uv":[49,22],"uv_size":[1,1]},"up":{"uv":[23,49],"uv_size":[1,1]},"down":{"uv":[49,24],"uv_size":[1,-1]}}},{"origin":[0.54054,0.36978,5.78601],"size":[1.35165,0.9011,0.52564],"uv":{"east":{"uv":[19,49],"uv_size":[1,1]},"south":{"uv":[49,19],"uv_size":[1,1]},"west":{"uv":[20,49],"uv_size":[1,1]},"up":{"uv":[49,20],"uv_size":[1,1]},"down":{"uv":[21,50],"uv_size":[1,-1]}}},{"origin":[-2.61337,-0.88077,-8.90195],"size":[0.97146,0.89077,15.01838],"uv":{"east":{"uv":[22,22],"uv_size":[16,1]},"south":{"uv":[49,18],"uv_size":[1,1]},"west":{"uv":[22,23],"uv_size":[16,1]},"down":{"uv":[17,38],"uv_size":[1,-16]}}},{"origin":[-2.01258,-0.88077,-9.50269],"size":[0.37076,0.89077,0.60074],"uv":{"north":{"uv":[49,16],"uv_size":[1,1]},"west":{"uv":[17,49],"uv_size":[1,1]},"down":{"uv":[49,18],"uv_size":[1,-1]}}},{"origin":[-2.42983,-0.88077,-9.05969],"size":[0.84958,0.89077,0.48059],"pivot":[-2.33116,-0.05476,-8.75932],"rotation":[0,45,0],"uv":{"north":{"uv":[49,15],"uv_size":[1,1]},"down":{"uv":[16,50],"uv_size":[1,-1]}}},{"origin":[1.52143,-0.88077,-9.50271],"size":[0.37075,0.89077,0.60074],"uv":{"north":{"uv":[14,49],"uv_size":[1,1]},"east":{"uv":[49,14],"uv_size":[1,1]},"down":{"uv":[15,50],"uv_size":[1,-1]}}},{"origin":[1.45985,-0.88077,-9.0597],"size":[0.84958,0.89077,0.48059],"pivot":[2.21077,-0.05476,-8.75934],"rotation":[0,-45,0],"uv":{"north":{"uv":[13,49],"uv_size":[1,1]},"down":{"uv":[49,14],"uv_size":[1,-1]}}},{"origin":[1.52147,-0.88077,-8.90196],"size":[0.97146,0.89077,15.01838],"uv":{"east":{"uv":[21,11],"uv_size":[16,1]},"south":{"uv":[49,12],"uv_size":[1,1]},"west":{"uv":[22,21],"uv_size":[16,1]},"down":{"uv":[15,38],"uv_size":[1,-16]}}},{"origin":[-3.13896,0.21959,0.61969],"size":[1.42675,0.60074,0.60074],"pivot":[-2.01258,-0.38114,0.01895],"rotation":[-45,0,0],"uv":{"north":{"uv":[45,45],"uv_size":[2,1]},"east":{"uv":[11,49],"uv_size":[1,1]},"south":{"uv":[46,0],"uv_size":[2,1]},"up":{"uv":[46,1],"uv_size":[2,1]},"down":{"uv":[46,3],"uv_size":[2,-1]}}},{"origin":[-3.13896,0.21959,-3.19498],"size":[1.42675,0.60074,0.60074],"pivot":[-2.01258,-0.38114,-3.79571],"rotation":[-45,0,0],"uv":{"north":{"uv":[42,45],"uv_size":[2,1]},"east":{"uv":[10,49],"uv_size":[1,1]},"south":{"uv":[45,42],"uv_size":[2,1]},"up":{"uv":[45,43],"uv_size":[2,1]},"down":{"uv":[45,45],"uv_size":[2,-1]}}},{"origin":[1.59183,0.21959,-3.19498],"size":[1.42675,0.60074,0.60074],"pivot":[1.89219,-0.38114,-3.79571],"rotation":[-45,0,0],"uv":{"north":{"uv":[45,36],"uv_size":[2,1]},"south":{"uv":[45,37],"uv_size":[2,1]},"west":{"uv":[49,8],"uv_size":[1,1]},"up":{"uv":[39,45],"uv_size":[2,1]},"down":{"uv":[45,42],"uv_size":[2,-1]}}},{"origin":[1.59183,0.21959,0.61969],"size":[1.42675,0.60074,0.60074],"pivot":[1.89219,-0.38114,0.01895],"rotation":[-45,0,0],"uv":{"north":{"uv":[33,45],"uv_size":[2,1]},"south":{"uv":[45,34],"uv_size":[2,1]},"west":{"uv":[49,6],"uv_size":[1,1]},"up":{"uv":[35,45],"uv_size":[2,1]},"down":{"uv":[45,36],"uv_size":[2,-1]}}},{"origin":[-3.06387,2.3094,4.57717],"size":[0.30037,0.74491,0.75092],"pivot":[-5.76718,3.2105,5.02772],"rotation":[45,0,0],"uv":{"east":{"uv":[39,49],"uv_size":[1,1]},"south":{"uv":[49,39],"uv_size":[1,1]},"west":{"uv":[40,49],"uv_size":[1,1]}}},{"origin":[-3.06386,2.62253,0.55962],"size":[0.30037,2.55312,4.80588],"uv":{"east":{"uv":[26,12],"uv_size":[5,3]},"south":{"uv":[15,43],"uv_size":[1,3]},"west":{"uv":[26,15],"uv_size":[5,3]}}},{"origin":[-3.06387,0.93716,5.49407],"size":[0.30037,1.80221,0.75092],"pivot":[-5.76718,1.83826,5.94462],"rotation":[22.5,0,0],"uv":{"east":{"uv":[24,46],"uv_size":[1,2]},"south":{"uv":[25,46],"uv_size":[1,2]},"west":{"uv":[26,46],"uv_size":[1,2]}}},{"origin":[-3.06387,0.06941,5.81605],"size":[0.30037,1.05129,0.75092],"uv":{"east":{"uv":[49,40],"uv_size":[1,1]},"south":{"uv":[41,49],"uv_size":[1,1]},"west":{"uv":[49,41],"uv_size":[1,1]}}},{"origin":[-3.06387,0.06941,-0.04112],"size":[0.30037,2.55312,5.85717],"uv":{"east":{"uv":[20,12],"uv_size":[6,3]},"west":{"uv":[20,15],"uv_size":[6,3]}}},{"origin":[-3.06386,2.98913,-0.53253],"size":[0.30037,2.55312,0.9011],"pivot":[-5.76717,2.61367,-0.90798],"rotation":[-22.5,0,0],"uv":{"north":{"uv":[16,43],"uv_size":[1,3]},"east":{"uv":[17,43],"uv_size":[1,3]},"west":{"uv":[20,43],"uv_size":[1,3]}}},{"origin":[-3.06387,-0.01323,-3.28516],"size":[0.30037,1.35165,4.80588],"pivot":[-5.76718,0.81278,-1.70824],"rotation":[45,0,0],"uv":{"east":{"uv":[37,2],"uv_size":[5,1]},"west":{"uv":[37,3],"uv_size":[5,1]},"up":{"uv":[4,37],"uv_size":[1,5]}}},{"origin":[-3.06391,0.06941,-1.36908],"size":[0.30037,1.35165,1.35165],"uv":{"east":{"uv":[49,43],"uv_size":[1,1]},"west":{"uv":[44,49],"uv_size":[1,1]}}},{"origin":[-2.61332,0.01252,0.10907],"size":[5.10625,2.30965,6.00735],"uv":{"east":{"uv":[22,27],"uv_size":[6,2]},"south":{"uv":[28,28],"uv_size":[5,2]},"west":{"uv":[27,24],"uv_size":[6,2]},"up":{"uv":[14,0],"uv_size":[5,6]},"down":{"uv":[16,12],"uv_size":[5,-6]}}},{"origin":[1.05158,-0.41167,-9.40786],"size":[0.37905,0.66334,15.52428],"pivot":[0.60073,-0.81582,1.34817],"rotation":[0,0,30],"uv":{"north":{"uv":[7,49],"uv_size":[1,1]},"east":{"uv":[21,7],"uv_size":[16,1]},"south":{"uv":[49,7],"uv_size":[1,1]},"down":{"uv":[21,37],"uv_size":[1,-16]}}},{"origin":[-1.69269,-0.69124,-9.40785],"size":[0.37905,0.66334,15.52428],"pivot":[-1.31364,-0.69124,-1.90266],"rotation":[0,0,-30],"uv":{"north":{"uv":[9,49],"uv_size":[1,1]},"south":{"uv":[49,9],"uv_size":[1,1]},"west":{"uv":[21,10],"uv_size":[16,1]},"down":{"uv":[13,38],"uv_size":[1,-16]}}}]},{"name":"crosshair_holo","parent":"holographic","pivot":[0,3.85021,-9.48386]}]}]}