{"format_version":"1.12.0","minecraft:geometry":[{"description":{"identifier":"geometry.unknown","texture_width":128,"texture_height":128,"visible_bounds_width":9,"visible_bounds_height":4,"visible_bounds_offset":[0,0,0]},"bones":[{"name":"root","pivot":[0,0,0]},{"name":"ak_exp_mag","parent":"root","pivot":[0,0,0],"cubes":[{"origin":[-1.55,-37.82114,-17.74488],"size":[3,9.5,3.5],"pivot":[0.95,-28.07114,-9.64488],"rotation":[-60,0,0],"uv":{"north":{"uv":[81,54],"uv_size":[3,10]},"east":{"uv":[81,64],"uv_size":[3,10]},"west":{"uv":[81,74],"uv_size":[3,10]},"down":{"uv":[91,31],"uv_size":[3,-3]}}},{"origin":[-2.055,-40.32114,-16.69488],"size":[4.01,10,8.5],"pivot":[1.45,-30.32114,-8.19488],"rotation":[-60,0,0],"uv":{"north":{"uv":[40,70],"uv_size":[4,10]},"east":{"uv":[50,38],"uv_size":[9,10]},"south":{"uv":[65,71],"uv_size":[4,10]},"west":{"uv":[39,50],"uv_size":[9,10]},"down":{"uv":[77,76],"uv_size":[4,-9]}}},{"origin":[-1.55,-31.69327,-10.38444],"size":[3,9.5,3.5],"pivot":[0.95,-21.64327,-1.98444],"rotation":[-47.5,0,0],"uv":{"north":{"uv":[84,28],"uv_size":[3,10]},"east":{"uv":[72,28],"uv_size":[4,10]},"west":{"uv":[72,38],"uv_size":[4,10]}}},{"origin":[-1.55,-22.05175,-5.59867],"size":[3,7.5,3.5],"pivot":[0.95,-14.05175,2.90133],"rotation":[-32.5,0,0],"uv":{"north":{"uv":[84,76],"uv_size":[3,8]},"east":{"uv":[36,81],"uv_size":[4,8]},"west":{"uv":[81,46],"uv_size":[4,8]}}},{"origin":[-1.55,-11.05858,-1.94821],"size":[3,7,3.5],"pivot":[0.95,-1.55858,-1.94821],"rotation":[-17.5,0,0],"uv":{"north":{"uv":[86,6],"uv_size":[3,7]},"east":{"uv":[84,69],"uv_size":[4,7]},"west":{"uv":[73,84],"uv_size":[4,7]}}},{"origin":[-1.55,-4.8,-2.5],"size":[3,5,3.5],"pivot":[0.95,0.7,-2.5],"rotation":[-2.5,0,0],"uv":{"north":{"uv":[52,87],"uv_size":[3,5]},"east":{"uv":[85,49],"uv_size":[4,5]},"west":{"uv":[68,86],"uv_size":[4,5]},"up":{"uv":[89,47],"uv_size":[3,4]}}},{"origin":[-2.05,-33.89327,-9.03444],"size":[4,10,8.5],"pivot":[1.45,-23.89327,-0.53444],"rotation":[-50,0,0],"uv":{"north":{"uv":[73,54],"uv_size":[4,10]},"east":{"uv":[48,50],"uv_size":[9,10]},"south":{"uv":[73,64],"uv_size":[4,10]},"west":{"uv":[57,48],"uv_size":[9,10]}}},{"origin":[-2.055,-25.70175,-3.29867],"size":[4.01,10,8.5],"pivot":[1.5,-15.70175,5.20133],"rotation":[-35,0,0],"uv":{"north":{"uv":[73,74],"uv_size":[4,10]},"east":{"uv":[57,58],"uv_size":[9,10]},"south":{"uv":[76,28],"uv_size":[4,10]},"west":{"uv":[59,38],"uv_size":[9,10]}}},{"origin":[-2.055,-13.60858,0.10179],"size":[4.01,10,8.5],"pivot":[1.45,-3.60858,0.10179],"rotation":[-17.5,0,0],"uv":{"north":{"uv":[76,38],"uv_size":[4,10]},"east":{"uv":[28,60],"uv_size":[9,10]},"south":{"uv":[69,76],"uv_size":[4,10]},"west":{"uv":[37,60],"uv_size":[9,10]}}},{"origin":[-2.05,-5.8,0],"size":[4,6,8.5],"pivot":[1.45,0.7,0],"rotation":[-2.5,0,0],"uv":{"north":{"uv":[84,84],"uv_size":[4,6]},"east":{"uv":[61,28],"uv_size":[9,6]},"south":{"uv":[85,43],"uv_size":[4,6]},"west":{"uv":[66,48],"uv_size":[9,6]},"up":{"uv":[28,81],"uv_size":[4,9]}}}]},{"name":"ak_bullet","parent":"ak_exp_mag","pivot":[-0.05,-0.8,-0.18444],"cubes":[{"origin":[-0.55,-0.4,1.41556],"size":[1.5,1.5,6],"pivot":[-0.05,0.6,2.41556],"rotation":[0,0,45],"uv":{"north":{"uv":[92,16],"uv_size":[2,2]},"east":{"uv":[50,48],"uv_size":[6,2]},"south":{"uv":[28,92],"uv_size":[2,2]},"west":{"uv":[87,62],"uv_size":[6,2]},"up":{"uv":[70,28],"uv_size":[2,6]},"down":{"uv":[44,76],"uv_size":[2,-6]}}},{"origin":[-0.15,-0.1,-1.58444],"size":[1.1,1.1,3],"pivot":[-0.05,0.9,-0.58444],"rotation":[0,0,45],"uv":{"north":{"uv":[68,85],"uv_size":[1,1]},"east":{"uv":[48,92],"uv_size":[3,1]},"west":{"uv":[92,48],"uv_size":[3,1]},"up":{"uv":[65,68],"uv_size":[1,3]},"down":{"uv":[56,80],"uv_size":[1,-3]}}}]},{"name":"ar_exp_mag","parent":"root","pivot":[0,0,0],"cubes":[{"origin":[-1.765,-10.5046,-5],"size":[3.525,10,11],"pivot":[1.75,-0.5046,6],"rotation":[-12,0,0],"uv":{"north":{"uv":[44,77],"uv_size":[4,10]},"east":{"uv":[28,40],"uv_size":[11,10]},"south":{"uv":[48,77],"uv_size":[4,10]},"west":{"uv":[39,40],"uv_size":[11,10]}}},{"origin":[-1.755,-20.784,-7.08888],"size":[3.5,10.5,11],"pivot":[1.745,-10.308,3.91112],"rotation":[-24,0,0],"uv":{"north":{"uv":[77,48],"uv_size":[4,10]},"east":{"uv":[28,50],"uv_size":[11,10]},"south":{"uv":[52,77],"uv_size":[4,10]},"west":{"uv":[50,28],"uv_size":[11,10]},"down":{"uv":[28,81],"uv_size":[4,-11]}}},{"origin":[-1.75,-0.5046,-5],"size":[3.5,12.5,11],"uv":{"north":{"uv":[68,34],"uv_size":[4,12]},"east":{"uv":[28,28],"uv_size":[11,12]},"south":{"uv":[57,68],"uv_size":[4,12]},"west":{"uv":[39,28],"uv_size":[11,12]},"up":{"uv":[32,70],"uv_size":[4,11]}}}]},{"name":"ar_bullet","parent":"ar_exp_mag","pivot":[-0.05,11.225,-2.23444],"cubes":[{"origin":[-0.275,11.625,-1.93444],"size":[1.3,1.3,7],"pivot":[0.025,12.625,-0.93444],"rotation":[0,0,45],"uv":{"north":{"uv":[89,53],"uv_size":[1,1]},"east":{"uv":[89,19],"uv_size":[7,1]},"south":{"uv":[72,90],"uv_size":[1,1]},"west":{"uv":[90,42],"uv_size":[7,1]},"up":{"uv":[60,80],"uv_size":[1,7]},"down":{"uv":[35,97],"uv_size":[1,-7]}}},{"origin":[0.1,11.925,-4.33444],"size":[0.9,0.9,3],"pivot":[0,12.925,-3.33444],"rotation":[0,0,45],"uv":{"north":{"uv":[92,57],"uv_size":[1,1]},"east":{"uv":[92,49],"uv_size":[3,1]},"west":{"uv":[92,50],"uv_size":[3,1]},"up":{"uv":[84,43],"uv_size":[1,3]},"down":{"uv":[31,95],"uv_size":[1,-3]}}}]},{"name":"glock_exp_mag","parent":"root","pivot":[0,0,0],"cubes":[{"origin":[-1.75,-8.34797,0.94457],"size":[3.5,1,5.15],"pivot":[1.75,-8.34797,0.94457],"rotation":[31.1,0,0],"uv":{"east":{"uv":[61,37],"uv_size":[5,1]},"west":{"uv":[90,58],"uv_size":[5,1]},"down":{"uv":[87,38],"uv_size":[4,-5]}}},{"origin":[-1.75,-8.65331,0.22523],"size":[3.5,1,2.2],"pivot":[1.75,-7.65331,0.22523],"rotation":[46,0,0],"uv":{"north":{"uv":[92,43],"uv_size":[4,1]},"east":{"uv":[51,92],"uv_size":[2,1]},"west":{"uv":[53,92],"uv_size":[2,1]}}},{"origin":[-1.75,-8.075,-1.55],"size":[3.5,5,5.5],"pivot":[1.75,-3.075,-1.8],"rotation":[21,0,0],"uv":{"north":{"uv":[44,87],"uv_size":[4,5]},"east":{"uv":[84,38],"uv_size":[6,5]},"south":{"uv":[48,87],"uv_size":[4,5]},"west":{"uv":[84,64],"uv_size":[6,5]},"up":{"uv":[77,85],"uv_size":[4,6]}}},{"origin":[-1.25,12.4342,-6.95767],"size":[2.5,1.64,4.2],"uv":{"north":{"uv":[77,91],"uv_size":[3,2]},"east":{"uv":[91,33],"uv_size":[4,2]},"west":{"uv":[91,35],"uv_size":[4,2]},"up":{"uv":[88,89],"uv_size":[3,4]}}},{"origin":[-1.25,-4.60487,-7.31715],"size":[2.5,17,4.5],"pivot":[1.25,13.39513,-7.31715],"rotation":[21,0,0],"uv":{"north":{"uv":[54,60],"uv_size":[3,17]},"east":{"uv":[46,60],"uv_size":[4,17]},"south":{"uv":[66,54],"uv_size":[3,17]},"west":{"uv":[50,60],"uv_size":[4,17]}}}]},{"name":"glock_bullet","parent":"glock_exp_mag","pivot":[0,15.00778,-4],"cubes":[{"origin":[-0.7,14.20778,-5.6],"size":[1,1,2.5],"pivot":[-0.7,14.20778,-4.6],"rotation":[0,0,45],"uv":{"north":{"uv":[92,78],"uv_size":[1,1]},"east":{"uv":[75,53],"uv_size":[2,1]},"south":{"uv":[92,79],"uv_size":[1,1]},"west":{"uv":[44,76],"uv_size":[2,1]},"up":{"uv":[56,48],"uv_size":[1,2]},"down":{"uv":[80,48],"uv_size":[1,-2]}}},{"origin":[-0.6,14.25778,-6.6],"size":[0.9,0.9,1],"pivot":[-0.7,14.25778,-5.6],"rotation":[0,0,45],"uv":{"north":{"uv":[92,80],"uv_size":[1,1]},"east":{"uv":[81,92],"uv_size":[1,1]},"west":{"uv":[82,92],"uv_size":[1,1]},"up":{"uv":[92,82],"uv_size":[1,1]},"down":{"uv":[83,93],"uv_size":[1,-1]}}}]},{"name":"shotgun_exp_mag","parent":"root","pivot":[0,0,0],"cubes":[{"origin":[-0.93988,-2.37092,-27.50288],"size":[1.87976,4.5385,85.5],"uv":{"north":{"uv":[75,48],"uv_size":[2,5]},"south":{"uv":[63,88],"uv_size":[2,5]},"up":{"uv":[20,20],"uv_size":[2,86]},"down":{"uv":[22,106],"uv_size":[2,-86]}}},{"origin":[-0.93988,1.66758,-27.50288],"size":[1.87976,0.5,4],"pivot":[-0.93988,2.16758,-27.50288],"rotation":[6,0,0],"uv":{"east":{"uv":[92,44],"uv_size":[4,1]},"west":{"uv":[92,45],"uv_size":[4,1]},"up":{"uv":[66,34],"uv_size":[2,4]}}},{"origin":[-0.93988,-2.37331,-27.45061],"size":[1.87976,0.5,4],"pivot":[-0.93988,-1.87331,-27.45061],"rotation":[-6,0,0],"uv":{"east":{"uv":[92,46],"uv_size":[4,1]},"west":{"uv":[92,47],"uv_size":[4,1]},"down":{"uv":[67,95],"uv_size":[2,-4]}}},{"origin":[0.38906,-2.14276,-27.50288],"size":[1.87976,4.5385,85.5],"pivot":[0.38906,1.61676,-26.56299],"rotation":[0,0,45],"uv":{"north":{"uv":[42,89],"uv_size":[2,5]},"south":{"uv":[58,89],"uv_size":[2,5]},"up":{"uv":[24,20],"uv_size":[2,86]},"down":{"uv":[26,106],"uv_size":[2,-86]}}},{"origin":[-2.26942,-1.04137,-27.50288],"size":[4.5385,1.87976,85.5],"uv":{"north":{"uv":[89,51],"uv_size":[5,2]},"east":{"uv":[28,20],"uv_size":[86,2]},"south":{"uv":[90,0],"uv_size":[5,2]},"west":{"uv":[28,22],"uv_size":[86,2]}}},{"origin":[-2.72331,-3.50394,-24.02845],"size":[5.4462,2.25572,3],"pivot":[2.72289,-1.24823,3.97155],"rotation":[0,0,45],"uv":{"north":{"uv":[90,2],"uv_size":[5,2]},"east":{"uv":[91,84],"uv_size":[3,2]},"south":{"uv":[90,4],"uv_size":[5,2]},"west":{"uv":[91,86],"uv_size":[3,2]}}},{"origin":[-2.26942,-1.04137,-27.50288],"size":[0.5,1.87976,4],"pivot":[-2.26942,0.83839,-27.50288],"rotation":[0,-6,0],"uv":{"east":{"uv":[69,91],"uv_size":[4,2]},"up":{"uv":[68,81],"uv_size":[1,4]},"down":{"uv":[72,90],"uv_size":[1,-4]}}},{"origin":[1.7992,-1.04137,-26.92797],"size":[0.5,1.87976,4],"pivot":[-3.2008,0.83839,-26.92797],"rotation":[0,6,0],"uv":{"west":{"uv":[91,74],"uv_size":[4,2]},"up":{"uv":[80,91],"uv_size":[1,4]},"down":{"uv":[30,96],"uv_size":[1,-4]}}},{"origin":[-2.26942,-2.92114,-27.50288],"size":[4.5385,1.87976,85.5],"pivot":[2.26907,-1.04137,-27.50288],"rotation":[0,0,45],"uv":{"north":{"uv":[28,90],"uv_size":[5,2]},"east":{"uv":[28,24],"uv_size":[86,2]},"south":{"uv":[90,38],"uv_size":[5,2]},"west":{"uv":[28,26],"uv_size":[86,2]}}},{"origin":[0.46688,-2.56989,-24.02845],"size":[2.25571,5.4462,3],"pivot":[0.46688,1.94154,5.09941],"rotation":[0,0,45],"uv":{"north":{"uv":[33,90],"uv_size":[2,5]},"south":{"uv":[90,53],"uv_size":[2,5]},"up":{"uv":[91,88],"uv_size":[2,3]},"down":{"uv":[91,94],"uv_size":[2,-3]}}},{"origin":[-2.72331,-1.24823,-24.02845],"size":[5.4462,2.25571,3],"uv":{"north":{"uv":[90,40],"uv_size":[5,2]},"east":{"uv":[92,6],"uv_size":[3,2]},"south":{"uv":[90,64],"uv_size":[5,2]},"west":{"uv":[92,8],"uv_size":[3,2]}}},{"origin":[-1.12786,-2.84368,-24.02845],"size":[2.25571,5.4462,3],"uv":{"north":{"uv":[90,76],"uv_size":[2,5]},"south":{"uv":[84,90],"uv_size":[2,5]},"up":{"uv":[92,10],"uv_size":[2,3]},"down":{"uv":[92,16],"uv_size":[2,-3]}}}]}]}]}