{"format_version":"1.12.0","minecraft:geometry":[{"description":{"identifier":"geometry.unknown","texture_width":64,"texture_height":64,"visible_bounds_width":7,"visible_bounds_height":2,"visible_bounds_offset":[0,0,0]},"bones":[{"name":"root","pivot":[0,0,0]},{"name":"body","parent":"root","pivot":[0,0,0],"cubes":[{"origin":[-3.46607,-2.44519,1.2416],"size":[1.9202,1.92019,16],"pivot":[0.45413,-0.525,1.2416],"rotation":[-90,-45,0],"uv":{"east":{"uv":[16,12],"uv_size":[16,2]},"south":{"uv":[20,36],"uv_size":[2,2]}}},{"origin":[-1.54589,-2.44519,1.24194],"size":[1.9202,1.92019,16],"pivot":[2.37431,-0.525,1.24194],"rotation":[-90,-45,0],"uv":{"south":{"uv":[31,36],"uv_size":[2,2]},"down":{"uv":[22,36],"uv_size":[2,-16]}}},{"origin":[-2.31823,-2.44519,-0.53005],"size":[2.6361,1.92019,16],"pivot":[2.31787,-0.525,-0.53005],"rotation":[-90,45,0],"uv":{"east":{"uv":[24,20],"uv_size":[16,2]},"south":{"uv":[31,34],"uv_size":[3,2]}}},{"origin":[-2.31823,1.13114,-1.69131],"size":[4.6361,2.5,0.85],"pivot":[-2.31823,-1.525,-1.53005],"rotation":[-75.7,0,0],"uv":{"east":{"uv":[11,36],"uv_size":[1,3]},"south":{"uv":[28,27],"uv_size":[5,3]},"west":{"uv":[33,36],"uv_size":[1,3]},"up":{"uv":[34,31],"uv_size":[5,1]}}},{"origin":[-2.31823,-3.99519,-2.43005],"size":[4.6361,2.5,0.9],"pivot":[-2.31823,-1.525,-1.53005],"rotation":[-104.3,0,0],"uv":{"east":{"uv":[36,36],"uv_size":[1,3]},"south":{"uv":[32,0],"uv_size":[5,3]},"west":{"uv":[37,0],"uv_size":[1,3]},"down":{"uv":[36,18],"uv_size":[5,-1]}}},{"origin":[-2.31823,-4.59869,2.54364],"size":[4.6361,2.92019,16],"pivot":[0.96009,-0.525,2.54364],"rotation":[-90,0,0],"uv":{"east":{"uv":[16,0],"uv_size":[16,3]},"south":{"uv":[32,6],"uv_size":[5,3]},"west":{"uv":[16,3],"uv_size":[16,3]}}},{"origin":[0.39743,-3.32547,1.22516],"size":[1.92019,2.6361,16],"pivot":[0.39743,-1.48509,2.18526],"rotation":[-90,45,0],"uv":{"south":{"uv":[4,36],"uv_size":[2,3]},"up":{"uv":[24,24],"uv_size":[2,16]}}},{"origin":[-0.96009,-5.32547,-0.0079],"size":[1.92019,5.6361,16],"pivot":[-0.96009,-1.48509,0.95219],"rotation":[-90,0,0],"uv":{"south":{"uv":[14,28],"uv_size":[2,6]},"up":{"uv":[0,28],"uv_size":[2,16]},"down":{"uv":[2,44],"uv_size":[2,-16]}}},{"origin":[-2.83024,-0.36351,1.1716],"size":[1.57787,0.65352,0.7392],"pivot":[-1.71449,1.02295,0.25684],"rotation":[0,-90,0],"uv":{"east":{"uv":[37,33],"uv_size":[1,1]},"south":{"uv":[37,4],"uv_size":[2,1]},"west":{"uv":[38,2],"uv_size":[1,1]}}},{"origin":[-3.29235,-1.01703,1.63371],"size":[1.57787,0.65352,0.7392],"pivot":[-1.71449,-0.36351,0.71895],"rotation":[-90,-45,90],"uv":{"north":{"uv":[37,6],"uv_size":[2,1]},"east":{"uv":[8,38],"uv_size":[1,1]},"south":{"uv":[37,7],"uv_size":[2,1]},"west":{"uv":[9,38],"uv_size":[1,1]}}},{"origin":[-2.04125,-0.74642,0.65334],"size":[0.65352,1.57787,0.7392],"pivot":[-2.04125,0.56063,0.06534],"rotation":[-90,-45,90],"uv":{"north":{"uv":[10,37],"uv_size":[1,2]},"south":{"uv":[34,37],"uv_size":[1,2]},"up":{"uv":[38,18],"uv_size":[1,1]},"down":{"uv":[38,20],"uv_size":[1,-1]}}},{"origin":[-2.04125,-0.82574,0.19131],"size":[0.65352,1.57787,0.7392],"pivot":[-2.04125,0.48131,-0.39669],"rotation":[0,-90,0],"uv":{"north":{"uv":[37,36],"uv_size":[1,2]},"south":{"uv":[6,38],"uv_size":[1,2]},"up":{"uv":[20,38],"uv_size":[1,1]},"down":{"uv":[21,39],"uv_size":[1,-1]}}},{"origin":[0.84838,0.67861,-3.925],"size":[0.42,0.735,7.575],"pivot":[1.26838,0.67861,4.391],"rotation":[0,0,150],"uv":{"north":{"uv":[22,38],"uv_size":[1,1]},"south":{"uv":[23,38],"uv_size":[1,1]},"west":{"uv":[32,10],"uv_size":[8,1]},"down":{"uv":[17,40],"uv_size":[1,-8]}}},{"origin":[-2.05211,0.88861,-3.925],"size":[0.42,0.735,7.575],"pivot":[-1.63211,0.88861,4.391],"rotation":[0,0,-150],"uv":{"north":{"uv":[38,29],"uv_size":[1,1]},"east":{"uv":[32,11],"uv_size":[8,1]},"south":{"uv":[38,30],"uv_size":[1,1]},"down":{"uv":[19,40],"uv_size":[1,-8]}}},{"origin":[2.63211,-1.11139,-3.925],"size":[1,1.2,7.575],"pivot":[2.63211,-0.11139,-3.925],"rotation":[0,0,-180],"uv":{"north":{"uv":[31,38],"uv_size":[1,1]},"east":{"uv":[32,13],"uv_size":[8,1]},"south":{"uv":[32,38],"uv_size":[1,1]},"down":{"uv":[28,41],"uv_size":[1,-8]}}},{"origin":[9.36789,1.14861,-3.925],"size":[1,1.2,7.575],"pivot":[3.86789,1.01861,-0.35],"rotation":[0,0,-180],"uv":{"north":{"uv":[38,33],"uv_size":[1,1]},"south":{"uv":[38,36],"uv_size":[1,1]},"west":{"uv":[29,33],"uv_size":[8,1]},"down":{"uv":[13,42],"uv_size":[1,-8]}}},{"origin":[2.225,-2.74276,-3.925],"size":[1,0.8586,7.575],"pivot":[1.925,-1.44276,-0.35],"rotation":[0,0,-135],"uv":{"north":{"uv":[37,38],"uv_size":[1,1]},"east":{"uv":[33,32],"uv_size":[8,1]},"south":{"uv":[38,37],"uv_size":[1,1]},"west":{"uv":[34,24],"uv_size":[8,1]}}},{"origin":[-1.4836,-2.74276,-3.925],"size":[0.8586,1,7.575],"pivot":[-1.925,-1.44276,-0.35],"rotation":[0,0,-135],"uv":{"north":{"uv":[38,38],"uv_size":[1,1]},"south":{"uv":[39,0],"uv_size":[1,1]},"up":{"uv":[29,34],"uv_size":[1,8]},"down":{"uv":[30,42],"uv_size":[1,-8]}}},{"origin":[6.925,0.2415,-3.925],"size":[4.05,0.9,7.575],"pivot":[4.475,0.1115,-0.35],"rotation":[0,0,-180],"uv":{"north":{"uv":[36,34],"uv_size":[4,1]},"south":{"uv":[36,35],"uv_size":[4,1]},"down":{"uv":[8,36],"uv_size":[4,-8]}}}]},{"name":"left_arm_long","parent":"root","pivot":[14.46895, -17.6471, 43.71852],"rotation":[-102.65244, 17.18538, 8.68775],"cubes":[{"origin":[11.71895,-70.6471,36.51852],"size":[9,54,12],"uv":{"north":{"uv":[38,0],"uv_size":[6,38]},"east":{"uv":[16,0],"uv_size":[8,38]},"south":{"uv":[6,38],"uv_size":[6,38]},"west":{"uv":[24,0],"uv_size":[8,38]}}}]},{"name":"left_arm","parent":"root","pivot":[10.61449,-14.76175,28.09228],"rotation":[-105.57906,13.19354,-11.01793]}]}]}