{"format_version":"1.12.0","minecraft:geometry":[{"description":{"identifier":"geometry.unknown","texture_width":128,"texture_height":128,"visible_bounds_width":4,"visible_bounds_height":2.5,"visible_bounds_offset":[0,0.75,0]},"bones":[{"name":"root","pivot":[0,0,0]},{"name":"crosshair","parent":"root","pivot":[0,5.73725,-14.978]},{"name": "back_ground", "parent": "root", "pivot": [0, 5.7373, -25]},{"name":"back_glass","parent":"root","pivot":[1.3,8.03,21.05688],"cubes":[{"origin":[-2.6,4.585,21.45255],"size":[0.65,2.275,0.65],"uv":{"south":{"uv":[54,61],"uv_size":[1,2]}}},{"origin":[1.95,4.585,21.45255],"size":[0.65,2.275,0.65],"uv":{"south":{"uv":[67,4],"uv_size":[1,2]}}},{"origin":[1.3,3.805,21.45255],"size":[0.65,3.9,0.65],"uv":{"south":{"uv":[14,75],"uv_size":[1,4]}}},{"origin":[-1.95,3.74,21.45255],"size":[0.65,3.9,0.65],"uv":{"south":{"uv":[17,75],"uv_size":[1,4]}}},{"origin":[-1.3,3.415,21.45255],"size":[2.6,4.875,0.65],"uv":{"south":{"uv":[32,60],"uv_size":[3,5]}}}]},{"name":"body","parent":"root","pivot":[0,0.75,0],"cubes":[{"origin":[-1.625,0.11776,3.575],"size":[1,0.8586,3.575],"pivot":[-1.925,1.41776,7.15],"rotation":[0,0,45],"uv":{"north":{"uv":[71,14],"uv_size":[1,1]},"east":{"uv":[75,10],"uv_size":[4,1]},"south":{"uv":[71,32],"uv_size":[1,1]},"west":{"uv":[75,11],"uv_size":[4,1]}}},{"origin":[2.3664,0.11776,3.575],"size":[0.8586,1,3.575],"pivot":[1.925,1.41776,7.15],"rotation":[0,0,45],"uv":{"north":{"uv":[80,72],"uv_size":[1,1]},"south":{"uv":[80,76],"uv_size":[1,1]},"up":{"uv":[32,75],"uv_size":[1,4]},"down":{"uv":[33,79],"uv_size":[1,-4]}}},{"origin":[-2.63211,-0.91361,3.575],"size":[1,1.2,3.575],"uv":{"north":{"uv":[1,81],"uv_size":[1,1]},"east":{"uv":[75,36],"uv_size":[4,1]},"south":{"uv":[9,81],"uv_size":[1,1]},"down":{"uv":[43,79],"uv_size":[1,-4]}}},{"origin":[1.63211,-0.91361,3.575],"size":[1,1.2,3.575],"uv":{"north":{"uv":[10,81],"uv_size":[1,1]},"south":{"uv":[11,81],"uv_size":[1,1]},"west":{"uv":[76,12],"uv_size":[4,1]},"down":{"uv":[76,21],"uv_size":[1,-4]}}},{"origin":[-2.025,-0.0065,3.575],"size":[4.05,0.9,3.575],"uv":{"north":{"uv":[76,21],"uv_size":[4,1]},"south":{"uv":[76,31],"uv_size":[4,1]},"up":{"uv":[43,59],"uv_size":[4,4]},"down":{"uv":[59,55],"uv_size":[4,-4]}}},{"origin":[-1.43,0.85285,-6.7925],"size":[2.86,8.12,2.86],"uv":{"north":{"uv":[49,53],"uv_size":[3,8]},"east":{"uv":[22,55],"uv_size":[3,8]},"south":{"uv":[55,24],"uv_size":[3,8]},"west":{"uv":[55,43],"uv_size":[3,8]},"up":{"uv":[21,25],"uv_size":[3,3]}}},{"origin":[-1.43,3.9675,-6.7925],"size":[2.86,2.86,2.86],"pivot":[1.43,6.8275,-6.7925],"rotation":[0,0,-45],"uv":{"north":{"uv":[64,46],"uv_size":[3,3]},"south":{"uv":[32,65],"uv_size":[3,3]},"down":{"uv":[65,58],"uv_size":[3,-3]}}},{"origin":[-1.43,3.9675,-6.7925],"size":[2.86,2.86,2.86],"pivot":[-1.43,6.8275,-6.7925],"rotation":[0,0,45],"uv":{"north":{"uv":[65,58],"uv_size":[3,3]},"south":{"uv":[63,65],"uv_size":[3,3]},"down":{"uv":[66,66],"uv_size":[3,-3]}}},{"origin":[1.43,6.1125,-6.7925],"size":[2.86,2.86,2.86],"pivot":[1.43,8.9725,-6.7925],"rotation":[0,0,45],"uv":{"north":{"uv":[66,66],"uv_size":[3,3]},"south":{"uv":[7,67],"uv_size":[3,3]},"up":{"uv":[13,67],"uv_size":[3,3]}}},{"origin":[-4.29,6.1125,-6.7925],"size":[2.86,2.86,2.86],"pivot":[-1.43,8.9725,-6.7925],"rotation":[0,0,-45],"uv":{"north":{"uv":[19,67],"uv_size":[3,3]},"south":{"uv":[36,67],"uv_size":[3,3]},"up":{"uv":[67,39],"uv_size":[3,3]}}},{"origin":[-3.45227,4.80517,-6.7925],"size":[6.9046,2.145,2.86],"uv":{"north":{"uv":[44,15],"uv_size":[7,2]},"east":{"uv":[71,30],"uv_size":[3,2]},"south":{"uv":[53,7],"uv_size":[7,2]},"west":{"uv":[54,71],"uv_size":[3,2]}}},{"origin":[-1.0725,3.22201,-10.3675],"size":[2.145,5.1784,23.88],"uv":{"up":{"uv":[5,25],"uv_size":[2,24]},"down":{"uv":[7,49],"uv_size":[2,-24]}}},{"origin":[-1.57808,3.90108,-10.3675],"size":[2.145,5.1784,23.88],"pivot":[0.56692,6.76108,-10.3675],"rotation":[0,0,-45],"uv":{"up":{"uv":[9,25],"uv_size":[2,24]},"down":{"uv":[11,49],"uv_size":[2,-24]}}},{"origin":[-1.7875,3.81434,-10.3675],"size":[2.145,5.1784,23.88],"pivot":[-1.0725,5.24434,-6.0775],"rotation":[0,0,45],"uv":{"up":{"uv":[13,25],"uv_size":[2,24]},"down":{"uv":[15,49],"uv_size":[2,-24]}}},{"origin":[0.40087,2.90788,-14.9175],"size":[1.43,2.145,4.55],"pivot":[1.83087,3.98038,-10.3675],"rotation":[-8,-20,45],"uv":{"west":{"uv":[25,62],"uv_size":[5,2]}}},{"origin":[0.40087,2.90788,-14.9175],"size":[1.43,1.495,4.55],"pivot":[1.83087,3.98038,-10.3675],"rotation":[8,-20,45],"uv":{"west":{"uv":[71,12],"uv_size":[5,1]}}},{"origin":[-1.83087,6.56963,-14.9175],"size":[1.43,2.145,4.55],"pivot":[-1.83087,7.64213,-10.3675],"rotation":[-8,20,45],"uv":{"east":{"uv":[36,62],"uv_size":[5,2]}}},{"origin":[-1.83087,6.56963,-14.9175],"size":[1.43,1.495,4.55],"pivot":[-1.83087,7.64213,-10.3675],"rotation":[8,20,45],"uv":{"east":{"uv":[71,60],"uv_size":[5,1]}}},{"origin":[1.15924,4.73876,-14.9175],"size":[1.43,2.145,4.55],"pivot":[2.58924,5.81126,-10.3675],"rotation":[-8,-20,0],"uv":{"west":{"uv":[63,6],"uv_size":[5,2]}}},{"origin":[1.15924,4.73876,-14.9175],"size":[1.43,1.495,4.55],"pivot":[2.58924,5.81126,-10.3675],"rotation":[8,-20,0],"uv":{"west":{"uv":[66,72],"uv_size":[5,1]}}},{"origin":[-2.58924,4.73876,-14.9175],"size":[1.43,2.145,4.55],"pivot":[-2.58924,5.81126,-10.3675],"rotation":[-8,20,0],"uv":{"east":{"uv":[63,8],"uv_size":[5,2]}}},{"origin":[-2.58924,4.73876,-14.9175],"size":[1.43,1.495,4.55],"pivot":[-2.58924,5.81126,-10.3675],"rotation":[8,20,0],"uv":{"east":{"uv":[73,0],"uv_size":[5,1]}}},{"origin":[-0.4225,3.22201,-14.9175],"size":[1.495,1.43,4.55],"pivot":[0,3.22201,-10.3675],"rotation":[20.1808,-7.5147,-2.752],"uv":{"down":{"uv":[7,78],"uv_size":[1,-5]}}},{"origin":[-1.0725,3.22201,-14.9175],"size":[2.145,1.43,4.55],"pivot":[0,3.22201,-10.3675],"rotation":[20.1808,7.5147,2.752],"uv":{"down":{"uv":[41,67],"uv_size":[2,-5]}}},{"origin":[-1.0725,6.9705,-14.9175],"size":[2.145,1.43,4.55],"pivot":[0,8.4005,-10.3675],"rotation":[-20.1808,-7.5147,2.752],"uv":{"up":{"uv":[0,63],"uv_size":[2,5]}}},{"origin":[-1.0725,6.9705,-14.9175],"size":[2.145,1.43,4.55],"pivot":[0,8.4005,-10.3675],"rotation":[-20.1808,7.5147,-2.752],"uv":{"up":{"uv":[22,63],"uv_size":[2,5]}}},{"origin":[-2.90337,3.98038,-14.9175],"size":[2.145,1.43,4.55],"pivot":[-1.83087,3.98038,-10.3675],"rotation":[20.1808,7.5147,47.752],"uv":{"down":{"uv":[63,56],"uv_size":[2,-5]}}},{"origin":[-2.25337,3.98038,-14.9175],"size":[1.495,1.43,4.55],"pivot":[-1.83087,3.98038,-10.3675],"rotation":[20.1808,-7.5147,42.248],"uv":{"down":{"uv":[28,78],"uv_size":[1,-5]}}},{"origin":[0.75837,6.21213,-14.9175],"size":[1.716,1.43,4.55],"pivot":[1.83087,7.64213,-10.3675],"rotation":[-20.1808,7.5147,42.248],"uv":{"up":{"uv":[54,63],"uv_size":[2,5]}}},{"origin":[1.18737,6.21213,-14.9175],"size":[1.716,1.43,4.55],"pivot":[1.83087,7.64213,-10.3675],"rotation":[-20.1808,-7.5147,47.752],"uv":{"up":{"uv":[63,56],"uv_size":[2,5]}}},{"origin":[-2.58916,4.73876,-10.3675],"size":[5.1784,2.145,23.88],"uv":{"east":{"uv":[29,5],"uv_size":[24,2]},"west":{"uv":[29,7],"uv_size":[24,2]}}},{"origin":[-1.25125,2.71643,12.512],"size":[2.5025,0.572,10.01],"uv":{"north":{"uv":[28,70],"uv_size":[3,1]},"south":{"uv":[79,10],"uv_size":[3,1]},"down":{"uv":[7,59],"uv_size":[3,-10]}}},{"origin":[-1.50404,3.64829,12.512],"size":[2.5025,0.572,10.01],"pivot":[0.99846,6.50829,12.512],"rotation":[0,0,-45],"uv":{"north":{"uv":[79,11],"uv_size":[3,1]},"south":{"uv":[79,22],"uv_size":[3,1]},"down":{"uv":[13,59],"uv_size":[3,-10]}}},{"origin":[-2.32375,3.30876,12.512],"size":[2.5025,0.572,10.01],"pivot":[-1.25125,4.73876,16.802],"rotation":[0,0,45],"uv":{"north":{"uv":[79,23],"uv_size":[3,1]},"south":{"uv":[79,24],"uv_size":[3,1]},"down":{"uv":[30,59],"uv_size":[3,-10]}}},{"origin":[-3.02078,4.48597,12.512],"size":[0.715,2.5025,10.01],"uv":{"north":{"uv":[19,79],"uv_size":[1,3]},"east":{"uv":[49,33],"uv_size":[10,3]},"south":{"uv":[20,79],"uv_size":[1,3]}}},{"origin":[0.93712,7.28463,12.512],"size":[2.5025,0.715,10.01],"pivot":[2.00962,7.99963,16.802],"rotation":[0,0,45],"uv":{"north":{"uv":[25,79],"uv_size":[3,1]},"south":{"uv":[79,25],"uv_size":[3,1]},"up":{"uv":[37,49],"uv_size":[3,10]}}},{"origin":[-3.75375,8.043,12.512],"size":[2.5025,0.715,10.01],"pivot":[-1.25125,8.758,16.802],"rotation":[0,0,-45],"uv":{"north":{"uv":[79,26],"uv_size":[3,1]},"south":{"uv":[79,27],"uv_size":[3,1]},"up":{"uv":[43,49],"uv_size":[3,10]}}},{"origin":[-1.25125,8.186,12.512],"size":[2.5025,0.572,10.01],"uv":{"north":{"uv":[28,79],"uv_size":[3,1]},"south":{"uv":[79,28],"uv_size":[3,1]},"up":{"uv":[46,49],"uv_size":[3,10]}}},{"origin":[2.30578,4.48597,12.512],"size":[0.715,2.5025,10.01],"uv":{"north":{"uv":[31,79],"uv_size":[1,3]},"south":{"uv":[32,79],"uv_size":[1,3]},"west":{"uv":[50,12],"uv_size":[10,3]}}},{"origin":[-1.7875,1.48569,-25.025],"size":[3.575,0.715,10.725],"uv":{"north":{"uv":[76,33],"uv_size":[4,1]},"south":{"uv":[76,42],"uv_size":[4,1]},"up":{"uv":[17,25],"uv_size":[4,11]},"down":{"uv":[29,20],"uv_size":[4,-11]}}},{"origin":[-1.28192,3.17592,-25.025],"size":[3.575,0.715,10.725],"pivot":[2.29308,6.03592,-25.025],"rotation":[0,0,-45],"uv":{"north":{"uv":[76,60],"uv_size":[4,1]},"south":{"uv":[72,76],"uv_size":[4,1]},"up":{"uv":[29,20],"uv_size":[4,11]},"down":{"uv":[21,40],"uv_size":[4,-11]}}},{"origin":[-3.9325,2.07801,-25.025],"size":[3.575,0.715,10.725],"pivot":[-1.7875,3.50801,-20.735],"rotation":[0,0,45],"uv":{"north":{"uv":[76,76],"uv_size":[4,1]},"south":{"uv":[77,13],"uv_size":[4,1]},"up":{"uv":[25,29],"uv_size":[4,11]},"down":{"uv":[29,42],"uv_size":[4,-11]}}},{"origin":[-4.31541,4.01359,-25.025],"size":[0.715,3.575,10.725],"uv":{"north":{"uv":[45,76],"uv_size":[1,4]},"east":{"uv":[33,9],"uv_size":[11,4]},"south":{"uv":[46,76],"uv_size":[1,4]},"west":{"uv":[33,13],"uv_size":[11,4]}}},{"origin":[1.15924,7.88476,-25.025],"size":[3.575,0.715,10.725],"pivot":[3.30424,8.59976,-20.735],"rotation":[0,0,45],"uv":{"north":{"uv":[77,14],"uv_size":[4,1]},"south":{"uv":[77,15],"uv_size":[4,1]},"up":{"uv":[33,17],"uv_size":[4,11]},"down":{"uv":[33,39],"uv_size":[4,-11]}}},{"origin":[-5.3625,9.4015,-25.025],"size":[3.575,0.715,10.725],"pivot":[-1.7875,10.1165,-20.735],"rotation":[0,0,-45],"uv":{"north":{"uv":[77,16],"uv_size":[4,1]},"south":{"uv":[77,17],"uv_size":[4,1]},"up":{"uv":[17,36],"uv_size":[4,11]},"down":{"uv":[37,28],"uv_size":[4,-11]}}},{"origin":[-1.7875,9.4015,-25.025],"size":[3.575,0.715,10.725],"uv":{"north":{"uv":[77,18],"uv_size":[4,1]},"south":{"uv":[77,19],"uv_size":[4,1]},"up":{"uv":[37,28],"uv_size":[4,11]},"down":{"uv":[33,50],"uv_size":[4,-11]}}},{"origin":[3.60041,4.01359,-25.025],"size":[0.715,3.575,10.725],"uv":{"north":{"uv":[64,76],"uv_size":[1,4]},"east":{"uv":[37,39],"uv_size":[11,4]},"south":{"uv":[21,77],"uv_size":[1,4]},"west":{"uv":[41,17],"uv_size":[11,4]}}},{"origin":[-2.145,2.66017,-2.7885],"size":[4.29,6.3123,5.72],"uv":{"north":{"uv":[55,51],"uv_size":[4,6]},"south":{"uv":[0,57],"uv_size":[4,6]},"up":{"uv":[55,57],"uv_size":[4,6]},"down":{"uv":[58,30],"uv_size":[4,-6]}}},{"origin":[-0.29616,2.83366,-2.7885],"size":[1.43,7.497,5.72],"pivot":[1.13384,5.69366,-2.7885],"rotation":[0,0,-45],"uv":{"north":{"uv":[2,71],"uv_size":[1,7]},"south":{"uv":[35,71],"uv_size":[1,7]},"up":{"uv":[57,71],"uv_size":[1,6]},"down":{"uv":[58,77],"uv_size":[1,-6]}}},{"origin":[-2.145,3.2525,-2.7885],"size":[1.43,7.497,5.72],"pivot":[-2.145,4.6825,1.5015],"rotation":[0,0,45],"uv":{"north":{"uv":[44,71],"uv_size":[1,7]},"south":{"uv":[53,71],"uv_size":[1,7]},"up":{"uv":[59,71],"uv_size":[1,6]},"down":{"uv":[60,77],"uv_size":[1,-6]}}},{"origin":[-3.15624,3.67134,-2.7885],"size":[6.3124,4.29,5.72],"uv":{"north":{"uv":[56,0],"uv_size":[6,4]},"east":{"uv":[56,39],"uv_size":[6,4]},"south":{"uv":[58,43],"uv_size":[6,4]},"west":{"uv":[58,47],"uv_size":[6,4]}}},{"origin":[-3.45227,4.80517,3.9325],"size":[6.9046,2.145,2.86],"uv":{"north":{"uv":[59,36],"uv_size":[7,2]},"east":{"uv":[71,56],"uv_size":[3,2]},"south":{"uv":[60,12],"uv_size":[7,2]},"west":{"uv":[71,58],"uv_size":[3,2]}}},{"origin":[-4.29,6.1125,3.9325],"size":[2.86,2.86,2.86],"pivot":[-1.43,8.9725,3.9325],"rotation":[0,0,-45],"uv":{"north":{"uv":[0,68],"uv_size":[3,3]},"south":{"uv":[68,7],"uv_size":[3,3]},"up":{"uv":[68,30],"uv_size":[3,3]}}},{"origin":[1.43,6.1125,3.9325],"size":[2.86,2.86,2.86],"pivot":[1.43,8.9725,3.9325],"rotation":[0,0,45],"uv":{"north":{"uv":[42,68],"uv_size":[3,3]},"south":{"uv":[68,52],"uv_size":[3,3]},"up":{"uv":[68,55],"uv_size":[3,3]}}},{"origin":[-1.43,3.9675,3.9325],"size":[2.86,2.86,2.86],"pivot":[-1.43,6.8275,3.9325],"rotation":[0,0,45],"uv":{"north":{"uv":[68,58],"uv_size":[3,3]},"south":{"uv":[62,68],"uv_size":[3,3]},"down":{"uv":[69,64],"uv_size":[3,-3]}}},{"origin":[-1.43,3.9675,3.9325],"size":[2.86,2.86,2.86],"pivot":[1.43,6.8275,3.9325],"rotation":[0,0,-45],"uv":{"north":{"uv":[69,64],"uv_size":[3,3]},"south":{"uv":[69,67],"uv_size":[3,3]},"down":{"uv":[9,73],"uv_size":[3,-3]}}},{"origin":[-1.43,0.85285,3.9325],"size":[2.86,8.12,2.86],"uv":{"north":{"uv":[4,59],"uv_size":[3,8]},"east":{"uv":[7,59],"uv_size":[3,8]},"south":{"uv":[10,59],"uv_size":[3,8]},"west":{"uv":[13,59],"uv_size":[3,8]},"up":{"uv":[12,70],"uv_size":[3,3]}}},{"origin":[-3.54959,0.63241,-23.9525],"size":[7.865,3.575,0.715],"pivot":[4.31541,4.20741,-23.9525],"rotation":[0,0,45],"uv":{"north":{"uv":[41,35],"uv_size":[8,4]}}},{"origin":[-6.46041,6.49541,-23.9525],"size":[7.865,3.575,0.715],"pivot":[1.40459,10.07041,-23.9525],"rotation":[0,0,-45],"uv":{"north":{"uv":[47,25],"uv_size":[8,4]}}},{"origin":[-3.9325,3.9675,-23.9525],"size":[7.865,3.575,0.715],"uv":{"north":{"uv":[48,0],"uv_size":[8,4]}}},{"origin":[-1.7875,1.6795,-23.9525],"size":[3.575,7.865,0.715],"uv":{"north":{"uv":[23,47],"uv_size":[4,8]}}},{"origin":[1.21211,-0.91361,3.575],"size":[0.42,0.735,3.575],"pivot":[1.63211,-0.91361,11.891],"rotation":[0,0,30],"uv":{"north":{"uv":[25,81],"uv_size":[1,1]},"east":{"uv":[77,35],"uv_size":[4,1]},"south":{"uv":[26,81],"uv_size":[1,1]},"down":{"uv":[57,81],"uv_size":[1,-4]}}},{"origin":[-1.68838,-0.70361,3.575],"size":[0.42,0.735,3.575],"pivot":[-1.26838,-0.70361,11.891],"rotation":[0,0,-30],"uv":{"north":{"uv":[27,81],"uv_size":[1,1]},"south":{"uv":[28,81],"uv_size":[1,1]},"west":{"uv":[75,77],"uv_size":[4,1]},"down":{"uv":[59,81],"uv_size":[1,-4]}}},{"origin":[-2.025,-0.0065,-7.15],"size":[4.05,0.9,3.575],"uv":{"north":{"uv":[77,75],"uv_size":[4,1]},"south":{"uv":[78,1],"uv_size":[4,1]},"up":{"uv":[59,55],"uv_size":[4,4]},"down":{"uv":[59,63],"uv_size":[4,-4]}}},{"origin":[2.3664,0.11776,-7.15],"size":[0.8586,1,3.575],"pivot":[1.925,1.41776,-3.575],"rotation":[0,0,45],"uv":{"north":{"uv":[29,81],"uv_size":[1,1]},"south":{"uv":[81,29],"uv_size":[1,1]},"up":{"uv":[60,77],"uv_size":[1,4]},"down":{"uv":[65,81],"uv_size":[1,-4]}}},{"origin":[-1.625,0.11776,-7.15],"size":[1,0.8586,3.575],"pivot":[-1.925,1.41776,-3.575],"rotation":[0,0,45],"uv":{"north":{"uv":[30,81],"uv_size":[1,1]},"east":{"uv":[28,78],"uv_size":[4,1]},"south":{"uv":[81,30],"uv_size":[1,1]},"west":{"uv":[78,38],"uv_size":[4,1]}}},{"origin":[1.63211,-0.91361,-7.15],"size":[1,1.2,3.575],"uv":{"north":{"uv":[81,31],"uv_size":[1,1]},"south":{"uv":[81,32],"uv_size":[1,1]},"west":{"uv":[78,40],"uv_size":[4,1]},"down":{"uv":[35,82],"uv_size":[1,-4]}}},{"origin":[-2.63211,-0.91361,-7.15],"size":[1,1.2,3.575],"uv":{"north":{"uv":[81,33],"uv_size":[1,1]},"east":{"uv":[78,41],"uv_size":[4,1]},"south":{"uv":[34,81],"uv_size":[1,1]},"down":{"uv":[78,51],"uv_size":[1,-4]}}},{"origin":[1.21211,-0.91361,-7.15],"size":[0.42,0.735,3.575],"pivot":[1.63211,-0.91361,1.166],"rotation":[0,0,30],"uv":{"north":{"uv":[81,35],"uv_size":[1,1]},"east":{"uv":[49,78],"uv_size":[4,1]},"south":{"uv":[36,81],"uv_size":[1,1]},"down":{"uv":[53,82],"uv_size":[1,-4]}}},{"origin":[-1.68838,-0.70361,-7.15],"size":[0.42,0.735,3.575],"pivot":[-1.26838,-0.70361,1.166],"rotation":[0,0,-30],"uv":{"north":{"uv":[37,81],"uv_size":[1,1]},"south":{"uv":[38,81],"uv_size":[1,1]},"west":{"uv":[78,62],"uv_size":[4,1]},"down":{"uv":[55,82],"uv_size":[1,-4]}}},{"origin":[3.16976,-0.63851,6.5716],"size":[1.57787,0.65352,0.7392],"pivot":[4.28551,0.74795,5.65684],"rotation":[0,-90,0],"uv":{"north":{"uv":[9,80],"uv_size":[2,1]},"east":{"uv":[39,81],"uv_size":[1,1]},"west":{"uv":[81,42],"uv_size":[1,1]}}},{"origin":[2.70765,-1.29203,7.03371],"size":[1.57787,0.65352,0.7392],"pivot":[4.28551,-0.63851,6.11895],"rotation":[-90,-45,90],"uv":{"north":{"uv":[80,21],"uv_size":[2,1]},"east":{"uv":[81,43],"uv_size":[1,1]},"south":{"uv":[25,80],"uv_size":[2,1]},"west":{"uv":[81,44],"uv_size":[1,1]}}},{"origin":[3.95875,-1.02142,6.05334],"size":[0.65352,1.57787,0.7392],"pivot":[3.95875,0.28563,5.46534],"rotation":[-90,-45,90],"uv":{"north":{"uv":[80,30],"uv_size":[1,2]},"south":{"uv":[40,80],"uv_size":[1,2]},"up":{"uv":[81,45],"uv_size":[1,1]},"down":{"uv":[48,82],"uv_size":[1,-1]}}},{"origin":[3.95875,-1.10074,5.59131],"size":[0.65352,1.57787,0.7392],"pivot":[3.95875,0.20631,5.00331],"rotation":[0,-90,0],"uv":{"north":{"uv":[42,80],"uv_size":[1,2]},"south":{"uv":[80,44],"uv_size":[1,2]},"up":{"uv":[49,81],"uv_size":[1,1]},"down":{"uv":[81,51],"uv_size":[1,-1]}}},{"origin":[4.36424,4.96573,3.16203],"size":[3.97622,1.64688,1.5],"pivot":[7.17595,8.45959,0.85684],"rotation":[0,-90,0],"uv":{"north":{"uv":[18,70],"uv_size":[4,2]},"east":{"uv":[27,40],"uv_size":[2,2]},"south":{"uv":[36,70],"uv_size":[4,2]},"west":{"uv":[47,33],"uv_size":[2,2]}}},{"origin":[3.21968,3.33296,4.31244],"size":[3.97622,1.64688,1.5],"pivot":[7.17595,4.97984,2.00724],"rotation":[-90,-45,90],"uv":{"north":{"uv":[71,6],"uv_size":[4,2]},"east":{"uv":[61,78],"uv_size":[2,2]},"south":{"uv":[71,8],"uv_size":[4,2]},"west":{"uv":[78,63],"uv_size":[2,2]}}},{"origin":[6.35251,4.0008,1.85602],"size":[1.64688,3.97622,1.5],"pivot":[6.35251,7.29455,0.37426],"rotation":[-90,-45,90],"uv":{"north":{"uv":[25,55],"uv_size":[2,4]},"south":{"uv":[47,70],"uv_size":[2,4]},"up":{"uv":[78,65],"uv_size":[2,2]},"down":{"uv":[78,69],"uv_size":[2,-2]}}},{"origin":[6.35251,3.80091,0.69171],"size":[1.64688,3.97622,1.5],"pivot":[6.35251,7.09466,-0.79004],"rotation":[0,-90,0],"uv":{"north":{"uv":[32,71],"uv_size":[2,4]},"south":{"uv":[71,48],"uv_size":[2,4]},"up":{"uv":[78,69],"uv_size":[2,2]},"down":{"uv":[71,80],"uv_size":[2,-2]}}},{"origin":[-4.19699,9.60049,2.45684],"size":[3.06169,1.2681,1.54],"pivot":[-2.03197,12.29076,0.68184],"rotation":[0,-90,-90],"uv":{"north":{"uv":[79,34],"uv_size":[3,1]},"east":{"uv":[48,80],"uv_size":[2,1]},"west":{"uv":[80,52],"uv_size":[2,1]}}},{"origin":[-2.40339,11.02267,3.35351],"size":[3.06169,1.2681,1.54],"pivot":[0.6583,12.29076,1.57851],"rotation":[-90,-45,0],"uv":{"north":{"uv":[79,37],"uv_size":[3,1]},"east":{"uv":[80,53],"uv_size":[2,1]},"west":{"uv":[80,54],"uv_size":[2,1]}}},{"origin":[-1.13489,9.12053,1.4512],"size":[1.2681,3.06169,1.54],"pivot":[-1.13489,11.65672,0.31025],"rotation":[-90,-45,0],"uv":{"north":{"uv":[33,79],"uv_size":[1,3]},"up":{"uv":[46,80],"uv_size":[1,2]},"down":{"uv":[50,82],"uv_size":[1,-2]}}},{"origin":[-0.98098,9.12053,0.55469],"size":[1.2681,3.06169,1.54],"pivot":[-0.98098,11.65672,-0.58626],"rotation":[0,-90,-90],"uv":{"north":{"uv":[79,43],"uv_size":[1,3]},"up":{"uv":[80,55],"uv_size":[1,2]},"down":{"uv":[80,59],"uv_size":[1,-2]}}},{"origin":[3.46555,5.12801,2.55099],"size":[3.18098,1.3175,8.5],"pivot":[5.71491,7.9231,0.70684],"rotation":[0,-90,0],"uv":{"east":{"uv":[66,36],"uv_size":[9,1]},"south":{"uv":[48,79],"uv_size":[3,1]},"west":{"uv":[66,37],"uv_size":[9,1]}}},{"origin":[2.53393,3.81051,3.48261],"size":[3.18098,1.3175,8.5],"pivot":[5.71491,5.12801,1.63845],"rotation":[-90,-45,90],"uv":{"east":{"uv":[67,13],"uv_size":[9,1]},"south":{"uv":[79,49],"uv_size":[3,1]},"west":{"uv":[67,42],"uv_size":[9,1]}}},{"origin":[5.05616,4.35606,1.50618],"size":[1.3175,3.18098,8.5],"pivot":[5.05616,6.99107,0.32077],"rotation":[-90,-45,90],"uv":{"south":{"uv":[52,79],"uv_size":[1,3]},"up":{"uv":[36,50],"uv_size":[1,9]},"down":{"uv":[22,77],"uv_size":[1,-9]}}},{"origin":[5.05616,4.19615,0.57474],"size":[1.3175,3.18098,8.5],"pivot":[5.05616,6.83116,-0.61067],"rotation":[0,-90,0],"uv":{"south":{"uv":[79,55],"uv_size":[1,3]},"up":{"uv":[23,68],"uv_size":[1,9]},"down":{"uv":[34,77],"uv_size":[1,-9]}}},{"origin":[3.16976,-0.63851,-4.1284],"size":[1.57787,0.65352,0.7392],"pivot":[4.28551,0.74795,-5.04316],"rotation":[0,-90,0],"uv":{"north":{"uv":[80,59],"uv_size":[2,1]},"east":{"uv":[81,55],"uv_size":[1,1]},"west":{"uv":[81,56],"uv_size":[1,1]}}},{"origin":[2.70765,-1.29203,-3.66629],"size":[1.57787,0.65352,0.7392],"pivot":[4.28551,-0.63851,-4.58105],"rotation":[-90,-45,90],"uv":{"north":{"uv":[80,64],"uv_size":[2,1]},"east":{"uv":[57,81],"uv_size":[1,1]},"south":{"uv":[80,65],"uv_size":[2,1]},"west":{"uv":[81,57],"uv_size":[1,1]}}},{"origin":[3.95875,-1.02142,-4.64666],"size":[0.65352,1.57787,0.7392],"pivot":[3.95875,0.28563,-5.23466],"rotation":[-90,-45,90],"uv":{"north":{"uv":[64,80],"uv_size":[1,2]},"south":{"uv":[80,70],"uv_size":[1,2]},"up":{"uv":[58,81],"uv_size":[1,1]},"down":{"uv":[81,59],"uv_size":[1,-1]}}},{"origin":[3.95875,-1.10074,-5.10869],"size":[0.65352,1.57787,0.7392],"pivot":[3.95875,0.20631,-5.69669],"rotation":[0,-90,0],"uv":{"north":{"uv":[72,80],"uv_size":[1,2]},"south":{"uv":[80,80],"uv_size":[1,2]},"up":{"uv":[59,81],"uv_size":[1,1]},"down":{"uv":[60,82],"uv_size":[1,-1]}}},{"origin":[-2.64609,5.20277,18.46892],"size":[0.46891,1.05707,4.75],"pivot":[0.01109,5.7313,24.4085],"rotation":[0,0,22.5],"uv":{"east":{"uv":[73,65],"uv_size":[5,1]},"south":{"uv":[62,81],"uv_size":[1,1]},"west":{"uv":[66,73],"uv_size":[5,1]}}},{"origin":[-2.64608,5.20279,18.46892],"size":[0.46891,1.05707,4.75],"uv":{"east":{"uv":[73,66],"uv_size":[5,1]},"south":{"uv":[66,81],"uv_size":[1,1]},"west":{"uv":[73,67],"uv_size":[5,1]}}},{"origin":[-2.64609,5.20281,18.46892],"size":[0.46891,1.05707,4.75],"pivot":[0.01109,5.73135,24.4085],"rotation":[0,0,-22.5],"uv":{"east":{"uv":[73,68],"uv_size":[5,1]},"south":{"uv":[68,81],"uv_size":[1,1]},"west":{"uv":[73,69],"uv_size":[5,1]}}},{"origin":[2.19926,5.20281,18.46892],"size":[0.46891,1.05707,4.75],"pivot":[0.01099,5.73135,24.4085],"rotation":[0,0,22.5],"uv":{"east":{"uv":[73,70],"uv_size":[5,1]},"south":{"uv":[69,81],"uv_size":[1,1]},"west":{"uv":[73,71],"uv_size":[5,1]}}},{"origin":[2.19925,5.20279,18.46892],"size":[0.46891,1.05707,4.75],"uv":{"east":{"uv":[73,72],"uv_size":[5,1]},"south":{"uv":[70,81],"uv_size":[1,1]},"west":{"uv":[73,73],"uv_size":[5,1]}}},{"origin":[2.19926,5.20277,18.46892],"size":[0.46891,1.05707,4.75],"pivot":[0.01099,5.7313,24.4085],"rotation":[0,0,-22.5],"uv":{"east":{"uv":[9,74],"uv_size":[5,1]},"south":{"uv":[81,71],"uv_size":[1,1]},"west":{"uv":[14,74],"uv_size":[5,1]}}},{"origin":[-0.51753,7.91955,18.46892],"size":[1.05707,0.46891,4.75],"pivot":[0.011,5.73129,24.4085],"rotation":[0,0,45],"uv":{"south":{"uv":[81,73],"uv_size":[1,1]},"up":{"uv":[20,74],"uv_size":[1,5]},"down":{"uv":[25,79],"uv_size":[1,-5]}}},{"origin":[-0.51751,7.91954,18.46892],"size":[1.05707,0.46891,4.75],"pivot":[0.01102,5.73127,24.4085],"rotation":[0,0,22.5],"uv":{"south":{"uv":[81,75],"uv_size":[1,1]},"up":{"uv":[26,74],"uv_size":[1,5]},"down":{"uv":[27,79],"uv_size":[1,-5]}}},{"origin":[-0.51749,7.91954,18.46892],"size":[1.05707,0.46891,4.75],"uv":{"south":{"uv":[81,77],"uv_size":[1,1]},"up":{"uv":[74,30],"uv_size":[1,5]},"down":{"uv":[40,79],"uv_size":[1,-5]}}},{"origin":[-0.51747,7.91954,18.46892],"size":[1.05707,0.46891,4.75],"pivot":[0.01106,5.73127,24.4085],"rotation":[0,0,-22.5],"uv":{"south":{"uv":[81,79],"uv_size":[1,1]},"up":{"uv":[41,74],"uv_size":[1,5]},"down":{"uv":[47,79],"uv_size":[1,-5]}}},{"origin":[-0.51745,7.91955,18.46892],"size":[1.05707,0.46891,4.75],"pivot":[0.01108,5.73129,24.4085],"rotation":[0,0,-45],"uv":{"south":{"uv":[81,81],"uv_size":[1,1]},"up":{"uv":[48,74],"uv_size":[1,5]},"down":{"uv":[66,79],"uv_size":[1,-5]}}},{"origin":[-0.51745,3.07418,18.46892],"size":[1.05707,0.46891,4.75],"pivot":[0.01108,5.73136,24.4085],"rotation":[0,0,45],"uv":{"south":{"uv":[1,82],"uv_size":[1,1]},"up":{"uv":[67,74],"uv_size":[1,5]},"down":{"uv":[68,79],"uv_size":[1,-5]}}},{"origin":[-0.51747,3.0742,18.46892],"size":[1.05707,0.46891,4.75],"pivot":[0.01106,5.73138,24.4085],"rotation":[0,0,22.5],"uv":{"south":{"uv":[82,2],"uv_size":[1,1]},"up":{"uv":[69,74],"uv_size":[1,5]},"down":{"uv":[70,79],"uv_size":[1,-5]}}},{"origin":[-0.51749,3.0742,18.46892],"size":[1.05707,0.46891,4.75],"uv":{"south":{"uv":[82,4],"uv_size":[1,1]},"up":{"uv":[0,75],"uv_size":[1,5]},"down":{"uv":[1,80],"uv_size":[1,-5]}}},{"origin":[-0.51751,3.0742,18.46892],"size":[1.05707,0.46891,4.75],"pivot":[0.01102,5.73138,24.4085],"rotation":[0,0,-22.5],"uv":{"south":{"uv":[6,82],"uv_size":[1,1]},"up":{"uv":[9,75],"uv_size":[1,5]},"down":{"uv":[10,80],"uv_size":[1,-5]}}},{"origin":[-0.51753,3.07418,18.46892],"size":[1.05707,0.46891,4.75],"pivot":[0.011,5.73136,24.4085],"rotation":[0,0,-45],"uv":{"south":{"uv":[7,82],"uv_size":[1,1]},"up":{"uv":[11,75],"uv_size":[1,5]},"down":{"uv":[12,80],"uv_size":[1,-5]}}}]},{"name":"glass_shape","parent":"root","pivot":[0.011,5.7313,22.6026],"cubes":[{"origin":[-0.42381,3.54533,21.0926],"size":[0.86964,4.372,1],"pivot":[0.011,5.73135,25.9085],"rotation":[0,0,-45],"uv":{"south":{"uv":[85,101],"uv_size":[1,1]}}},{"origin":[-0.4238,3.54534,21.0926],"size":[0.86964,4.372,1],"pivot":[0.01102,5.73136,25.9085],"rotation":[0,0,-22.5],"uv":{"south":{"uv":[83,105],"uv_size":[1,1]}}},{"origin":[-0.42378,3.54535,21.0926],"size":[0.86964,4.372,1],"uv":{"south":{"uv":[75,97],"uv_size":[1,1]}}},{"origin":[-0.42376,3.54534,21.0926],"size":[0.86964,4.372,1],"pivot":[0.01105,5.73136,25.9085],"rotation":[0,0,22.5],"uv":{"south":{"uv":[89,85],"uv_size":[1,1]}}},{"origin":[-0.42375,3.54533,21.0926],"size":[0.86964,4.372,1],"pivot":[0.01107,5.73135,25.9085],"rotation":[0,0,45],"uv":{"south":{"uv":[98,85],"uv_size":[1,1]}}},{"origin":[-2.17499,5.29649,21.0926],"size":[4.372,0.86964,1],"pivot":[0.01099,5.7313,25.9085],"rotation":[0,0,-22.5],"uv":{"south":{"uv":[109,84],"uv_size":[1,1]}}},{"origin":[-2.17499,5.2965,21.0926],"size":[4.372,0.86964,1],"uv":{"south":{"uv":[78,97],"uv_size":[1,1]}}},{"origin":[-2.17499,5.29652,21.0926],"size":[4.372,0.86964,1],"pivot":[0.01099,5.73134,25.9085],"rotation":[0,0,22.5],"uv":{"south":{"uv":[82,109],"uv_size":[1,1]}}}]}]}]}