{
	"format_version": "1.8.0",
	"animations": {
		"reload": {
			"loop": "hold_on_last_frame",
			"animation_length": 2.07,
			"bones": {
				"gun": {
					"rotation": {
						"0.0": [0, 0, 0],
						"0.1": {
							"pre": [2.49893, -1.08627, 1.9545],
							"post": [2.49893, -1.08627, 1.9545],
							"lerp_mode": "catmullrom"
						},
						"0.31": {
							"post": [-11.86567, -5.17648, -17.47525],
							"lerp_mode": "catmullrom"
						},
						"0.49": {
							"post": [-10.10191, -6.67174, -24.86441],
							"lerp_mode": "catmullrom"
						},
						"0.67": {
							"post": [-7.95068, -5.06291, -21.58196],
							"lerp_mode": "catmullrom"
						},
						"0.95": {
							"post": [-10.28803, -5.97805, -21.35707],
							"lerp_mode": "catmullrom"
						},
						"1.09": {
							"post": [-10.07573, -6.33163, -23.33698],
							"lerp_mode": "catmullrom"
						},
						"1.19": {
							"post": [-10.18767, -6.15405, -22.34973],
							"lerp_mode": "catmullrom"
						},
						"1.27": {
							"post": [-10.09975, -4.43163, -12.45681],
							"lerp_mode": "catmullrom"
						},
						"1.38": {
							"post": [-9.18784, -6.11105, -22.35711],
							"lerp_mode": "catmullrom"
						},
						"1.48": {
							"post": [-9.39355, -5.78813, -20.37266],
							"lerp_mode": "catmullrom"
						},
						"1.82": {
							"post": [0, 0, 2.5],
							"lerp_mode": "catmullrom"
						},
						"1.96": {
							"post": [0, 0, -0.5],
							"lerp_mode": "catmullrom"
						},
						"2.05": [0, 0, 0]
					},
					"position": {
						"0.0": [0, 0, 0],
						"0.1": {
							"pre": [0, 0.1, 0],
							"post": [0, 0.1, 0],
							"lerp_mode": "catmullrom"
						},
						"0.34": {
							"post": [1, -9.9, 10],
							"lerp_mode": "catmullrom"
						},
						"0.52": {
							"post": [1, -11.9, 12],
							"lerp_mode": "catmullrom"
						},
						"0.75": {
							"post": [1, -10.8, 11.6],
							"lerp_mode": "catmullrom"
						},
						"0.99": {
							"post": [0.41899, -12.27543, 13.2968],
							"lerp_mode": "catmullrom"
						},
						"1.11": {
							"post": [0.62691, -12.70783, 13.1152],
							"lerp_mode": "catmullrom"
						},
						"1.19": {
							"post": [0.63, -12.71, 13.32],
							"lerp_mode": "catmullrom"
						},
						"1.27": {
							"post": [-0.77, -13.41, 13.52],
							"lerp_mode": "catmullrom"
						},
						"1.38": {
							"post": [0.63, -12.91, 13.32],
							"lerp_mode": "catmullrom"
						},
						"1.48": {
							"post": [0.74, -12.89, 12.06],
							"lerp_mode": "catmullrom"
						},
						"1.58": {
							"post": [0.63, -11.91, 10.32],
							"lerp_mode": "catmullrom"
						},
						"1.98": [0, 0, 0],
						"2.06": [0, 0, 0]
					}
				},
				"camera": {
					"rotation": {
						"0.0": [0, 0, 0],
						"0.3": {
							"pre": [1, 0, 0],
							"post": [1, 0, 0],
							"lerp_mode": "catmullrom"
						},
						"0.58": {
							"post": [0, 0, 0],
							"lerp_mode": "catmullrom"
						},
						"0.85": {
							"post": [1, 0, 0],
							"lerp_mode": "catmullrom"
						},
						"1.15": {
							"post": [0.5, 0.5, 0],
							"lerp_mode": "catmullrom"
						},
						"1.3": {
							"post": [-0.5, 0.5, 0.3],
							"lerp_mode": "catmullrom"
						},
						"1.47": {
							"post": [0.3, 0.3, -0.2],
							"lerp_mode": "catmullrom"
						},
						"1.84": {
							"post": [0, 0, 0],
							"lerp_mode": "catmullrom"
						}
					}
				}
			},
			"sound_effects": {
				"1.13": {
					"effect": "gp_25_insert_grenade"
				}
			}
		}
	}
}