{"format_version":"1.12.0","minecraft:geometry":[{"description":{"identifier":"geometry.unknown","texture_width":256,"texture_height":256,"visible_bounds_width":12,"visible_bounds_height":7,"visible_bounds_offset":[0,-1.5,0]},"bones":[{"name":"root","pivot":[0,0,0]},{"name":"gun","parent":"root","pivot":[0,0,0]},{"name":"IS","parent":"gun","pivot":[0,-1.6,-4],"cubes":[{"origin":[-1.8,6.51945,-4.15183],"size":[3.6,1.25,1],"pivot":[1.8,6.51945,-4.15183],"rotation":[-22.5,0,0],"uv":{"north":{"uv":[47,140],"uv_size":[4,1]},"east":{"uv":[15,129],"uv_size":[1,1]},"west":{"uv":[72,129],"uv_size":[1,1]}}},{"origin":[-1.8,6.13677,3.92429],"size":[3.6,1.25,1],"pivot":[1.8,6.13677,3.92429],"rotation":[22.5,0,0],"uv":{"east":{"uv":[74,134],"uv_size":[1,1]},"south":{"uv":[140,68],"uv_size":[4,1]},"west":{"uv":[135,117],"uv_size":[1,1]}}},{"origin":[-1.8,5.51945,-4.15183],"size":[3.6,1,9],"uv":{"north":{"uv":[140,82],"uv_size":[4,1]},"east":{"uv":[132,31],"uv_size":[9,1]},"south":{"uv":[140,83],"uv_size":[4,1]},"west":{"uv":[132,106],"uv_size":[9,1]}}},{"origin":[-1.8,6.4743,-3.67418],"size":[3.6,1.2,8.044],"uv":{"east":{"uv":[134,8],"uv_size":[8,1]},"west":{"uv":[135,84],"uv_size":[8,1]},"up":{"uv":[112,96],"uv_size":[4,8]}}},{"origin":[-1.2,7.2704,-1.95],"size":[2.4,0.5,5.5],"uv":{"east":{"uv":[138,129],"uv_size":[6,1]},"west":{"uv":[138,130],"uv_size":[6,1]},"up":{"uv":[38,128],"uv_size":[2,6]}}},{"origin":[0.8318,7.2804,3.2318],"size":[0.5,0.5,0.5],"pivot":[0.8818,7.2904,3.2318],"rotation":[0,-45,0],"uv":{"west":{"uv":[146,24],"uv_size":[1,1]},"up":{"uv":[25,146],"uv_size":[1,1]}}},{"origin":[-0.84634,7.2704,3.54995],"size":[1.69279,0.5,0.35361],"uv":{"south":{"uv":[129,112],"uv_size":[2,1]},"up":{"uv":[133,111],"uv_size":[2,1]}}},{"origin":[-0.84634,7.2704,-2.30355],"size":[1.69279,0.5,0.35361],"uv":{"north":{"uv":[144,133],"uv_size":[2,1]},"up":{"uv":[136,144],"uv_size":[2,1]}}},{"origin":[0.8318,7.2704,-2.2682],"size":[0.5,0.5,0.5],"pivot":[0.8818,7.2704,-2.2682],"rotation":[0,-45,0],"uv":{"north":{"uv":[146,29],"uv_size":[1,1]},"up":{"uv":[32,146],"uv_size":[1,1]}}},{"origin":[-0.86109,7.2804,3.2318],"size":[0.5,0.5,0.5],"pivot":[-0.81109,7.2704,3.2318],"rotation":[0,-45,0],"uv":{"south":{"uv":[35,146],"uv_size":[1,1]},"up":{"uv":[36,146],"uv_size":[1,1]}}},{"origin":[-0.86109,7.2704,-2.2682],"size":[0.5,0.5,0.5],"pivot":[-0.81109,7.2704,-2.2682],"rotation":[0,-45,0],"uv":{"east":{"uv":[38,146],"uv_size":[1,1]},"up":{"uv":[41,146],"uv_size":[1,1]}}},{"origin":[1.3,7.60359,3.19911],"size":[0.5,2.25,1.2],"pivot":[1.3,7.60359,4.29911],"rotation":[45,0,0],"uv":{"east":{"uv":[7,120],"uv_size":[1,2]},"south":{"uv":[120,109],"uv_size":[1,2]},"west":{"uv":[2,132],"uv_size":[1,2]}}},{"origin":[-1.8,7.60359,3.19911],"size":[0.5,2.25,1.2],"pivot":[1.2,7.60359,4.29911],"rotation":[45,0,0],"uv":{"east":{"uv":[144,138],"uv_size":[1,2]},"south":{"uv":[140,144],"uv_size":[1,2]},"west":{"uv":[142,144],"uv_size":[1,2]}}},{"origin":[1.3,7.66529,1.77883],"size":[0.5,1.6,1],"uv":{"east":{"uv":[144,144],"uv_size":[1,2]},"west":{"uv":[145,0],"uv_size":[1,2]},"up":{"uv":[146,48],"uv_size":[1,1]}}},{"origin":[-1.799,7.66529,1.77883],"size":[0.5,1.6,1],"uv":{"east":{"uv":[4,145],"uv_size":[1,2]},"west":{"uv":[5,145],"uv_size":[1,2]},"up":{"uv":[146,50],"uv_size":[1,1]}}},{"origin":[1.295,8.12387,-0.27975],"size":[0.5,1.2,2.2],"pivot":[1.8,9.12387,1.92025],"rotation":[45,0,0],"uv":{"east":{"uv":[144,140],"uv_size":[2,1]},"west":{"uv":[6,145],"uv_size":[2,1]},"up":{"uv":[145,6],"uv_size":[1,2]}}},{"origin":[-1.805,8.12387,-0.27975],"size":[0.5,1.2,2.2],"pivot":[-1.3,9.12387,1.92025],"rotation":[45,0,0],"uv":{"east":{"uv":[145,9],"uv_size":[2,1]},"west":{"uv":[145,10],"uv_size":[2,1]},"up":{"uv":[9,145],"uv_size":[1,2]}}},{"origin":[1.29,6.6743,-1.07418],"size":[0.5,1,2.5],"pivot":[1.8,7.6743,-1.07418],"rotation":[22.5,0,0],"uv":{"east":{"uv":[98,37],"uv_size":[3,1]},"west":{"uv":[131,120],"uv_size":[3,1]},"up":{"uv":[96,132],"uv_size":[1,3]}}},{"origin":[-1.81,6.6743,-1.07418],"size":[0.5,1,2.5],"pivot":[-1.3,7.6743,-1.07418],"rotation":[22.5,0,0],"uv":{"east":{"uv":[142,115],"uv_size":[3,1]},"west":{"uv":[138,142],"uv_size":[3,1]},"up":{"uv":[141,142],"uv_size":[1,3]}}},{"origin":[1.3,7.6743,-3.67418],"size":[0.5,0.1,3],"uv":{"north":{"uv":[67,146],"uv_size":[1,1]},"east":{"uv":[7,143],"uv_size":[3,1]},"west":{"uv":[143,11],"uv_size":[3,1]},"up":{"uv":[10,143],"uv_size":[1,3]}}},{"origin":[-1.8,7.6743,-3.67418],"size":[0.5,0.1,3.5],"uv":{"north":{"uv":[71,146],"uv_size":[1,1]},"east":{"uv":[140,88],"uv_size":[4,1]},"west":{"uv":[140,89],"uv_size":[4,1]},"up":{"uv":[132,86],"uv_size":[1,4]}}},{"origin":[0.4986,8.09175,2],"size":[0.5,0.6,0.5],"uv":{"north":{"uv":[146,72],"uv_size":[1,1]},"east":{"uv":[73,146],"uv_size":[1,1]},"south":{"uv":[74,146],"uv_size":[1,1]},"west":{"uv":[75,146],"uv_size":[1,1]},"up":{"uv":[146,75],"uv_size":[1,1]}}},{"origin":[-0.99861,8.09175,2],"size":[0.5,0.6,0.5],"uv":{"north":{"uv":[146,76],"uv_size":[1,1]},"east":{"uv":[146,80],"uv_size":[1,1]},"south":{"uv":[146,81],"uv_size":[1,1]},"west":{"uv":[82,146],"uv_size":[1,1]},"up":{"uv":[146,84],"uv_size":[1,1]},"down":{"uv":[85,147],"uv_size":[1,-1]}}},{"origin":[-1.20225,7.22791,-1.25095],"size":[1.50575,0.6237,0.1],"pivot":[0.3035,7.85161,-1.25095],"rotation":[0,90,90],"uv":{"north":{"uv":[12,145],"uv_size":[2,1]},"east":{"uv":[146,85],"uv_size":[1,1]},"west":{"uv":[86,146],"uv_size":[1,1]}}},{"origin":[-0.1732,7.43581,-0.10012],"size":[0.6237,1.50575,0.1],"pivot":[-0.1732,7.64371,0.10778],"rotation":[90,45,180],"uv":{"north":{"uv":[16,145],"uv_size":[1,2]},"up":{"uv":[146,86],"uv_size":[1,1]},"down":{"uv":[146,88],"uv_size":[1,-1]}}},{"origin":[-0.7969,7.43581,-1.31185],"size":[0.6237,1.50575,0.1],"pivot":[-0.1732,7.64371,-1.10395],"rotation":[-90,45,0],"uv":{"north":{"uv":[20,145],"uv_size":[1,2]},"up":{"uv":[90,146],"uv_size":[1,1]},"down":{"uv":[91,147],"uv_size":[1,-1]}}},{"origin":[-0.86518,7.43581,-0.70598],"size":[0.6237,1.50575,0.1],"pivot":[-0.55333,7.64371,-0.49808],"rotation":[0,90,90],"uv":{"north":{"uv":[24,145],"uv_size":[1,2]},"up":{"uv":[92,146],"uv_size":[1,1]},"down":{"uv":[146,93],"uv_size":[1,-1]}}},{"origin":[-0.41401,8.16923,2.092],"size":[0.4536,0.162,0.324],"pivot":[-0.47881,8.33123,2.416],"rotation":[0,0,45],"uv":{"north":{"uv":[93,146],"uv_size":[1,1]},"south":{"uv":[94,146],"uv_size":[1,1]},"up":{"uv":[95,146],"uv_size":[1,1]}}},{"origin":[0.13123,7.75684,2.092],"size":[0.4536,0.162,0.324],"pivot":[0.06643,7.91884,2.416],"rotation":[0,0,-45],"uv":{"north":{"uv":[146,97],"uv_size":[1,1]},"south":{"uv":[146,99],"uv_size":[1,1]},"up":{"uv":[146,100],"uv_size":[1,1]}}},{"origin":[-0.54754,7.17086,2.092],"size":[0.162,1.4536,0.324],"uv":{"north":{"uv":[146,104],"uv_size":[1,1]},"east":{"uv":[146,105],"uv_size":[1,1]},"south":{"uv":[106,146],"uv_size":[1,1]},"west":{"uv":[108,146],"uv_size":[1,1]}}},{"origin":[-0.52856,8.41664,2.092],"size":[0.4536,0.162,0.324],"pivot":[-0.59336,8.57864,2.416],"rotation":[0,0,-45],"uv":{"north":{"uv":[146,110],"uv_size":[1,1]},"south":{"uv":[112,146],"uv_size":[1,1]},"up":{"uv":[146,113],"uv_size":[1,1]},"down":{"uv":[114,147],"uv_size":[1,-1]}}},{"origin":[0.38554,7.17086,2.092],"size":[0.162,1.4536,0.324],"uv":{"north":{"uv":[146,114],"uv_size":[1,1]},"east":{"uv":[146,117],"uv_size":[1,1]},"south":{"uv":[146,118],"uv_size":[1,1]},"west":{"uv":[119,146],"uv_size":[1,1]}}},{"origin":[0.24578,8.82902,2.092],"size":[0.4536,0.162,0.324],"pivot":[0.18098,8.99102,2.416],"rotation":[0,0,45],"uv":{"north":{"uv":[146,120],"uv_size":[1,1]},"south":{"uv":[146,121],"uv_size":[1,1]},"up":{"uv":[146,122],"uv_size":[1,1]},"down":{"uv":[123,147],"uv_size":[1,-1]}}},{"origin":[-0.6268,7.65011,2.092],"size":[1.2536,0.362,0.324],"uv":{"north":{"uv":[128,146],"uv_size":[1,1]},"east":{"uv":[129,146],"uv_size":[1,1]},"south":{"uv":[130,146],"uv_size":[1,1]},"west":{"uv":[131,146],"uv_size":[1,1]},"up":{"uv":[146,133],"uv_size":[1,1]}}},{"origin":[-0.2268,8.7832,2.092],"size":[0.4536,0.162,0.324],"uv":{"north":{"uv":[146,134],"uv_size":[1,1]},"south":{"uv":[146,135],"uv_size":[1,1]},"up":{"uv":[146,137],"uv_size":[1,1]},"down":{"uv":[138,147],"uv_size":[1,-1]}}}]},{"name":"handguard","parent":"gun","pivot":[0,-1.5,-42.25],"cubes":[{"origin":[-1.8,-4.5,-51.75],"size":[3.6,1,25.5],"uv":{"south":{"uv":[140,91],"uv_size":[4,1]},"down":{"uv":[48,99],"uv_size":[4,-26]}}},{"origin":[-1.8,-4.5,-58.25],"size":[3.6,1,6.5],"pivot":[-1.2,-4.5,-51.75],"rotation":[-5,0,0],"uv":{"north":{"uv":[140,100],"uv_size":[4,1]},"east":{"uv":[136,30],"uv_size":[7,1]},"west":{"uv":[136,58],"uv_size":[7,1]},"down":{"uv":[116,72],"uv_size":[4,-7]}}},{"origin":[-2.3,-1.85,-58.25],"size":[4.6,5.5,32],"uv":{"north":{"uv":[99,114],"uv_size":[5,6]},"east":{"uv":[16,55],"uv_size":[32,6]},"west":{"uv":[48,55],"uv_size":[32,6]},"up":{"uv":[16,61],"uv_size":[5,32]}}},{"origin":[-2.27635,3.06519,-58.25],"size":[0.5,1,32],"pivot":[-2.27635,3.06519,-58.25],"rotation":[0,0,-12.5],"uv":{"north":{"uv":[139,146],"uv_size":[1,1]},"east":{"uv":[104,58],"uv_size":[32,1]},"west":{"uv":[109,47],"uv_size":[32,1]},"up":{"uv":[41,111],"uv_size":[1,32]}}},{"origin":[1.77635,3.06519,-58.25],"size":[0.5,1,32],"pivot":[2.27635,3.06519,-58.25],"rotation":[0,0,12.5],"uv":{"north":{"uv":[146,140],"uv_size":[1,1]},"east":{"uv":[111,61],"uv_size":[32,1]},"west":{"uv":[111,62],"uv_size":[32,1]},"up":{"uv":[57,113],"uv_size":[1,32]}}},{"origin":[1.8,-4.5,-51.75],"size":[3,1,25.5],"pivot":[1.8,-4.5,-51.75],"rotation":[0,0,-60],"uv":{"south":{"uv":[143,15],"uv_size":[3,1]},"down":{"uv":[59,113],"uv_size":[3,-26]}}},{"origin":[2.8,-4.5,-58.25],"size":[2,1,6.5],"pivot":[1.8,-4.5,-51.75],"rotation":[-2,0,-60],"uv":{"north":{"uv":[145,17],"uv_size":[2,1]},"east":{"uv":[136,71],"uv_size":[7,1]},"down":{"uv":[96,23],"uv_size":[2,-7]}}},{"origin":[1.8,-4.5,-58.25],"size":[1.5,1,6.5],"pivot":[1.8,-4.5,-51.75],"rotation":[-2.00618,-4.49725,-59.84263],"uv":{"north":{"uv":[31,145],"uv_size":[2,1]},"east":{"uv":[138,14],"uv_size":[7,1]},"down":{"uv":[53,132],"uv_size":[2,-7]}}},{"origin":[2.56147,1.08666,-53.25],"size":[1,2,20.5],"pivot":[3.56147,1.08666,-32.75],"rotation":[0,0,-40],"uv":{"north":{"uv":[33,145],"uv_size":[1,2]},"south":{"uv":[145,35],"uv_size":[1,2]},"west":{"uv":[100,80],"uv_size":[21,2]}}},{"origin":[3.08273,-1.88292,-58.24524],"size":[1.5,1,5],"pivot":[3.08273,-1.88292,-58.24524],"rotation":[-2.5,0,-85],"uv":{"north":{"uv":[142,146],"uv_size":[1,1]},"east":{"uv":[139,116],"uv_size":[5,1]},"down":{"uv":[134,144],"uv_size":[1,-5]}}},{"origin":[1.71347,-0.38862,-58.24524],"size":[1.5,2,5.25],"pivot":[3.21347,-0.38862,-58.24524],"rotation":[10.0516,13.3843,-39.1802],"uv":{"north":{"uv":[105,9],"uv_size":[2,2]},"south":{"uv":[117,86],"uv_size":[2,2]},"west":{"uv":[132,0],"uv_size":[5,2]},"up":{"uv":[124,131],"uv_size":[2,5]}}},{"origin":[1.71347,-0.38862,-58.24524],"size":[1.5,1,5.25],"pivot":[3.21347,-0.38862,-58.24524],"rotation":[-2.6072,16.4838,-85.7403],"uv":{"down":{"uv":[15,137],"uv_size":[2,-5]}}},{"origin":[3.3,-1.90192,-53.25],"size":[3,1,20.5],"pivot":[3.3,-1.90192,-53.25],"rotation":[0,0,-85],"uv":{"east":{"uv":[119,52],"uv_size":[21,1]},"down":{"uv":[78,118],"uv_size":[3,-21]}}},{"origin":[3.3,-1.90192,-32.75],"size":[1,1,6.5],"pivot":[3.3,-1.90192,-32.75],"rotation":[0,0,-85],"uv":{"south":{"uv":[146,143],"uv_size":[1,1]},"down":{"uv":[89,144],"uv_size":[1,-7]}}},{"origin":[4.3,-1.90192,-32.75],"size":[0.95,1,3.1],"pivot":[3.3,-1.90192,-32.75],"rotation":[0,0,-85],"uv":{"down":{"uv":[38,146],"uv_size":[1,-3]}}},{"origin":[2.38807,-0.9062,-33.05029],"size":[1,1,6.8],"pivot":[3.38707,-0.90668,-26.25029],"rotation":[0,-17,-85],"uv":{"down":{"uv":[107,144],"uv_size":[1,-7]}}},{"origin":[2.38716,-0.90573,-33.05],"size":[1,2,6.8],"pivot":[3.38716,-0.90573,-26.25],"rotation":[-12.19872,-11.93126,-38.72048],"uv":{"north":{"uv":[40,145],"uv_size":[1,2]},"south":{"uv":[145,40],"uv_size":[1,2]},"west":{"uv":[127,42],"uv_size":[7,2]}}},{"origin":[-6.3,-1.90192,-53.25],"size":[3,1,20.5],"pivot":[-3.3,-1.90192,-53.25],"rotation":[0,0,85],"uv":{"west":{"uv":[120,13],"uv_size":[21,1]},"down":{"uv":[98,37],"uv_size":[3,-21]}}},{"origin":[-4.58273,-1.88292,-58.24524],"size":[1.5,1,5],"pivot":[-3.08273,-1.88292,-58.24524],"rotation":[-2.5,0,85],"uv":{"north":{"uv":[146,146],"uv_size":[1,1]},"west":{"uv":[25,140],"uv_size":[5,1]},"down":{"uv":[136,144],"uv_size":[1,-5]}}},{"origin":[-3.21347,-0.38862,-58.24524],"size":[1.5,1,5.25],"pivot":[-3.21347,-0.38862,-58.24524],"rotation":[-2.60723,-16.48385,85.74026],"uv":{"down":{"uv":[4,145],"uv_size":[1,-5]}}},{"origin":[-3.21347,-0.38862,-58.24524],"size":[1.5,2,5.25],"pivot":[-3.21347,-0.38862,-58.24524],"rotation":[10.0516,-13.38432,39.18015],"uv":{"north":{"uv":[44,145],"uv_size":[1,2]},"east":{"uv":[132,2],"uv_size":[5,2]},"south":{"uv":[45,145],"uv_size":[1,2]},"up":{"uv":[5,140],"uv_size":[1,5]}}},{"origin":[-4.3,-1.90192,-32.75],"size":[1,1,6.5],"pivot":[-3.3,-1.90192,-32.75],"rotation":[0,0,85],"uv":{"south":{"uv":[147,3],"uv_size":[1,1]},"down":{"uv":[76,145],"uv_size":[1,-7]}}},{"origin":[-5.25,-1.90192,-32.75],"size":[0.95,1,3.1],"pivot":[-3.3,-1.90192,-32.75],"rotation":[0,0,85],"uv":{"down":{"uv":[41,146],"uv_size":[1,-3]}}},{"origin":[-3.38716,-0.90075,-33.05],"size":[1,1,6.8],"pivot":[-3.38716,-0.90573,-26.25],"rotation":[0,17,85],"uv":{"down":{"uv":[100,145],"uv_size":[1,-7]}}},{"origin":[-3.38716,-0.90573,-33.05],"size":[1,2,6.8],"pivot":[-3.38716,-0.90573,-26.25],"rotation":[-12.19872,11.93126,38.72048],"uv":{"north":{"uv":[47,145],"uv_size":[1,2]},"east":{"uv":[127,74],"uv_size":[7,2]},"south":{"uv":[145,47],"uv_size":[1,2]}}},{"origin":[-3.56147,1.08666,-53.25],"size":[1,2,20.5],"pivot":[-3.56147,1.08666,-53.25],"rotation":[0,0,40],"uv":{"north":{"uv":[48,145],"uv_size":[1,2]},"east":{"uv":[100,82],"uv_size":[21,2]},"south":{"uv":[49,145],"uv_size":[1,2]}}},{"origin":[-4.8,-4.5,-51.75],"size":[3,1,25.5],"pivot":[-1.8,-4.5,-51.75],"rotation":[0,0,60],"uv":{"south":{"uv":[143,58],"uv_size":[3,1]},"down":{"uv":[87,91],"uv_size":[3,-26]}}},{"origin":[-4.8,-4.5,-58.25],"size":[2,1,6.5],"pivot":[-1.8,-4.5,-51.75],"rotation":[-2,0,60],"uv":{"north":{"uv":[145,44],"uv_size":[2,1]},"west":{"uv":[138,118],"uv_size":[7,1]},"up":{"uv":[106,125],"uv_size":[2,7]},"down":{"uv":[3,134],"uv_size":[2,-7]}}},{"origin":[-3.3,-4.5,-58.25],"size":[1.5,1,6.5],"pivot":[-1.8,-4.5,-51.75],"rotation":[-2.00618,4.49725,59.84263],"uv":{"north":{"uv":[145,52],"uv_size":[2,1]},"west":{"uv":[138,120],"uv_size":[7,1]},"up":{"uv":[7,127],"uv_size":[2,7]},"down":{"uv":[9,134],"uv_size":[2,-7]}}}]},{"name":"stock","parent":"gun","pivot":[0,-1.5,10],"cubes":[{"origin":[-1,-1,5],"size":[2,2,30],"pivot":[0,0,10],"rotation":[-10.72858,10.54529,44.00703],"uv":{"east":{"uv":[99,92],"uv_size":[30,2]},"west":{"uv":[99,94],"uv_size":[30,2]},"up":{"uv":[42,92],"uv_size":[2,30]},"down":{"uv":[92,128],"uv_size":[2,-30]}}},{"origin":[-2,-1.7,32.5],"size":[3,3,27.5],"pivot":[0,-0.7,10],"rotation":[-10.72858,10.54529,44.00703],"uv":{"north":{"uv":[74,135],"uv_size":[3,3]},"east":{"uv":[80,48],"uv_size":[28,3]},"west":{"uv":[80,51],"uv_size":[28,3]},"up":{"uv":[84,65],"uv_size":[3,28]},"down":{"uv":[70,112],"uv_size":[3,-28]}}},{"origin":[-3.41415,-20.89345,55.90707],"size":[1.414,1.414,4],"pivot":[-2.00015,-19.47945,59.90707],"rotation":[-2.8307,-2.8273,-44.9301],"uv":{"north":{"uv":[147,6],"uv_size":[1,1]},"east":{"uv":[140,102],"uv_size":[4,1]},"south":{"uv":[7,147],"uv_size":[1,1]}}},{"origin":[0.58615,-20.89345,55.90707],"size":[1.414,1.414,4],"pivot":[2.00015,-19.47945,59.90707],"rotation":[-2.8307,-2.8273,-44.9301],"uv":{"north":{"uv":[147,7],"uv_size":[1,1]},"south":{"uv":[8,147],"uv_size":[1,1]},"down":{"uv":[124,144],"uv_size":[1,-4]}}},{"origin":[0.58615,-2.43851,57.19756],"size":[1.414,1.414,4],"pivot":[2.00015,-1.02451,61.19756],"rotation":[-2.8307,-2.8273,-44.9301],"uv":{"north":{"uv":[9,147],"uv_size":[1,1]},"south":{"uv":[147,9],"uv_size":[1,1]},"west":{"uv":[140,123],"uv_size":[4,1]}}},{"origin":[-2,-21.23028,55.77609],"size":[4,20.5,4],"pivot":[0.5,-21.23028,56.27609],"rotation":[-4,0,0],"uv":{"north":{"uv":[81,0],"uv_size":[4,21]},"south":{"uv":[85,0],"uv_size":[4,21]},"up":{"uv":[78,123],"uv_size":[4,4]},"down":{"uv":[124,69],"uv_size":[4,-4]}}},{"origin":[-3.414,-2.43836,57.19758],"size":[1.414,1.414,4],"pivot":[-2,-1.02436,61.19758],"rotation":[-2.8307,-2.8273,-44.9301],"uv":{"north":{"uv":[147,10],"uv_size":[1,1]},"south":{"uv":[11,147],"uv_size":[1,1]},"up":{"uv":[127,140],"uv_size":[1,4]}}},{"origin":[-2,-20.51174,59.83611],"size":[4,18.5,1.5],"pivot":[0.5,-20.51174,60.33611],"rotation":[-4,0,0],"uv":{"east":{"uv":[6,101],"uv_size":[2,19]},"south":{"uv":[89,0],"uv_size":[4,19]},"west":{"uv":[104,96],"uv_size":[2,19]},"up":{"uv":[134,135],"uv_size":[4,2]},"down":{"uv":[136,11],"uv_size":[4,-2]}}},{"origin":[-3,-20.23028,55.77609],"size":[6,18.5,4],"pivot":[1.5,-21.23028,56.27609],"rotation":[-4,0,0],"uv":{"north":{"uv":[72,65],"uv_size":[6,19]},"east":{"uv":[89,19],"uv_size":[4,19]},"south":{"uv":[38,73],"uv_size":[6,19]},"west":{"uv":[38,92],"uv_size":[4,19]}}},{"origin":[-1,-16.73028,52.77609],"size":[2,15,4],"pivot":[1.5,-21.23028,56.27609],"rotation":[-4,0,0],"uv":{"north":{"uv":[75,114],"uv_size":[2,15]},"east":{"uv":[44,99],"uv_size":[4,15]},"west":{"uv":[48,99],"uv_size":[4,15]},"up":{"uv":[70,80],"uv_size":[2,4]}}},{"origin":[-4,-6.5,37],"size":[8,3.5,4],"pivot":[3.5,-5.5,37.5],"rotation":[-5,0,0],"uv":{"north":{"uv":[111,88],"uv_size":[8,4]},"east":{"uv":[124,104],"uv_size":[4,4]},"south":{"uv":[112,104],"uv_size":[8,4]},"west":{"uv":[121,124],"uv_size":[4,4]},"up":{"uv":[114,26],"uv_size":[8,4]},"down":{"uv":[114,34],"uv_size":[8,-4]}}},{"origin":[-1,-21.49709,53.09852],"size":[2,5,2.5],"pivot":[1,-16.49709,53.09852],"rotation":[36,0,0],"uv":{"north":{"uv":[17,132],"uv_size":[2,5]},"east":{"uv":[125,113],"uv_size":[3,5]},"west":{"uv":[125,118],"uv_size":[3,5]}}},{"origin":[2.5,-2.31802,29.34164],"size":[1,2.5,10.8],"pivot":[3.5,-2.31802,29.34164],"rotation":[-21,0,0],"uv":{"east":{"uv":[107,23],"uv_size":[11,3]},"west":{"uv":[108,48],"uv_size":[11,3]},"down":{"uv":[40,139],"uv_size":[1,-11]}}},{"origin":[-3.5,-2.31802,29.34164],"size":[1,2.5,10.8],"pivot":[-2.5,-2.31802,29.34164],"rotation":[-21,0,0],"uv":{"east":{"uv":[108,51],"uv_size":[11,3]},"west":{"uv":[109,0],"uv_size":[11,3]},"down":{"uv":[22,141],"uv_size":[1,-11]}}},{"origin":[2.5,-6.18855,39.75181],"size":[1,2.5,13],"pivot":[3.5,-3.68855,39.75181],"rotation":[-7.5,0,0],"uv":{"east":{"uv":[101,26],"uv_size":[13,3]},"south":{"uv":[143,76],"uv_size":[1,3]},"west":{"uv":[101,29],"uv_size":[13,3]},"down":{"uv":[5,136],"uv_size":[1,-13]}}},{"origin":[-3.5,-6.18855,39.75181],"size":[1,2.5,13],"pivot":[-2.5,-3.68855,39.75181],"rotation":[-7.5,0,0],"uv":{"east":{"uv":[101,32],"uv_size":[13,3]},"south":{"uv":[82,143],"uv_size":[1,3]},"west":{"uv":[101,35],"uv_size":[13,3]},"down":{"uv":[82,136],"uv_size":[1,-13]}}},{"origin":[2.5,-2.33941,29.66796],"size":[1,2.5,23.5],"pivot":[3.5,0.16059,29.66796],"rotation":[-7.5,0,0],"uv":{"north":{"uv":[90,143],"uv_size":[1,3]},"east":{"uv":[80,56],"uv_size":[24,3]},"south":{"uv":[91,143],"uv_size":[1,3]},"west":{"uv":[92,65],"uv_size":[24,3]}}},{"origin":[-3.5,-2.33941,29.66796],"size":[1,2.5,23.5],"pivot":[-2.5,0.16059,29.66796],"rotation":[-7.5,0,0],"uv":{"north":{"uv":[92,143],"uv_size":[1,3]},"east":{"uv":[92,68],"uv_size":[24,3]},"south":{"uv":[93,143],"uv_size":[1,3]},"west":{"uv":[92,71],"uv_size":[24,3]}}},{"origin":[-5,1.73644,30.00707],"size":[3,1,23.5],"pivot":[-2,2.73644,30.00707],"rotation":[-3.7661,-6.4905,-59.7864],"uv":{"north":{"uv":[143,64],"uv_size":[3,1]},"south":{"uv":[143,84],"uv_size":[3,1]},"up":{"uv":[92,74],"uv_size":[3,24]},"down":{"uv":[93,24],"uv_size":[3,-24]}}},{"origin":[2,1.73644,30.00707],"size":[3,1,23.5],"pivot":[2,2.73644,30.00707],"rotation":[-3.7661,6.4905,59.7864],"uv":{"north":{"uv":[103,143],"uv_size":[3,1]},"south":{"uv":[143,104],"uv_size":[3,1]},"up":{"uv":[16,93],"uv_size":[3,24]},"down":{"uv":[19,117],"uv_size":[3,-24]}}},{"origin":[-2,1.67973,29.87227],"size":[4,1,23.5],"pivot":[1.5,1.67973,30.37227],"rotation":[-7.5,0,0],"uv":{"north":{"uv":[140,138],"uv_size":[4,1]},"south":{"uv":[140,139],"uv_size":[4,1]},"up":{"uv":[66,73],"uv_size":[4,24]},"down":{"uv":[77,24],"uv_size":[4,-24]}}}]},{"name":"barrel","parent":"gun","pivot":[0,5.25,-101],"cubes":[{"origin":[-0.775,5.6,-98.45],"size":[1.55,0.6,6.5],"uv":{"north":{"uv":[56,145],"uv_size":[2,1]},"east":{"uv":[138,125],"uv_size":[7,1]},"south":{"uv":[145,56],"uv_size":[2,1]},"west":{"uv":[138,126],"uv_size":[7,1]},"up":{"uv":[78,127],"uv_size":[2,7]}}},{"origin":[-0.625,7.5,-97],"size":[1.25,0.5,4.5],"uv":{"north":{"uv":[12,147],"uv_size":[1,1]},"east":{"uv":[140,27],"uv_size":[5,1]},"south":{"uv":[13,147],"uv_size":[1,1]},"west":{"uv":[140,28],"uv_size":[5,1]},"up":{"uv":[12,140],"uv_size":[1,5]},"down":{"uv":[13,145],"uv_size":[1,-5]}}},{"origin":[-0.625,7.6,-96.5],"size":[0.25,1.25,3.5],"pivot":[-0.625,7.6,-96.5],"rotation":[5.00076,0.99619,-12.41284],"uv":{"north":{"uv":[147,13],"uv_size":[1,1]},"east":{"uv":[140,140],"uv_size":[4,1]},"south":{"uv":[14,147],"uv_size":[1,1]},"west":{"uv":[141,0],"uv_size":[4,1]},"up":{"uv":[0,141],"uv_size":[1,4]}}},{"origin":[0.375,7.6,-96.5],"size":[0.25,1.25,3.5],"pivot":[0.625,7.6,-96.5],"rotation":[5.00076,-0.99619,12.41284],"uv":{"north":{"uv":[147,14],"uv_size":[1,1]},"east":{"uv":[141,1],"uv_size":[4,1]},"south":{"uv":[15,147],"uv_size":[1,1]},"west":{"uv":[141,4],"uv_size":[4,1]},"up":{"uv":[6,141],"uv_size":[1,4]}}},{"origin":[-0.125,7.8,-94],"size":[0.25,0.75,0.5],"uv":{"north":{"uv":[51,145],"uv_size":[1,2]},"east":{"uv":[58,145],"uv_size":[1,2]},"south":{"uv":[59,145],"uv_size":[1,2]},"west":{"uv":[60,145],"uv_size":[1,2]},"up":{"uv":[16,147],"uv_size":[1,1]}}},{"origin":[-0.625,5.6,-94],"size":[1.25,0.5,2],"pivot":[-0.625,6.1,-92],"rotation":[-70,0,0],"uv":{"east":{"uv":[145,57],"uv_size":[2,1]},"west":{"uv":[145,59],"uv_size":[2,1]},"up":{"uv":[61,145],"uv_size":[1,2]},"down":{"uv":[62,147],"uv_size":[1,-2]}}},{"origin":[-0.625,5.65,-98.45],"size":[1.25,0.5,2.3],"pivot":[-0.625,6.15,-98.45],"rotation":[47.5,0,0],"uv":{"east":{"uv":[67,145],"uv_size":[2,1]},"west":{"uv":[145,70],"uv_size":[2,1]},"up":{"uv":[145,71],"uv_size":[1,2]},"down":{"uv":[72,147],"uv_size":[1,-2]}}},{"origin":[-0.7425,2.19581,-101.495],"size":[1.485,3.58512,76.645],"uv":{"north":{"uv":[16,141],"uv_size":[1,4]},"south":{"uv":[17,141],"uv_size":[1,4]},"up":{"uv":[77,84],"uv_size":[1,77]},"down":{"uv":[65,164],"uv_size":[1,-77]}}},{"origin":[-0.04246,3.10088,-101.495],"size":[1.485,3.58512,76.645],"pivot":[1.44254,3.59588,-101],"rotation":[0,0,-45],"uv":{"north":{"uv":[18,141],"uv_size":[1,4]},"south":{"uv":[19,141],"uv_size":[1,4]},"up":{"uv":[90,65],"uv_size":[1,77]},"down":{"uv":[91,142],"uv_size":[1,-77]}}},{"origin":[-1.44254,3.10088,-101.495],"size":[1.485,3.58512,76.645],"pivot":[-1.44254,3.59588,-101],"rotation":[0,0,45],"uv":{"north":{"uv":[20,141],"uv_size":[1,4]},"south":{"uv":[22,141],"uv_size":[1,4]},"up":{"uv":[87,91],"uv_size":[1,77]},"down":{"uv":[88,168],"uv_size":[1,-77]}}},{"origin":[-1.79257,3.24587,-101.495],"size":[3.58512,1.485,76.645],"uv":{"north":{"uv":[141,5],"uv_size":[4,1]},"east":{"uv":[80,54],"uv_size":[77,1]},"south":{"uv":[141,6],"uv_size":[4,1]},"west":{"uv":[80,55],"uv_size":[77,1]}}},{"origin":[0.99,5.47046,-28.75],"size":[1.485,0.495,2.5],"pivot":[0.99,5.96546,-28.255],"rotation":[0,0,45],"uv":{"north":{"uv":[20,147],"uv_size":[1,1]},"up":{"uv":[94,143],"uv_size":[1,3]}}},{"origin":[-2.475,5.47046,-28.75],"size":[1.485,0.495,2.5],"pivot":[-0.99,5.96546,-28.255],"rotation":[0,0,-45],"uv":{"north":{"uv":[21,147],"uv_size":[1,1]},"up":{"uv":[106,143],"uv_size":[1,3]}}},{"origin":[-0.99,5.47046,-28.75],"size":[1.98,0.495,2.5],"uv":{"north":{"uv":[73,145],"uv_size":[2,1]},"up":{"uv":[138,135],"uv_size":[2,3]}}},{"origin":[-2.04037,2.93541,-28.75],"size":[4.08042,1.98,2.5],"uv":{"north":{"uv":[136,26],"uv_size":[4,2]},"east":{"uv":[138,131],"uv_size":[3,2]},"west":{"uv":[139,2],"uv_size":[3,2]}}},{"origin":[0.64194,2.6208,-101.51509],"size":[2.2,2.2,1],"pivot":[1.15016,6.00438,-100.66919],"rotation":[0,0,45],"uv":{"north":{"uv":[141,11],"uv_size":[2,2]}}}]},{"name":"mag","parent":"gun","pivot":[0,0.4,-97.5],"cubes":[{"origin":[0.74977,-2.95833,-101],"size":[1.65,3.9831,76.15],"pivot":[0.74977,1.02477,-101],"rotation":[0,0,45],"uv":{"north":{"uv":[117,135],"uv_size":[2,4]},"south":{"uv":[128,135],"uv_size":[2,4]},"up":{"uv":[26,61],"uv_size":[2,77]},"down":{"uv":[28,138],"uv_size":[2,-77]}}},{"origin":[-2.45586,-2.91909,-101],"size":[1.65,3.9831,76.15],"pivot":[-0.80586,0.93091,-100.45],"rotation":[0,0,-45],"uv":{"north":{"uv":[4,136],"uv_size":[2,4]},"south":{"uv":[136,117],"uv_size":[2,4]},"up":{"uv":[30,61],"uv_size":[2,77]},"down":{"uv":[32,138],"uv_size":[2,-77]}}},{"origin":[-2.0667,-1.7917,-101],"size":[3.9831,1.65,76.15],"uv":{"north":{"uv":[136,121],"uv_size":[4,2]},"east":{"uv":[34,61],"uv_size":[77,2]},"south":{"uv":[136,123],"uv_size":[4,2]},"west":{"uv":[34,63],"uv_size":[77,2]}}},{"origin":[-0.89998,-2.95843,-101],"size":[1.65,3.9831,76.15],"uv":{"north":{"uv":[124,136],"uv_size":[2,4]},"south":{"uv":[136,125],"uv_size":[2,4]},"up":{"uv":[34,65],"uv_size":[2,77]},"down":{"uv":[36,142],"uv_size":[2,-77]}}},{"origin":[1.03919,-3.48899,-100.63],"size":[2.079,5.01871,4],"pivot":[1.03919,1.52971,-101.63],"rotation":[0,0,45],"uv":{"north":{"uv":[132,26],"uv_size":[2,5]},"south":{"uv":[53,132],"uv_size":[2,5]},"up":{"uv":[126,136],"uv_size":[2,4]},"down":{"uv":[136,133],"uv_size":[2,-4]}}},{"origin":[-2.50957,-2.01905,-100.63],"size":[5.01871,2.079,4],"uv":{"north":{"uv":[132,69],"uv_size":[5,2]},"east":{"uv":[136,133],"uv_size":[4,2]},"south":{"uv":[132,78],"uv_size":[5,2]},"west":{"uv":[137,0],"uv_size":[4,2]}}},{"origin":[-2.99991,-3.43956,-100.63],"size":[2.079,5.01871,4],"pivot":[-0.92091,1.41144,-100.937],"rotation":[0,0,-45],"uv":{"north":{"uv":[94,132],"uv_size":[2,5]},"south":{"uv":[106,132],"uv_size":[2,5]},"up":{"uv":[0,137],"uv_size":[2,4]},"down":{"uv":[137,6],"uv_size":[2,-4]}}},{"origin":[-1.0395,-3.48912,-100.63],"size":[2.079,5.01871,4],"uv":{"north":{"uv":[109,132],"uv_size":[2,5]},"south":{"uv":[130,132],"uv_size":[2,5]},"up":{"uv":[15,137],"uv_size":[2,4]},"down":{"uv":[17,141],"uv_size":[2,-4]}}},{"origin":[0.91826,-3.17263,-62.61236],"size":[1.83708,4.43471,2.875],"pivot":[0.91826,1.26208,-62.61236],"rotation":[0,0,45],"uv":{"north":{"uv":[19,137],"uv_size":[2,4]},"up":{"uv":[2,139],"uv_size":[2,3]},"down":{"uv":[139,7],"uv_size":[2,-3]}}},{"origin":[-2.65083,-3.12895,-62.61236],"size":[1.83708,4.43471,2.875],"pivot":[-0.81375,1.15757,-62],"rotation":[0,0,-45],"uv":{"north":{"uv":[137,78],"uv_size":[2,4]},"up":{"uv":[7,139],"uv_size":[2,3]},"down":{"uv":[9,142],"uv_size":[2,-3]}}},{"origin":[-2.21755,-1.87373,-62.61236],"size":[4.43471,1.83708,2.875],"uv":{"north":{"uv":[137,45],"uv_size":[4,2]},"east":{"uv":[139,18],"uv_size":[3,2]},"west":{"uv":[38,139],"uv_size":[3,2]}}},{"origin":[-0.91854,-3.17274,-62.61236],"size":[1.83708,5.93471,3.875],"uv":{"north":{"uv":[11,129],"uv_size":[2,6]},"east":{"uv":[18,117],"uv_size":[4,6]},"south":{"uv":[13,129],"uv_size":[2,6]},"west":{"uv":[119,86],"uv_size":[4,6]},"down":{"uv":[103,141],"uv_size":[2,-4]}}},{"origin":[1.02029,-3.39737,-60.1804],"size":[2.0412,4.92746,1.75],"pivot":[1.02029,1.53009,-60.1804],"rotation":[0,0,45],"uv":{"north":{"uv":[132,132],"uv_size":[2,5]},"south":{"uv":[49,133],"uv_size":[2,5]},"up":{"uv":[25,141],"uv_size":[2,2]},"down":{"uv":[27,143],"uv_size":[2,-2]}}},{"origin":[-2.94537,-3.34883,-60.1804],"size":[2.0412,4.92746,1.75],"pivot":[-0.90417,1.41397,-59.5],"rotation":[0,0,-45],"uv":{"north":{"uv":[133,91],"uv_size":[2,5]},"south":{"uv":[2,134],"uv_size":[2,5]},"up":{"uv":[38,141],"uv_size":[2,2]},"down":{"uv":[141,47],"uv_size":[2,-2]}}},{"origin":[-2.46395,-1.95415,-60.1804],"size":[4.92746,2.0412,1.75],"uv":{"north":{"uv":[132,80],"uv_size":[5,2]},"east":{"uv":[47,141],"uv_size":[2,2]},"south":{"uv":[132,96],"uv_size":[5,2]},"west":{"uv":[49,141],"uv_size":[2,2]}}},{"origin":[-1.0206,-3.39749,-60.1804],"size":[2.0412,4.92746,1.75],"uv":{"north":{"uv":[9,134],"uv_size":[2,5]},"south":{"uv":[38,134],"uv_size":[2,5]},"up":{"uv":[141,50],"uv_size":[2,2]},"down":{"uv":[53,143],"uv_size":[2,-2]}}},{"origin":[0.93527,-3.28842,-95.8787],"size":[1.8711,4.51684,2.403],"pivot":[0.93527,1.22842,-96.8787],"rotation":[0,0,45],"uv":{"north":{"uv":[72,134],"uv_size":[2,5]},"south":{"uv":[80,134],"uv_size":[2,5]},"up":{"uv":[141,69],"uv_size":[2,2]},"down":{"uv":[141,78],"uv_size":[2,-2]}}},{"origin":[-2.69992,-3.24393,-95.8787],"size":[1.8711,4.51684,2.403],"pivot":[-0.82882,1.12197,-96.255],"rotation":[0,0,-45],"uv":{"north":{"uv":[134,120],"uv_size":[2,5]},"south":{"uv":[134,130],"uv_size":[2,5]},"up":{"uv":[141,78],"uv_size":[2,2]},"down":{"uv":[141,82],"uv_size":[2,-2]}}},{"origin":[-2.25862,-1.96547,-95.8787],"size":[4.51684,1.8711,2.403],"uv":{"north":{"uv":[133,34],"uv_size":[5,2]},"east":{"uv":[94,141],"uv_size":[2,2]},"south":{"uv":[133,36],"uv_size":[5,2]},"west":{"uv":[103,141],"uv_size":[2,2]}}},{"origin":[-0.93555,-3.48958,-95.867],"size":[1.8711,6.10621,2.403],"uv":{"north":{"uv":[42,129],"uv_size":[2,6]},"east":{"uv":[63,129],"uv_size":[2,6]},"south":{"uv":[70,129],"uv_size":[2,6]},"west":{"uv":[75,129],"uv_size":[2,6]},"down":{"uv":[105,143],"uv_size":[2,-2]}}}]},{"name":"body","parent":"gun","pivot":[0,6,-104],"cubes":[{"origin":[-1.46034,-3.56827,-26.30589],"size":[0.5,2,34],"pivot":[-1.46034,-3.56827,-26.30589],"rotation":[0,0,-30],"uv":{"east":{"uv":[80,59],"uv_size":[34,2]},"south":{"uv":[145,80],"uv_size":[1,2]},"west":{"uv":[89,38],"uv_size":[34,2]},"down":{"uv":[25,127],"uv_size":[1,-34]}}},{"origin":[0.96065,-3.56827,-26.30589],"size":[0.5,2,34],"pivot":[1.46065,-3.56827,-26.30589],"rotation":[0,0,30],"uv":{"east":{"uv":[93,40],"uv_size":[34,2]},"south":{"uv":[145,86],"uv_size":[1,2]},"west":{"uv":[93,42],"uv_size":[34,2]},"down":{"uv":[52,142],"uv_size":[1,-34]}}},{"origin":[-2.4253,-3.5862,7.40763],"size":[0.5,1.75,8.5],"pivot":[-2.4253,-1.8362,7.90763],"rotation":[0,0,-30],"uv":{"east":{"uv":[121,56],"uv_size":[8,2]},"south":{"uv":[145,94],"uv_size":[1,2]},"west":{"uv":[123,38],"uv_size":[8,2]}}},{"origin":[1.5503,-2.98572,9.75763],"size":[0.5,0.5,6.15],"uv":{"north":{"uv":[22,147],"uv_size":[1,1]},"west":{"uv":[139,33],"uv_size":[6,1]}}},{"origin":[-2.0503,-2.98572,9.75763],"size":[0.5,0.5,6.15],"uv":{"north":{"uv":[23,147],"uv_size":[1,1]},"east":{"uv":[139,40],"uv_size":[6,1]}}},{"origin":[1.5503,-7.48572,9.75763],"size":[0.5,5.8,4],"pivot":[2.0503,-2.98572,9.75763],"rotation":[-20,0,0],"uv":{"north":{"uv":[67,139],"uv_size":[1,6]},"west":{"uv":[120,0],"uv_size":[4,6]},"up":{"uv":[23,141],"uv_size":[1,4]}}},{"origin":[-1.9503,-7.98572,9.75763],"size":[0.5,6.15,4],"pivot":[-1.9503,-2.98572,9.75763],"rotation":[-17.5,0,0],"uv":{"north":{"uv":[72,139],"uv_size":[1,6]},"east":{"uv":[120,6],"uv_size":[4,6]},"up":{"uv":[40,141],"uv_size":[1,4]}}},{"origin":[-2.0503,-3.18572,15.90763],"size":[0.5,0.7,2.5],"pivot":[-2.0503,-2.48572,15.90763],"rotation":[-20,0,0],"uv":{"east":{"uv":[143,141],"uv_size":[3,1]},"south":{"uv":[147,24],"uv_size":[1,1]},"west":{"uv":[143,142],"uv_size":[3,1]},"up":{"uv":[110,143],"uv_size":[1,3]}}},{"origin":[1.5503,-3.18572,15.90763],"size":[0.5,0.7,2.5],"pivot":[2.0503,-2.48572,15.90763],"rotation":[-20,0,0],"uv":{"east":{"uv":[143,143],"uv_size":[3,1]},"south":{"uv":[147,25],"uv_size":[1,1]},"west":{"uv":[7,144],"uv_size":[3,1]},"up":{"uv":[120,143],"uv_size":[1,3]},"down":{"uv":[21,147],"uv_size":[1,-3]}}},{"origin":[1.99229,-3.3362,7.40763],"size":[0.5,1.75,8.5],"pivot":[1.99229,-1.5862,7.90763],"rotation":[0,0,30],"uv":{"east":{"uv":[124,69],"uv_size":[8,2]},"south":{"uv":[145,99],"uv_size":[1,2]},"west":{"uv":[125,48],"uv_size":[8,2]}}},{"origin":[-2.9,5.5,-26.3059],"size":[1.5,0.5,2],"pivot":[-1.4,6,-26.3059],"rotation":[0,0,-45],"uv":{"north":{"uv":[145,88],"uv_size":[2,1]},"south":{"uv":[100,145],"uv_size":[2,1]},"up":{"uv":[109,141],"uv_size":[2,2]},"down":{"uv":[119,143],"uv_size":[2,-2]}}},{"origin":[-1.9,5.5,-24.3059],"size":[0.5,0.5,12.16],"pivot":[-1.4,6,-24.3059],"rotation":[0,0,-45],"uv":{"east":{"uv":[127,33],"uv_size":[12,1]},"up":{"uv":[89,125],"uv_size":[1,12]},"down":{"uv":[119,138],"uv_size":[1,-12]}}},{"origin":[-3.04645,5.85355,-12.15],"size":[1.5,0.5,17.4],"pivot":[-1.04645,6.35355,-9],"rotation":[0,0,-45],"uv":{"north":{"uv":[145,103],"uv_size":[2,1]},"south":{"uv":[145,106],"uv_size":[2,1]},"up":{"uv":[53,108],"uv_size":[2,17]},"down":{"uv":[106,125],"uv_size":[2,-17]}}},{"origin":[-2.9,5.5,5.25],"size":[1.5,0.5,0.4855],"pivot":[-1.4,6,5.25],"rotation":[-9.7,-9.8,-45.24607],"uv":{"up":{"uv":[113,145],"uv_size":[2,1]},"down":{"uv":[145,116],"uv_size":[2,-1]}}},{"origin":[1.96066,-1.83621,-26.3059],"size":[0.5,6.77555,31.5559],"uv":{"north":{"uv":[112,138],"uv_size":[1,7]},"east":{"uv":[16,48],"uv_size":[32,7]},"west":{"uv":[48,48],"uv_size":[32,7]}}},{"origin":[2.06065,-1.83622,5.19411],"size":[0.5,2.27555,2.5],"uv":{"east":{"uv":[139,42],"uv_size":[3,2]},"west":{"uv":[139,74],"uv_size":[3,2]}}},{"origin":[-2.46034,-1.83622,-26.30589],"size":[0.5,4,34],"uv":{"north":{"uv":[101,141],"uv_size":[1,4]},"east":{"uv":[38,65],"uv_size":[34,4]},"west":{"uv":[38,69],"uv_size":[34,4]},"up":{"uv":[55,108],"uv_size":[1,34]}}},{"origin":[-2.46034,2.16378,-26.30589],"size":[0.5,2.77555,2],"uv":{"north":{"uv":[28,144],"uv_size":[1,3]},"east":{"uv":[139,76],"uv_size":[2,3]},"south":{"uv":[144,35],"uv_size":[1,3]}}},{"origin":[-2.06034,0.16378,-26.30589],"size":[4.15,4.77555,0.5],"uv":{"south":{"uv":[7,122],"uv_size":[4,5]}}},{"origin":[-2.46066,3.38934,-12.16],"size":[0.5,1.55,17.41],"uv":{"north":{"uv":[145,119],"uv_size":[1,2]},"east":{"uv":[100,86],"uv_size":[17,2]},"west":{"uv":[104,56],"uv_size":[17,2]},"down":{"uv":[120,138],"uv_size":[1,-17]}}},{"origin":[-2.46066,2.13934,-2.21],"size":[0.5,1.25,7.41],"uv":{"north":{"uv":[29,147],"uv_size":[1,1]},"east":{"uv":[138,127],"uv_size":[7,1]},"west":{"uv":[138,128],"uv_size":[7,1]}}},{"origin":[-1.4,5.38456,5.72175],"size":[2.8,0.5,4.25],"pivot":[0.4,5.88456,5.72175],"rotation":[-27.5,0,0],"uv":{"south":{"uv":[144,21],"uv_size":[3,1]},"up":{"uv":[129,78],"uv_size":[3,4]},"down":{"uv":[129,90],"uv_size":[3,-4]}}},{"origin":[-2.9,5.38456,5.72175],"size":[1.5,0.5,4.25],"pivot":[-1.4,5.88456,5.72175],"rotation":[-20.20848,-19.05681,-41.57337],"uv":{"north":{"uv":[145,123],"uv_size":[2,1]},"south":{"uv":[145,125],"uv_size":[2,1]},"up":{"uv":[105,137],"uv_size":[2,4]},"down":{"uv":[109,141],"uv_size":[2,-4]}}},{"origin":[1.4,5.38456,5.72175],"size":[1.5,0.5,4.25],"pivot":[1.4,5.88456,5.72175],"rotation":[-20.20848,19.05681,41.57337],"uv":{"north":{"uv":[30,147],"uv_size":[1,1]},"south":{"uv":[147,30],"uv_size":[1,1]},"up":{"uv":[2,142],"uv_size":[1,4]},"down":{"uv":[3,146],"uv_size":[1,-4]}}},{"origin":[1.9617,-3.90461,4.04561],"size":[0.5,4,4.25],"pivot":[2.21066,0.09539,14.54561],"rotation":[-27.5,0,0],"uv":{"east":{"uv":[125,96],"uv_size":[4,4]},"west":{"uv":[99,125],"uv_size":[4,4]}}},{"origin":[-2.46066,-2.243,4.08515],"size":[0.5,2.5,4.2325],"pivot":[-1.71066,0.257,14.23515],"rotation":[-27.5,0,0],"uv":{"east":{"uv":[129,90],"uv_size":[4,3]},"west":{"uv":[129,93],"uv_size":[4,3]}}},{"origin":[-2.46066,-2.00165,8.17238],"size":[4.921,5,0.7],"pivot":[1.96034,2.49835,8.87238],"rotation":[-15,0,0],"uv":{"north":{"uv":[116,96],"uv_size":[5,5]},"east":{"uv":[31,140],"uv_size":[1,5]},"south":{"uv":[116,111],"uv_size":[5,5]},"west":{"uv":[32,140],"uv_size":[1,5]}}},{"origin":[-1.4,5.5,-26.3059],"size":[2.8,0.5,31.5559],"uv":{"north":{"uv":[144,38],"uv_size":[3,1]},"up":{"uv":[78,65],"uv_size":[3,32]},"down":{"uv":[81,97],"uv_size":[3,-32]}}},{"origin":[-1.56005,-3.81827,-26.30589],"size":[3.1207,0.5,4],"pivot":[1.56065,-3.31827,-26.30589],"rotation":[2.5,0,0],"uv":{"east":{"uv":[142,18],"uv_size":[4,1]},"south":{"uv":[144,43],"uv_size":[3,1]},"west":{"uv":[142,19],"uv_size":[4,1]},"down":{"uv":[99,133],"uv_size":[3,-4]}}},{"origin":[-1.56005,-3.66827,-9.30589],"size":[3.1207,0.5,17.5],"uv":{"north":{"uv":[47,144],"uv_size":[3,1]},"east":{"uv":[120,14],"uv_size":[18,1]},"west":{"uv":[120,44],"uv_size":[18,1]},"down":{"uv":[3,119],"uv_size":[3,-18]}}},{"origin":[-1.4,5.5,5.25],"size":[2.8,0.5,0.4855],"pivot":[1.4,6,5.25],"rotation":[-13.755,0,0],"uv":{"up":{"uv":[144,63],"uv_size":[3,1]},"down":{"uv":[144,66],"uv_size":[3,-1]}}},{"origin":[1.4,5.5,-26.3059],"size":[1.5,0.5,31.5559],"pivot":[1.4,6,-26.3059],"rotation":[0,0,45],"uv":{"north":{"uv":[32,147],"uv_size":[1,1]},"south":{"uv":[147,32],"uv_size":[1,1]},"up":{"uv":[61,113],"uv_size":[1,32]},"down":{"uv":[62,145],"uv_size":[1,-32]}}},{"origin":[1.4,5.5,-26.3059],"size":[1.5,0.5,31.5559],"pivot":[1.4,6,-26.3059],"rotation":[0,0,45],"uv":{"north":{"uv":[32,147],"uv_size":[1,1]},"south":{"uv":[147,32],"uv_size":[1,1]},"up":{"uv":[61,113],"uv_size":[1,32]},"down":{"uv":[62,145],"uv_size":[1,-32]}}},{"origin":[1.4,5.5,5.25],"size":[1.5,0.5,0.4855],"pivot":[1.4,6,5.25],"rotation":[-9.7,9.85,45.17633],"uv":{"up":{"uv":[35,147],"uv_size":[1,1]},"down":{"uv":[147,36],"uv_size":[1,-1]}}},{"origin":[-1,-3.3,-8],"size":[2,2.5,6],"pivot":[0,-3.2,-8],"rotation":[-25,0,0],"uv":{"east":{"uv":[123,86],"uv_size":[6,3]},"south":{"uv":[80,139],"uv_size":[2,3]},"west":{"uv":[123,89],"uv_size":[6,3]},"down":{"uv":[114,135],"uv_size":[2,-6]}}},{"origin":[-1,-4.62839,-3.39921],"size":[2,0.5,4.5],"pivot":[-1,-3.62839,-4.39921],"rotation":[-40,0,0],"uv":{"east":{"uv":[140,53],"uv_size":[5,1]},"west":{"uv":[140,56],"uv_size":[5,1]},"up":{"uv":[13,135],"uv_size":[2,5]},"down":{"uv":[42,140],"uv_size":[2,-5]}}},{"origin":[-1,-7.92976,-0.82875],"size":[2,0.5,5.5],"uv":{"east":{"uv":[139,95],"uv_size":[6,1]},"west":{"uv":[139,96],"uv_size":[6,1]},"up":{"uv":[128,129],"uv_size":[2,6]},"down":{"uv":[130,6],"uv_size":[2,-6]}}},{"origin":[-1,-3.02294,1.73619],"size":[2,2.5,5],"pivot":[-1,-3.02294,1.73619],"rotation":[-27.5,0,0],"uv":{"east":{"uv":[125,123],"uv_size":[5,3]},"west":{"uv":[11,126],"uv_size":[5,3]},"down":{"uv":[70,140],"uv_size":[2,-5]}}},{"origin":[-1.5,-4.07294,4.83619],"size":[3,1,1],"pivot":[-0.5,-4.07294,4.83619],"rotation":[-45,0,0],"uv":{"north":{"uv":[144,66],"uv_size":[3,1]},"east":{"uv":[36,147],"uv_size":[1,1]},"south":{"uv":[144,67],"uv_size":[3,1]},"west":{"uv":[147,36],"uv_size":[1,1]},"up":{"uv":[144,68],"uv_size":[3,1]},"down":{"uv":[144,70],"uv_size":[3,-1]}}},{"origin":[-1,-8.33169,5.67125],"size":[2,3,0.5],"pivot":[-1,-5.33169,6.17125],"rotation":[-30,0,0],"uv":{"north":{"uv":[92,139],"uv_size":[2,3]},"east":{"uv":[63,144],"uv_size":[1,3]},"south":{"uv":[96,139],"uv_size":[2,3]},"west":{"uv":[64,144],"uv_size":[1,3]}}},{"origin":[-1.25,-7.63169,4.92125],"size":[2.5,5,2.5],"pivot":[-0.75,-7.63169,4.92125],"rotation":[-25,0,0],"uv":{"north":{"uv":[126,78],"uv_size":[3,5]},"east":{"uv":[116,126],"uv_size":[3,5]},"south":{"uv":[125,126],"uv_size":[3,5]},"west":{"uv":[0,127],"uv_size":[3,5]},"down":{"uv":[135,114],"uv_size":[3,-3]}}},{"origin":[-1,-6.13169,5.22125],"size":[2,1.5,0.5],"uv":{"north":{"uv":[142,38],"uv_size":[2,2]},"east":{"uv":[132,145],"uv_size":[1,2]},"west":{"uv":[133,145],"uv_size":[1,2]}}},{"origin":[-1,-6.23169,-2.62875],"size":[2,1.5,0.5],"uv":{"east":{"uv":[136,145],"uv_size":[1,2]},"south":{"uv":[69,142],"uv_size":[2,2]},"west":{"uv":[137,145],"uv_size":[1,2]}}},{"origin":[-0.5,-7.08169,3.67125],"size":[1,3,0.5],"pivot":[-1.5,-5.08169,4.17125],"rotation":[-10,0,0],"uv":{"north":{"uv":[66,144],"uv_size":[1,3]},"east":{"uv":[69,144],"uv_size":[1,3]},"south":{"uv":[70,144],"uv_size":[1,3]},"west":{"uv":[144,70],"uv_size":[1,3]},"down":{"uv":[147,38],"uv_size":[1,-1]}}},{"origin":[-2.25,-4.39738,15.37506],"size":[4.5,1.98,4.835],"pivot":[-0.75,-2.89738,14.72506],"rotation":[-25,0,0],"uv":{"east":{"uv":[134,40],"uv_size":[5,2]},"south":{"uv":[134,42],"uv_size":[5,2]},"west":{"uv":[134,74],"uv_size":[5,2]},"up":{"uv":[116,116],"uv_size":[5,5]}}},{"origin":[-2.25,-8.08124,11.91264],"size":[4.5,4,4.5],"pivot":[-1.75,-4.08124,11.91264],"rotation":[-12.5,0,0],"uv":{"north":{"uv":[11,122],"uv_size":[5,4]},"east":{"uv":[122,26],"uv_size":[5,4]},"south":{"uv":[122,30],"uv_size":[5,4]},"west":{"uv":[122,74],"uv_size":[5,4]}}},{"origin":[-2.25,-19.38244,14.7452],"size":[4.5,11,1],"pivot":[-1.75,-9.38244,15.7452],"rotation":[27.5,0,0],"uv":{"east":{"uv":[23,130],"uv_size":[1,11]},"south":{"uv":[100,0],"uv_size":[5,11]},"west":{"uv":[51,130],"uv_size":[1,11]}}},{"origin":[-2.25,-19.75255,13.36268],"size":[4.5,1.5,7],"pivot":[-2.25,-18.25255,20.36268],"rotation":[8,0,0],"uv":{"east":{"uv":[128,65],"uv_size":[7,2]},"south":{"uv":[135,56],"uv_size":[5,2]},"west":{"uv":[128,67],"uv_size":[7,2]},"down":{"uv":[107,23],"uv_size":[5,-7]}}},{"origin":[-1.75,-21.46737,10.86371],"size":[3.5,1.5,1.5],"pivot":[-2.75,-19.96737,12.36371],"rotation":[40.5,0,0],"uv":{"north":{"uv":[137,104],"uv_size":[4,2]},"east":{"uv":[142,74],"uv_size":[2,2]},"west":{"uv":[78,142],"uv_size":[2,2]},"up":{"uv":[134,137],"uv_size":[4,2]},"down":{"uv":[25,140],"uv_size":[4,-2]}}},{"origin":[-2.25,-6.5749,15.56223],"size":[4.5,2,3.5],"pivot":[-1.75,-6.5749,19.06223],"rotation":[12.5,0,0],"uv":{"east":{"uv":[29,138],"uv_size":[4,2]},"west":{"uv":[138,34],"uv_size":[4,2]},"down":{"uv":[16,127],"uv_size":[5,-4]}}},{"origin":[-2.25,-22.64104,7.21147],"size":[4.5,13.75,7],"pivot":[-1.75,-8.89104,7.21147],"rotation":[25,0,0],"uv":{"north":{"uv":[93,24],"uv_size":[5,14]},"east":{"uv":[52,73],"uv_size":[7,14]},"west":{"uv":[59,73],"uv_size":[7,14]},"up":{"uv":[99,107],"uv_size":[5,7]},"down":{"uv":[94,115],"uv_size":[5,-7]}}},{"origin":[-2.25,-4.89104,11.71147],"size":[4.5,2.5,2.5],"pivot":[-0.75,-2.89104,14.71147],"rotation":[32.5,0,0],"uv":{"east":{"uv":[114,135],"uv_size":[3,3]},"west":{"uv":[135,114],"uv_size":[3,3]},"up":{"uv":[127,26],"uv_size":[5,3]}}},{"origin":[-2.25,-4.23799,14.02112],"size":[4.5,1.5,1.5],"uv":{"east":{"uv":[80,142],"uv_size":[2,2]},"west":{"uv":[83,142],"uv_size":[2,2]},"up":{"uv":[135,88],"uv_size":[5,2]}}},{"origin":[-1.6503,-7.48931,6.66817],"size":[3.3006,5.5,6],"pivot":[-2.75,-7.48931,6.66817],"rotation":[-14,0,0],"uv":{"north":{"uv":[38,122],"uv_size":[3,6]},"east":{"uv":[106,96],"uv_size":[6,6]},"west":{"uv":[106,102],"uv_size":[6,6]},"up":{"uv":[109,122],"uv_size":[3,6]}}},{"origin":[-2.0503,-9.48931,6.66817],"size":[4.1006,2,2.5],"pivot":[-2.2503,-7.48931,6.66817],"rotation":[30,0,0],"uv":{"north":{"uv":[138,36],"uv_size":[4,2]},"east":{"uv":[139,97],"uv_size":[3,2]},"west":{"uv":[139,110],"uv_size":[3,2]},"up":{"uv":[129,109],"uv_size":[4,3]}}},{"origin":[1.9253,0.25664,14.30091],"size":[0.5,0.5,2.65],"pivot":[1.9253,0.75664,14.30091],"rotation":[-52.5,0,0],"uv":{"east":{"uv":[144,73],"uv_size":[3,1]},"west":{"uv":[144,74],"uv_size":[3,1]},"up":{"uv":[144,75],"uv_size":[1,3]},"down":{"uv":[78,147],"uv_size":[1,-3]}}},{"origin":[-2.4253,0.25664,14.30091],"size":[0.5,0.5,2.65],"pivot":[-2.4253,0.75664,14.30091],"rotation":[-52.5,0,0],"uv":{"east":{"uv":[144,78],"uv_size":[3,1]},"west":{"uv":[79,144],"uv_size":[3,1]},"up":{"uv":[144,79],"uv_size":[1,3]},"down":{"uv":[83,147],"uv_size":[1,-3]}}},{"origin":[1.9253,-1.8362,13.25763],"size":[0.5,0.5,2.65],"uv":{"east":{"uv":[144,82],"uv_size":[3,1]},"south":{"uv":[147,40],"uv_size":[1,1]},"west":{"uv":[144,83],"uv_size":[3,1]},"up":{"uv":[84,144],"uv_size":[1,3]}}},{"origin":[-2.4253,-1.8362,13.25763],"size":[0.5,0.5,2.65],"uv":{"east":{"uv":[144,89],"uv_size":[3,1]},"south":{"uv":[147,41],"uv_size":[1,1]},"west":{"uv":[144,90],"uv_size":[3,1]},"up":{"uv":[89,144],"uv_size":[1,3]}}},{"origin":[1.9253,-1.8362,7.25763],"size":[0.5,2.15,6],"uv":{"east":{"uv":[128,121],"uv_size":[6,2]},"west":{"uv":[129,56],"uv_size":[6,2]}}},{"origin":[-2.4253,-1.8362,7.25763],"size":[0.5,2.15,6],"uv":{"east":{"uv":[130,9],"uv_size":[6,2]},"west":{"uv":[15,130],"uv_size":[6,2]}}},{"origin":[-2.4253,0.30274,8.75763],"size":[0.5,2.75,6],"pivot":[-1.9682,3.05274,8.75763],"rotation":[-22.5,0,0],"uv":{"east":{"uv":[124,0],"uv_size":[6,3]},"south":{"uv":[98,144],"uv_size":[1,3]},"west":{"uv":[124,3],"uv_size":[6,3]}}},{"origin":[1.9253,0.30274,8.75763],"size":[0.5,2.75,6],"pivot":[1.4253,3.05274,8.75763],"rotation":[-22.5,0,0],"uv":{"east":{"uv":[124,6],"uv_size":[6,3]},"south":{"uv":[102,144],"uv_size":[1,3]},"west":{"uv":[124,9],"uv_size":[6,3]}}},{"origin":[-2.70355,3.85355,9.15],"size":[1.45,0.5,4.5],"pivot":[-0.9,4,9.15],"rotation":[-16.325,-15.6998,-42.7342],"uv":{"up":{"uv":[52,142],"uv_size":[1,4]},"down":{"uv":[55,146],"uv_size":[1,-4]}}},{"origin":[-2.57175,0.58328,12.93621],"size":[0.5,0.5,1.5],"pivot":[-2.07175,1.08328,14.43621],"rotation":[-16.325,-15.6998,-42.7342],"uv":{"south":{"uv":[44,147],"uv_size":[1,1]},"up":{"uv":[45,147],"uv_size":[1,1]},"down":{"uv":[147,46],"uv_size":[1,-1]}}},{"origin":[-2.57175,0.58328,12.63621],"size":[0.5,0.5,1.8],"pivot":[-2.07175,1.08328,14.43621],"rotation":[-22.7169,-45.5162,-30.6355],"uv":{"west":{"uv":[146,2],"uv_size":[2,1]},"up":{"uv":[3,146],"uv_size":[1,2]},"down":{"uv":[146,5],"uv_size":[1,-2]}}},{"origin":[-3.07175,0.58328,12.93621],"size":[0.5,0.5,0.75],"pivot":[-2.07175,1.08328,14.43621],"rotation":[-22.7169,-45.5162,-30.6355],"uv":{"up":{"uv":[49,147],"uv_size":[1,1]},"down":{"uv":[147,50],"uv_size":[1,-1]}}},{"origin":[-1.4,3.5,9.15],"size":[2.8,0.5,4.5],"pivot":[0.15,4,9.15],"rotation":[-22.5,0,0],"uv":{"south":{"uv":[144,102],"uv_size":[3,1]},"up":{"uv":[130,34],"uv_size":[3,4]},"down":{"uv":[44,134],"uv_size":[3,-4]}}},{"origin":[1.25355,3.85355,9.15],"size":[1.45,0.5,4.5],"pivot":[0.9,4,9.15],"rotation":[-16.325,15.6998,42.7342],"uv":{"south":{"uv":[147,50],"uv_size":[1,1]},"up":{"uv":[71,142],"uv_size":[1,4]},"down":{"uv":[85,146],"uv_size":[1,-4]}}},{"origin":[2.07175,0.58328,12.63621],"size":[0.5,0.5,1.8],"pivot":[2.07175,1.08328,14.43621],"rotation":[-22.7169,45.5162,30.6355],"uv":{"east":{"uv":[146,5],"uv_size":[2,1]},"up":{"uv":[146,6],"uv_size":[1,2]},"down":{"uv":[10,148],"uv_size":[1,-2]}}},{"origin":[2.57175,0.58328,12.93621],"size":[0.5,0.5,0.75],"pivot":[2.07175,1.08328,14.43621],"rotation":[-22.7169,45.5162,30.6355],"uv":{"up":{"uv":[54,147],"uv_size":[1,1]},"down":{"uv":[55,148],"uv_size":[1,-1]}}},{"origin":[2.07175,0.58328,12.93621],"size":[0.5,0.5,1.5],"pivot":[2.07175,1.08328,14.43621],"rotation":[-16.325,15.6998,42.7342],"uv":{"south":{"uv":[57,147],"uv_size":[1,1]},"up":{"uv":[58,147],"uv_size":[1,1]},"down":{"uv":[147,59],"uv_size":[1,-1]}}},{"origin":[-4.35919,5.95693,-26.09373],"size":[0.6372,0.6372,21.5],"pivot":[-0.15907,0.25986,2.41082],"rotation":[0,0,45],"uv":{"north":{"uv":[59,147],"uv_size":[1,1]},"south":{"uv":[147,59],"uv_size":[1,1]},"west":{"uv":[118,23],"uv_size":[22,1]},"up":{"uv":[98,115],"uv_size":[1,22]}}},{"origin":[-6.1366,3.72955,-26.09373],"size":[0.6372,0.6372,21.5],"pivot":[0.29091,0.25983,2.41082],"rotation":[0,0,45],"uv":{"north":{"uv":[60,147],"uv_size":[1,1]},"east":{"uv":[118,24],"uv_size":[22,1]},"south":{"uv":[147,60],"uv_size":[1,1]},"down":{"uv":[66,140],"uv_size":[1,-22]}}},{"origin":[-1.35,5.83,-26.09373],"size":[2.7,1.8788,21.50004],"uv":{"north":{"uv":[139,112],"uv_size":[3,2]},"east":{"uv":[100,74],"uv_size":[22,2]},"south":{"uv":[139,114],"uv_size":[3,2]},"west":{"uv":[100,76],"uv_size":[22,2]},"up":{"uv":[22,93],"uv_size":[3,22]}}}]},{"name":"slide","parent":"gun","pivot":[0,5.3,-24.5],"cubes":[{"origin":[-1,4.05,-24.5],"size":[2,1.5,15.5],"uv":{"north":{"uv":[96,142],"uv_size":[2,2]},"south":{"uv":[142,111],"uv_size":[2,2]},"up":{"uv":[63,113],"uv_size":[2,16]}}},{"origin":[-2.5,4.55,-24.5],"size":[1.5,1,15.5],"pivot":[-1,5.55,-24],"rotation":[0,0,-45],"uv":{"north":{"uv":[146,8],"uv_size":[2,1]},"south":{"uv":[146,11],"uv_size":[2,1]},"up":{"uv":[46,114],"uv_size":[2,16]}}},{"origin":[-2.06084,0.48934,-24.5],"size":[4.1215,4,15.5],"uv":{"north":{"uv":[125,109],"uv_size":[4,4]},"east":{"uv":[93,44],"uv_size":[16,4]},"south":{"uv":[112,125],"uv_size":[4,4]},"west":{"uv":[95,88],"uv_size":[16,4]}}},{"origin":[-2.93934,2.43934,-22],"size":[1.5,1,1],"pivot":[-1.43934,2.93934,-21.5],"rotation":[-45,0,0],"uv":{"north":{"uv":[12,146],"uv_size":[2,1]},"south":{"uv":[146,12],"uv_size":[2,1]},"up":{"uv":[14,146],"uv_size":[2,1]},"down":{"uv":[146,16],"uv_size":[2,-1]}}},{"origin":[1,4.55,-24.5],"size":[1.5,1,15.5],"pivot":[1,5.55,-24],"rotation":[0,0,45],"uv":{"north":{"uv":[146,16],"uv_size":[2,1]},"south":{"uv":[146,18],"uv_size":[2,1]},"up":{"uv":[50,114],"uv_size":[2,16]}}},{"origin":[-6.56975,1.70207,-21.8465],"size":[1.0395,2.50958,3.5],"pivot":[-6.05,2.04857,-21.5],"rotation":[0,90,0],"uv":{"north":{"uv":[103,144],"uv_size":[1,3]},"south":{"uv":[104,144],"uv_size":[1,3]},"up":{"uv":[86,142],"uv_size":[1,4]},"down":{"uv":[108,146],"uv_size":[1,-4]}}},{"origin":[-7.0895,2.33562,-22.85627],"size":[1.0395,2.50958,3.5],"pivot":[-6.05,2.68212,-22.50977],"rotation":[-90,45,-90],"uv":{"north":{"uv":[105,144],"uv_size":[1,3]},"south":{"uv":[107,144],"uv_size":[1,3]},"up":{"uv":[121,142],"uv_size":[1,4]},"down":{"uv":[122,146],"uv_size":[1,-4]}}},{"origin":[-6.05,2.33562,-20.83673],"size":[1.0395,2.50958,3.5],"pivot":[-6.05,2.68212,-20.49023],"rotation":[90,45,90],"uv":{"north":{"uv":[116,144],"uv_size":[1,3]},"south":{"uv":[144,121],"uv_size":[1,3]},"up":{"uv":[123,142],"uv_size":[1,4]},"down":{"uv":[142,138],"uv_size":[1,-4]}}},{"origin":[-8.90608,2.43711,-22.75479],"size":[2.50958,1.0395,3.5],"pivot":[-6.3965,3.47661,-22.75479],"rotation":[0,90,0],"uv":{"north":{"uv":[144,107],"uv_size":[3,1]},"east":{"uv":[142,113],"uv_size":[4,1]},"south":{"uv":[144,108],"uv_size":[3,1]},"west":{"uv":[142,114],"uv_size":[4,1]}}}]},{"name":"ammo_track","parent":"gun","pivot":[0,-1.5,-9.3],"rotation":[8,0,0],"cubes":[{"origin":[-1.25,-1.5,-22.3],"size":[2.5,0.5,15],"uv":{"east":{"uv":[125,100],"uv_size":[15,1]},"west":{"uv":[127,32],"uv_size":[15,1]},"down":{"uv":[104,26],"uv_size":[3,-15]}}}]},{"name":"left_arm","parent":"gun","pivot":[14.6,-21.5,-0.8],"rotation":[-89.2189,24.49915,57.1384],"cubes":[{"origin":[10.1,-75.5,-6.8],"size":[9,54,12],"uv":{"north":{"uv":[42,33],"uv_size":[21,126]},"east":{"uv":[14,33],"uv_size":[28,126]},"south":{"uv":[91,33],"uv_size":[21,126]},"west":{"uv":[63,33],"uv_size":[28,126]},"down":{"uv":[63,33],"uv_size":[21,-28]}}}]},{"name":"right_arm","parent":"gun","pivot":[-7.49854,-11.47481,53.46086],"rotation":[-92.77735,-7.76178,5.37425],"cubes":[{"origin":[-12.04854,-65.47481,47.46086],"size":[9,54,12],"uv":{"up":{"uv":[63,41],"uv_size":[6,8]},"down":{"uv":[63,57],"uv_size":[6,-8]}}}]},{"name":"reloading_arm","parent":"gun","pivot":[0.01895,-78.92206,29.31852],"rotation":[-130.79935,0,0]},{"name":"shell","parent":"reloading_arm","pivot":[0.08494,-129.11407,21.97495],"rotation":[-52.5,0,0],"cubes":[{"origin":[-0.63407,-130.92239,21.97275],"size":[1.43802,3.47195,11],"uv":{"north":{"uv":[124,144],"uv_size":[1,3]},"south":{"uv":[125,144],"uv_size":[1,3]},"up":{"uv":[69,131],"uv_size":[1,11]},"down":{"uv":[121,142],"uv_size":[1,-11]}}},{"origin":[0.38257,-130.74785,21.97275],"size":[1.43802,3.47195,11],"pivot":[0.38257,-127.87182,22.69176],"rotation":[0,0,45],"uv":{"north":{"uv":[126,144],"uv_size":[1,3]},"south":{"uv":[127,144],"uv_size":[1,3]},"up":{"uv":[122,131],"uv_size":[1,11]},"down":{"uv":[123,142],"uv_size":[1,-11]}}},{"origin":[-1.65117,-129.90529,21.97275],"size":[3.47195,1.43802,11],"uv":{"north":{"uv":[144,116],"uv_size":[3,1]},"east":{"uv":[130,11],"uv_size":[11,1]},"south":{"uv":[144,124],"uv_size":[3,1]},"west":{"uv":[131,38],"uv_size":[11,1]}}},{"origin":[-1.65117,-131.34331,21.97275],"size":[3.47195,1.43802,11],"pivot":[1.82078,-129.90529,21.97275],"rotation":[0,0,45],"uv":{"north":{"uv":[144,129],"uv_size":[3,1]},"east":{"uv":[131,39],"uv_size":[11,1]},"south":{"uv":[144,130],"uv_size":[3,1]},"west":{"uv":[131,85],"uv_size":[11,1]}}}]},{"name":"s_muzzle","parent":"gun","pivot":[0,3.9,-101.4]},{"name":"s_scope","parent":"gun","pivot":[0,7.7088,-15.3437]},{"name":"camera","parent":"root","pivot":[6,12.5,23]}]}]}