{"format_version":"1.12.0","minecraft:geometry":[{"description":{"identifier":"geometry.unknown","texture_width":32,"texture_height":32,"visible_bounds_width":2,"visible_bounds_height":1.5,"visible_bounds_offset":[0,0.25,0]},"bones":[{"name":"root","pivot":[0,0,0]},{"name":"pistol","parent":"root","pivot":[0,0,0],"cubes":[{"origin":[-0.9,-0.1,-1.5],"size":[1.2,1.2,3],"pivot":[-0.7,-0.1,-0.5],"rotation":[0,0,45],"uv":{"north":{"uv":[17,8],"uv_size":[1,1]},"east":{"uv":[3,16],"uv_size":[3,1]},"south":{"uv":[17,9],"uv_size":[1,1]},"west":{"uv":[6,16],"uv_size":[3,1]},"up":{"uv":[9,16],"uv_size":[1,3]},"down":{"uv":[10,19],"uv_size":[1,-3]}}}]},{"name":"rifle","parent":"root","pivot":[0,0,0],"cubes":[{"origin":[-0.9,-0.09,-3.6],"size":[1.08,1.08,1.35],"pivot":[-0.72,-0.09,-2.7],"rotation":[0,0,45],"uv":{"north":{"uv":[11,17],"uv_size":[1,1]},"east":{"uv":[5,17],"uv_size":[1.5,1]},"west":{"uv":[17,5],"uv_size":[1.5,1]},"up":{"uv":[7,17],"uv_size":[1,1.5]},"down":{"uv":[8,18.5],"uv_size":[1,-1.5]}}},{"origin":[-1.17,-0.27,-2.25],"size":[1.35,1.35,5.4],"pivot":[-0.72,-0.27,-1.35],"rotation":[0,0,45],"uv":{"north":{"uv":[3,17],"uv_size":[1.5,1.5]},"east":{"uv":[9,6],"uv_size":[5.5,1.5]},"south":{"uv":[17,3],"uv_size":[1.5,1.5]},"west":{"uv":[11,8],"uv_size":[5.5,1.5]},"up":{"uv":[11,10],"uv_size":[1.5,5.5]},"down":{"uv":[13,15.5],"uv_size":[1.5,-5.5]}}}]},{"name":"shotgun","parent":"root","pivot":[0,0,0],"cubes":[{"origin":[-1.3247,-1.65156,-3.99],"size":[2.6492,1.09725,8],"pivot":[1.3245,-0.55431,-4],"rotation":[0,0,45],"uv":{"north":{"uv":[16,10],"uv_size":[2.5,1]},"east":{"uv":[3,14],"uv_size":[8,1]},"south":{"uv":[11,16],"uv_size":[2.5,1]},"west":{"uv":[3,15],"uv_size":[8,1]},"up":{"uv":[0,0],"uv_size":[2.5,8]},"down":{"uv":[3,8],"uv_size":[2.5,-8]}}},{"origin":[-1.3247,-0.55431,-4],"size":[2.6492,1.09725,8],"uv":{"north":{"uv":[16,11],"uv_size":[2.5,1]},"east":{"uv":[15,6],"uv_size":[8,1]},"south":{"uv":[16,12],"uv_size":[2.5,1]},"west":{"uv":[15,7],"uv_size":[8,1]}}},{"origin":[0.2271,-1.19721,-4],"size":[1.09725,2.6492,8],"pivot":[0.2271,0.99729,-3.45138],"rotation":[0,0,45],"uv":{"north":{"uv":[16,13],"uv_size":[1,2.5]},"south":{"uv":[14,16],"uv_size":[1,2.5]},"up":{"uv":[15,10],"uv_size":[1,8]},"down":{"uv":[0,24],"uv_size":[1,-8]}}},{"origin":[-0.54862,-1.33039,-4],"size":[1.09725,2.6492,8],"uv":{"north":{"uv":[16,16],"uv_size":[1,2.5]},"south":{"uv":[17,0],"uv_size":[1,2.5]},"up":{"uv":[1,16],"uv_size":[1,8]},"down":{"uv":[2,24],"uv_size":[1,-8]}}}]}]}]}