{"format_version":"1.12.0","minecraft:geometry":[{"description":{"identifier":"geometry.unknown","texture_width":256,"texture_height":256,"visible_bounds_width":11,"visible_bounds_height":4,"visible_bounds_offset":[0,0,0]},"bones":[{"name":"root","pivot":[0,0,0]},{"name":"gun","parent":"root","pivot":[0,0,0]},{"name":"barrel","parent":"gun","pivot":[0,0,0],"cubes":[{"origin":[-1.39442,2.05004,-69.305],"size":[2.78863,1.155,50],"pivot":[1.39421,3.20504,-69.305],"rotation":[0,0,45],"uv":{"north":{"uv":[106,112],"uv_size":[3,1]},"east":{"uv":[92,78],"uv_size":[50,1]},"west":{"uv":[102,49],"uv_size":[50,1]}}},{"origin":[-1.39442,3.20504,-69.305],"size":[2.78863,1.155,50],"uv":{"north":{"uv":[52,150],"uv_size":[3,1]},"east":{"uv":[102,50],"uv_size":[50,1]},"west":{"uv":[102,51],"uv_size":[50,1]}}},{"origin":[0.23906,2.5283,-69.305],"size":[1.155,2.78863,50],"pivot":[0.23906,4.8383,-68.7275],"rotation":[0,0,45],"uv":{"north":{"uv":[93,126],"uv_size":[1,3]},"up":{"uv":[52,97],"uv_size":[1,50]},"down":{"uv":[49,149],"uv_size":[1,-50]}}},{"origin":[-0.5775,2.38811,-69.305],"size":[1.155,2.78863,50],"uv":{"north":{"uv":[138,37],"uv_size":[1,3]},"up":{"uv":[28,101],"uv_size":[1,50]},"down":{"uv":[29,151],"uv_size":[1,-50]}}},{"origin":[-0.50539,2.54223,-84.09868],"size":[1.01079,2.44044,15],"uv":{"up":{"uv":[58,85],"uv_size":[1,15]},"down":{"uv":[0,149],"uv_size":[1,-15]}}},{"origin":[0.20921,2.66492,-84.09868],"size":[1.01079,2.44044,15],"pivot":[0.20921,4.68649,-83.59328],"rotation":[0,0,45],"uv":{"up":{"uv":[1,134],"uv_size":[1,15]},"down":{"uv":[8,149],"uv_size":[1,-15]}}},{"origin":[-1.22032,3.25716,-84.09868],"size":[2.44044,1.01079,15],"uv":{"east":{"uv":[133,70],"uv_size":[15,1]},"west":{"uv":[133,71],"uv_size":[15,1]}}},{"origin":[-1.22032,2.24637,-84.09868],"size":[2.44044,1.01079,15],"pivot":[1.22013,3.25716,-84.09868],"rotation":[0,0,45],"uv":{"east":{"uv":[133,87],"uv_size":[15,1]},"west":{"uv":[133,88],"uv_size":[15,1]}}},{"origin":[-1.39442,2.05004,-82.305],"size":[2.78863,1.155,7],"pivot":[1.39421,3.20504,-82.305],"rotation":[0,0,45],"uv":{"north":{"uv":[150,84],"uv_size":[3,1]},"east":{"uv":[80,15],"uv_size":[7,1]},"south":{"uv":[150,87],"uv_size":[3,1]},"west":{"uv":[145,113],"uv_size":[7,1]}}},{"origin":[-1.39442,3.20504,-82.305],"size":[2.78863,1.155,7],"uv":{"north":{"uv":[150,88],"uv_size":[3,1]},"east":{"uv":[145,128],"uv_size":[7,1]},"south":{"uv":[92,150],"uv_size":[3,1]},"west":{"uv":[145,137],"uv_size":[7,1]}}},{"origin":[0.23906,2.5283,-82.305],"size":[1.155,2.78863,7],"pivot":[0.23906,4.8383,-81.7275],"rotation":[0,0,45],"uv":{"north":{"uv":[47,150],"uv_size":[1,3]},"south":{"uv":[48,150],"uv_size":[1,3]},"up":{"uv":[65,143],"uv_size":[1,7]},"down":{"uv":[15,152],"uv_size":[1,-7]}}},{"origin":[-0.5775,2.38811,-82.305],"size":[1.155,2.78863,7],"uv":{"north":{"uv":[65,150],"uv_size":[1,3]},"south":{"uv":[82,150],"uv_size":[1,3]},"up":{"uv":[86,145],"uv_size":[1,7]},"down":{"uv":[104,152],"uv_size":[1,-7]}}},{"origin":[-1.67331,1.70146,-62.546],"size":[3.34636,1.386,2.5],"pivot":[1.67305,3.08746,-62.546],"rotation":[0,0,45],"uv":{"north":{"uv":[150,97],"uv_size":[3,1]},"east":{"uv":[150,98],"uv_size":[3,1]},"south":{"uv":[150,99],"uv_size":[3,1]},"west":{"uv":[100,150],"uv_size":[3,1]}}},{"origin":[-1.67331,3.08746,-62.546],"size":[3.34636,1.386,2.5],"uv":{"north":{"uv":[150,100],"uv_size":[3,1]},"east":{"uv":[150,101],"uv_size":[3,1]},"south":{"uv":[150,102],"uv_size":[3,1]},"west":{"uv":[150,106],"uv_size":[3,1]}}},{"origin":[0.28687,2.27538,-62.546],"size":[1.386,3.34636,2.5],"pivot":[0.28687,5.04738,-61.853],"rotation":[0,0,45],"uv":{"north":{"uv":[83,150],"uv_size":[1,3]},"south":{"uv":[95,150],"uv_size":[1,3]},"up":{"uv":[103,150],"uv_size":[1,3]},"down":{"uv":[105,153],"uv_size":[1,-3]}}},{"origin":[-0.693,2.10716,-62.546],"size":[1.386,3.34636,2.5],"uv":{"north":{"uv":[106,150],"uv_size":[1,3]},"south":{"uv":[150,107],"uv_size":[1,3]},"up":{"uv":[110,150],"uv_size":[1,3]},"down":{"uv":[111,153],"uv_size":[1,-3]}}},{"origin":[-1.67331,1.70146,-56.546],"size":[3.34636,1.386,2.5],"pivot":[1.67305,3.08746,-56.546],"rotation":[0,0,45],"uv":{"north":{"uv":[112,150],"uv_size":[3,1]},"east":{"uv":[150,114],"uv_size":[3,1]},"west":{"uv":[150,117],"uv_size":[3,1]}}},{"origin":[-1.67331,3.08746,-56.546],"size":[3.34636,1.386,2.5],"uv":{"north":{"uv":[118,150],"uv_size":[3,1]},"east":{"uv":[150,118],"uv_size":[3,1]},"west":{"uv":[150,120],"uv_size":[3,1]}}},{"origin":[0.28687,2.27538,-56.546],"size":[1.386,3.34636,2.5],"pivot":[0.28687,5.04738,-55.853],"rotation":[0,0,45],"uv":{"north":{"uv":[115,150],"uv_size":[1,3]},"up":{"uv":[150,121],"uv_size":[1,3]},"down":{"uv":[122,153],"uv_size":[1,-3]}}},{"origin":[-0.693,2.10716,-56.546],"size":[1.386,3.34636,2.5],"uv":{"north":{"uv":[123,150],"uv_size":[1,3]},"up":{"uv":[125,150],"uv_size":[1,3]},"down":{"uv":[128,153],"uv_size":[1,-3]}}}]},{"name":"front_IS","parent":"gun","pivot":[0,6.75,-58],"cubes":[{"origin":[-0.25,13,-61.15],"size":[0.5,1.6,0.5],"uv":{"north":{"uv":[55,153],"uv_size":[1,2]},"east":{"uv":[56,153],"uv_size":[1,2]},"south":{"uv":[57,153],"uv_size":[1,2]},"west":{"uv":[58,153],"uv_size":[1,2]},"up":{"uv":[125,135],"uv_size":[1,1]}}},{"origin":[-1.1,4.3,-62.4],"size":[2.2,8.5,0.5],"uv":{"north":{"uv":[32,43],"uv_size":[2,9]},"east":{"uv":[91,137],"uv_size":[1,9]},"south":{"uv":[26,127],"uv_size":[2,9]},"west":{"uv":[58,140],"uv_size":[1,9]}}},{"origin":[0.6,13.29813,-62.4],"size":[0.5,1.915,1.8925],"pivot":[0.6,13.29813,-62.4],"rotation":[0,0,6],"uv":{"north":{"uv":[61,153],"uv_size":[1,2]},"east":{"uv":[32,52],"uv_size":[2,2]},"west":{"uv":[123,83],"uv_size":[2,2]},"up":{"uv":[65,153],"uv_size":[1,2]}}},{"origin":[-1.1,12.79813,-62.4],"size":[2.2,0.5,3.5],"uv":{"north":{"uv":[66,153],"uv_size":[2,1]},"east":{"uv":[139,46],"uv_size":[4,1]},"west":{"uv":[148,76],"uv_size":[4,1]},"up":{"uv":[88,108],"uv_size":[2,4]},"down":{"uv":[96,145],"uv_size":[2,-4]}}},{"origin":[0.6,13.28942,-60.28604],"size":[0.5,1.5,0.75],"pivot":[0.6,13.28942,-59.53604],"rotation":[40,0,6],"uv":{"east":{"uv":[153,70],"uv_size":[1,2]},"west":{"uv":[73,153],"uv_size":[1,2]}}},{"origin":[-1.1,13.28942,-60.28604],"size":[0.5,1.5,0.75],"pivot":[-0.6,13.28942,-59.53604],"rotation":[40,0,-6],"uv":{"east":{"uv":[77,153],"uv_size":[1,2]},"west":{"uv":[79,153],"uv_size":[1,2]}}},{"origin":[0.6,12.79813,-61.4],"size":[0.5,0.5,2.5],"pivot":[0.6,13.29813,-58.9],"rotation":[-50,0,6],"uv":{"east":{"uv":[150,124],"uv_size":[3,1]},"west":{"uv":[150,125],"uv_size":[3,1]},"up":{"uv":[129,150],"uv_size":[1,3]}}},{"origin":[-1.1,12.79813,-61.4],"size":[0.5,0.5,2.5],"pivot":[-0.6,13.29813,-58.9],"rotation":[-50,0,-6],"uv":{"east":{"uv":[150,138],"uv_size":[3,1]},"west":{"uv":[150,139],"uv_size":[3,1]},"up":{"uv":[131,150],"uv_size":[1,3]}}},{"origin":[-1.1,13.29813,-62.4],"size":[0.5,1.915,1.8925],"pivot":[-0.6,13.29813,-62.4],"rotation":[0,0,-6],"uv":{"north":{"uv":[82,153],"uv_size":[1,2]},"east":{"uv":[148,79],"uv_size":[2,2]},"west":{"uv":[148,81],"uv_size":[2,2]},"up":{"uv":[153,83],"uv_size":[1,2]}}},{"origin":[-0.5,5.65373,-62.19327],"size":[1,2,8],"uv":{"east":{"uv":[105,21],"uv_size":[8,2]},"west":{"uv":[132,130],"uv_size":[8,2]},"up":{"uv":[73,63],"uv_size":[1,8]},"down":{"uv":[90,148],"uv_size":[1,-8]}}},{"origin":[-0.5,11.00373,-62.04327],"size":[1,2,2],"uv":{"east":{"uv":[82,148],"uv_size":[2,2]},"south":{"uv":[98,153],"uv_size":[1,2]},"west":{"uv":[148,83],"uv_size":[2,2]},"down":{"uv":[153,102],"uv_size":[1,-2]}}},{"origin":[-0.25,7.65373,-62.04327],"size":[0.5,3.5,1],"uv":{"east":{"uv":[87,148],"uv_size":[1,4]},"south":{"uv":[88,148],"uv_size":[1,4]},"west":{"uv":[89,148],"uv_size":[1,4]}}},{"origin":[-1.1,5.91511,-59.07861],"size":[2.2,7.5,0.5],"pivot":[-0.9,12.91511,-58.57861],"rotation":[40,0,0],"uv":{"north":{"uv":[17,131],"uv_size":[2,8]},"east":{"uv":[6,142],"uv_size":[1,8]},"south":{"uv":[19,131],"uv_size":[2,8]},"west":{"uv":[7,142],"uv_size":[1,8]}}},{"origin":[-1.1,3.0528,-54.57909],"size":[2.2,4.5,0.5],"uv":{"north":{"uv":[6,137],"uv_size":[2,5]},"east":{"uv":[76,147],"uv_size":[1,5]},"south":{"uv":[59,138],"uv_size":[2,5]},"west":{"uv":[107,147],"uv_size":[1,5]}}},{"origin":[-0.5,0.65373,-62.24327],"size":[1,2,2],"uv":{"north":{"uv":[103,153],"uv_size":[1,2]},"east":{"uv":[148,87],"uv_size":[2,2]},"south":{"uv":[153,105],"uv_size":[1,2]},"west":{"uv":[92,148],"uv_size":[2,2]},"down":{"uv":[108,155],"uv_size":[1,-2]}}},{"origin":[-0.5,0.65373,-56.14327],"size":[1,2,2],"uv":{"north":{"uv":[109,153],"uv_size":[1,2]},"east":{"uv":[94,148],"uv_size":[2,2]},"south":{"uv":[110,153],"uv_size":[1,2]},"west":{"uv":[148,97],"uv_size":[2,2]},"down":{"uv":[111,155],"uv_size":[1,-2]}}}]},{"name":"handguard","parent":"gun","pivot":[0,3.73817,-25.36522],"cubes":[{"origin":[-3.35967,5.12951,-52.46402],"size":[1.9012,1.96759,27.6165],"pivot":[-3.35967,7.09709,-24.84752],"rotation":[-0.414,-1,45],"uv":{"north":{"uv":[148,99],"uv_size":[2,2]},"east":{"uv":[75,31],"uv_size":[29,2]},"south":{"uv":[148,101],"uv_size":[2,2]}}},{"origin":[-3.35967,7.09707,-52.46402],"size":[1.9012,1.96759,27.6165],"pivot":[-3.35967,7.09709,-24.84752],"rotation":[0.414,-1,45],"uv":{"north":{"uv":[110,148],"uv_size":[2,2]},"east":{"uv":[75,35],"uv_size":[29,2]},"south":{"uv":[112,148],"uv_size":[2,2]}}},{"origin":[1.45768,-1.58906,-52.46402],"size":[1.9012,1.96759,27.6165],"pivot":[3.35888,0.37849,-24.84752],"rotation":[-0.414,1,45],"uv":{"north":{"uv":[118,148],"uv_size":[2,2]},"south":{"uv":[120,148],"uv_size":[2,2]},"west":{"uv":[79,4],"uv_size":[29,2]}}},{"origin":[1.45768,0.37857,-52.46402],"size":[1.9012,1.96759,27.6165],"pivot":[3.35888,0.37849,-24.84752],"rotation":[0.414,1,45],"uv":{"north":{"uv":[148,120],"uv_size":[2,2]},"south":{"uv":[122,148],"uv_size":[2,2]},"west":{"uv":[84,6],"uv_size":[29,2]}}},{"origin":[-4.75097,1.77058,-52.46402],"size":[1.9012,1.96759,27.6165],"pivot":[-4.75097,3.73815,-24.84752],"rotation":[-0.414,-1,0],"uv":{"north":{"uv":[148,122],"uv_size":[2,2]},"east":{"uv":[84,8],"uv_size":[29,2]},"south":{"uv":[124,148],"uv_size":[2,2]}}},{"origin":[-4.75097,3.73815,-52.46402],"size":[1.9012,1.96759,27.6165],"pivot":[-4.75097,3.73815,-24.84752],"rotation":[0.414,-1,0],"uv":{"north":{"uv":[148,124],"uv_size":[2,2]},"east":{"uv":[84,25],"uv_size":[29,2]},"south":{"uv":[148,138],"uv_size":[2,2]}}},{"origin":[2.84903,1.77058,-52.46402],"size":[1.9012,1.96759,27.6165],"pivot":[4.75023,3.73825,-24.84752],"rotation":[-0.414,1,0],"uv":{"north":{"uv":[142,148],"uv_size":[2,2]},"south":{"uv":[144,148],"uv_size":[2,2]},"west":{"uv":[87,19],"uv_size":[29,2]}}},{"origin":[2.84903,3.73815,-52.46402],"size":[1.9012,1.96759,27.6165],"pivot":[4.75023,3.73825,-24.84752],"rotation":[0.414,1,0],"uv":{"north":{"uv":[148,144],"uv_size":[2,2]},"south":{"uv":[146,148],"uv_size":[2,2]},"west":{"uv":[90,81],"uv_size":[29,2]}}},{"origin":[-3.3589,0.37855,-52.46402],"size":[1.96759,1.9012,27.6165],"pivot":[-3.35894,0.37855,-24.84752],"rotation":[-1,0.414,45],"uv":{"north":{"uv":[148,146],"uv_size":[2,2]},"south":{"uv":[148,148],"uv_size":[2,2]},"down":{"uv":[76,121],"uv_size":[2,-29]}}},{"origin":[-5.32646,0.37855,-52.46402],"size":[1.96759,1.9012,27.6165],"pivot":[-3.35894,0.37855,-24.84752],"rotation":[-1,-0.414,45],"uv":{"north":{"uv":[0,149],"uv_size":[2,2]},"south":{"uv":[2,149],"uv_size":[2,2]},"down":{"uv":[80,121],"uv_size":[2,-29]}}},{"origin":[3.35894,5.1959,-52.46402],"size":[1.96759,1.9012,27.6165],"pivot":[3.35893,7.0971,-24.84752],"rotation":[1,0.414,45],"uv":{"north":{"uv":[149,5],"uv_size":[2,2]},"south":{"uv":[8,149],"uv_size":[2,2]},"up":{"uv":[92,83],"uv_size":[2,29]}}},{"origin":[1.39137,5.1959,-52.46402],"size":[1.96759,1.9012,27.6165],"pivot":[3.35893,7.0971,-24.84752],"rotation":[1,-0.414,45],"uv":{"north":{"uv":[149,9],"uv_size":[2,2]},"south":{"uv":[10,149],"uv_size":[2,2]},"up":{"uv":[94,85],"uv_size":[2,29]}}},{"origin":[0.00002,6.58722,-52.46402],"size":[1.96759,1.9012,27.6165],"pivot":[0,8.48842,-24.84752],"rotation":[1,0.414,0],"uv":{"north":{"uv":[149,11],"uv_size":[2,2]},"south":{"uv":[12,149],"uv_size":[2,2]},"up":{"uv":[96,89],"uv_size":[2,29]}}},{"origin":[-4.95959,3.16825,-52.28356],"size":[0.57,1.14,27.3258],"pivot":[-4.38959,3.26325,-25.15156],"rotation":[0,-1,0],"uv":{"east":{"uv":[116,63],"uv_size":[28,1]},"up":{"uv":[34,118],"uv_size":[1,28]},"down":{"uv":[35,146],"uv_size":[1,-28]}}},{"origin":[4.39328,3.16825,-52.29374],"size":[0.57,1.14,27.3258],"pivot":[4.96328,3.26325,-25.16174],"rotation":[0,1,0],"uv":{"west":{"uv":[118,89],"uv_size":[28,1]},"up":{"uv":[36,118],"uv_size":[1,28]},"down":{"uv":[37,146],"uv_size":[1,-28]}}},{"origin":[-4.13157,3.16825,-52.36296],"size":[0.475,1.14,0.4845],"pivot":[-4.22657,4.21325,-51.87846],"rotation":[0,45,0],"uv":{"north":{"uv":[26,155],"uv_size":[1,1]},"up":{"uv":[30,155],"uv_size":[1,1]},"down":{"uv":[31,156],"uv_size":[1,-1]}}},{"origin":[4.096,3.16825,-52.36299],"size":[0.57,1.14,0.4845],"pivot":[4.096,4.21325,-51.87849],"rotation":[0,45,0],"uv":{"west":{"uv":[36,155],"uv_size":[1,1]},"up":{"uv":[155,37],"uv_size":[1,1]},"down":{"uv":[155,40],"uv_size":[1,-1]}}},{"origin":[-4.62694,3.16825,-25.10984],"size":[0.57,1.14,0.5814],"pivot":[-4.62694,4.21325,-24.62534],"rotation":[0,45,0],"uv":{"east":{"uv":[155,41],"uv_size":[1,1]},"up":{"uv":[155,44],"uv_size":[1,1]},"down":{"uv":[155,46],"uv_size":[1,-1]}}},{"origin":[4.56023,3.16825,-25.04132],"size":[0.57,1.14,0.4845],"pivot":[4.56023,4.21325,-24.55682],"rotation":[0,45,0],"uv":{"south":{"uv":[155,48],"uv_size":[1,1]},"up":{"uv":[52,155],"uv_size":[1,1]},"down":{"uv":[53,156],"uv_size":[1,-1]}}},{"origin":[-4.15883,3.16825,-52.6322],"size":[8.322,1.14,0.4845],"uv":{"north":{"uv":[75,23],"uv_size":[9,1]},"up":{"uv":[138,40],"uv_size":[9,1]},"down":{"uv":[139,34],"uv_size":[9,-1]}}},{"origin":[-4.55977,3.16825,-25.04132],"size":[9.12,1.14,0.4845],"uv":{"south":{"uv":[137,116],"uv_size":[10,1]},"up":{"uv":[137,117],"uv_size":[10,1]},"down":{"uv":[138,5],"uv_size":[10,-1]}}},{"origin":[-1.425,-1.01278,-25.23512],"size":[2.85,9.5,0.4845],"uv":{"east":{"uv":[43,89],"uv_size":[1,10]},"south":{"uv":[31,118],"uv_size":[3,10]},"west":{"uv":[30,136],"uv_size":[1,10]}}},{"origin":[-1.425,-0.54854,-52.56368],"size":[2.85,8.569,0.4845],"uv":{"north":{"uv":[106,119],"uv_size":[3,9]},"east":{"uv":[66,140],"uv_size":[1,9]},"west":{"uv":[75,140],"uv_size":[1,9]}}},{"origin":[-1.425,8.3481,-52.22522],"size":[2.85,0.475,27.132],"pivot":[-1.425,8.8231,-25.09322],"rotation":[1,0,0],"uv":{"east":{"uv":[118,90],"uv_size":[28,1]},"west":{"uv":[118,91],"uv_size":[28,1]},"up":{"uv":[28,73],"uv_size":[3,28]}}},{"origin":[-0.95,8.37182,-51.74072],"size":[1.9,0.475,26.163],"pivot":[-1.9,8.8231,-24.12422],"rotation":[1,0,0],"uv":{"up":{"uv":[70,100],"uv_size":[2,27]}}},{"origin":[-1.425,8.48722,-25.23512],"size":[2.85,0.475,0.4845],"pivot":[-1.425,8.48722,-24.75062],"rotation":[45,0,0],"uv":{"east":{"uv":[56,155],"uv_size":[1,1]},"south":{"uv":[150,148],"uv_size":[3,1]},"west":{"uv":[155,56],"uv_size":[1,1]}}},{"origin":[-1.425,8.02299,-52.36299],"size":[2.85,0.475,0.4845],"pivot":[-1.425,8.02299,-51.87849],"rotation":[45,0,0],"uv":{"east":{"uv":[57,155],"uv_size":[1,1]},"west":{"uv":[155,57],"uv_size":[1,1]},"up":{"uv":[8,151],"uv_size":[3,1]}}},{"origin":[-1.425,-0.54854,-52.36299],"size":[2.85,0.475,0.4845],"pivot":[-1.425,-0.54854,-51.87849],"rotation":[45,0,0],"uv":{"north":{"uv":[151,10],"uv_size":[3,1]},"east":{"uv":[58,155],"uv_size":[1,1]},"west":{"uv":[155,58],"uv_size":[1,1]}}},{"origin":[-1.425,-1.01278,-25.23512],"size":[2.85,0.475,0.4845],"pivot":[-1.425,-1.01278,-24.75062],"rotation":[45,0,0],"uv":{"east":{"uv":[59,155],"uv_size":[1,1]},"west":{"uv":[155,59],"uv_size":[1,1]},"down":{"uv":[16,152],"uv_size":[3,-1]}}},{"origin":[-1.425,-1.37352,-52.22544],"size":[2.85,0.475,27.132],"pivot":[-1.425,-1.37352,-23.63994],"rotation":[-1,0,0],"uv":{"east":{"uv":[118,92],"uv_size":[28,1]},"west":{"uv":[118,93],"uv_size":[28,1]},"down":{"uv":[3,102],"uv_size":[3,-28]}}},{"origin":[-0.95,-1.38306,-51.74094],"size":[1.9,0.475,26.163],"pivot":[-1.425,-1.37352,-23.63994],"rotation":[-1,0,0],"uv":{"east":{"uv":[119,3],"uv_size":[27,1]},"down":{"uv":[6,128],"uv_size":[2,-27]}}},{"origin":[-1.96759,6.58722,-52.46402],"size":[1.96759,1.9012,27.6165],"pivot":[0,8.48842,-24.84752],"rotation":[1,-0.414,0],"uv":{"north":{"uv":[149,15],"uv_size":[2,2]},"south":{"uv":[16,149],"uv_size":[2,2]},"up":{"uv":[98,89],"uv_size":[2,29]}}},{"origin":[0.00002,-1.01278,-52.46402],"size":[1.96759,1.9012,27.6165],"pivot":[0,-1.01278,-24.84752],"rotation":[-1,0.414,0],"uv":{"north":{"uv":[149,17],"uv_size":[2,2]},"south":{"uv":[18,149],"uv_size":[2,2]},"down":{"uv":[20,128],"uv_size":[2,-29]}}},{"origin":[-1.96754,-1.01278,-52.46402],"size":[1.96759,1.9012,27.6165],"pivot":[0,-1.01278,-24.84752],"rotation":[-1,-0.414,0],"uv":{"north":{"uv":[149,19],"uv_size":[2,2]},"south":{"uv":[20,149],"uv_size":[2,2]},"down":{"uv":[24,128],"uv_size":[2,-29]}}}]},{"name":"muzzle","parent":"gun","pivot":[0,3.7,-84],"cubes":[{"origin":[-1.68725,1.68404,-91.74805],"size":[3.37424,1.39755,8],"pivot":[1.68699,3.08159,-91.74805],"rotation":[0,0,45],"uv":{"north":{"uv":[151,18],"uv_size":[3,1]},"east":{"uv":[140,69],"uv_size":[8,1]},"south":{"uv":[19,151],"uv_size":[3,1]},"west":{"uv":[141,38],"uv_size":[8,1]}}},{"origin":[-1.68725,3.08159,-91.74805],"size":[3.37424,1.39755,8],"uv":{"north":{"uv":[151,19],"uv_size":[3,1]},"east":{"uv":[141,39],"uv_size":[8,1]},"south":{"uv":[151,20],"uv_size":[3,1]},"west":{"uv":[142,78],"uv_size":[8,1]}}},{"origin":[-0.41301,2.38159,-91.7581],"size":[1.4,1.4,1],"pivot":[0.98699,3.77914,-91.84805],"rotation":[0,0,45],"uv":{"north":{"uv":[60,155],"uv_size":[1,1]}}},{"origin":[0.28926,2.26274,-91.74805],"size":[1.39755,3.37424,8],"pivot":[0.28926,5.05784,-91.04928],"rotation":[0,0,45],"uv":{"north":{"uv":[138,150],"uv_size":[1,3]},"south":{"uv":[3,151],"uv_size":[1,3]},"up":{"uv":[105,142],"uv_size":[1,8]},"down":{"uv":[106,150],"uv_size":[1,-8]}}},{"origin":[-0.69877,2.09311,-91.74805],"size":[1.39755,3.37424,8],"uv":{"north":{"uv":[23,151],"uv_size":[1,3]},"south":{"uv":[24,151],"uv_size":[1,3]},"up":{"uv":[26,143],"uv_size":[1,8]},"down":{"uv":[27,151],"uv_size":[1,-8]}}}]},{"name":"stock","parent":"gun","pivot":[0,5.5,29.75],"cubes":[{"origin":[-3.325,5.7375,29.275],"size":[3.325,1.425,28.5],"pivot":[0,7.1625,29.275],"rotation":[0,0,-30],"uv":{"north":{"uv":[151,24],"uv_size":[3,1]},"south":{"uv":[151,25],"uv_size":[3,1]},"up":{"uv":[50,68],"uv_size":[3,29]}}},{"origin":[-0.22975,-0.24195,29.275],"size":[2.375,1.425,28.025],"pivot":[2.14525,0.23305,29.75],"rotation":[0,0,-30],"uv":{"north":{"uv":[117,153],"uv_size":[2,1]},"east":{"uv":[118,94],"uv_size":[28,1]},"down":{"uv":[43,127],"uv_size":[2,-28]}}},{"origin":[-2.59071,-1.90445,29.275],"size":[2.375,1.425,28.025],"pivot":[0.73429,-1.42945,29.75],"rotation":[0,0,30],"uv":{"north":{"uv":[153,118],"uv_size":[2,1]},"west":{"uv":[119,0],"uv_size":[28,1]},"down":{"uv":[47,127],"uv_size":[2,-28]}}},{"origin":[-0.44547,4.075,29.275],"size":[3.325,1.425,28.5],"pivot":[2.87953,5.5,29.75],"rotation":[0,0,30],"uv":{"north":{"uv":[26,151],"uv_size":[3,1]},"south":{"uv":[151,26],"uv_size":[3,1]},"up":{"uv":[19,70],"uv_size":[3,29]}}},{"origin":[-2.87953,-0.2,29.275],"size":[2.85,5.7,28.5],"pivot":[-2.87953,5.5,29.275],"rotation":[0,0,-5],"uv":{"north":{"uv":[77,130],"uv_size":[3,6]},"east":{"uv":[0,0],"uv_size":[29,6]},"south":{"uv":[120,130],"uv_size":[3,6]}}},{"origin":[0.02953,-0.2,29.275],"size":[2.85,5.7,28.5],"pivot":[2.87953,5.5,29.275],"rotation":[0,0,5],"uv":{"north":{"uv":[126,130],"uv_size":[3,6]},"south":{"uv":[129,130],"uv_size":[3,6]},"west":{"uv":[0,18],"uv_size":[29,6]}}},{"origin":[-2.86797,-13.025,56.35],"size":[5.7,18.525,1.425],"uv":{"north":{"uv":[16,51],"uv_size":[6,19]},"east":{"uv":[50,126],"uv_size":[1,19]},"south":{"uv":[22,51],"uv_size":[6,19]},"west":{"uv":[51,126],"uv_size":[1,19]}}},{"origin":[-0.44547,-13.025,56.35],"size":[3.2775,1.9,1.425],"pivot":[2.83203,-13.025,57.775],"rotation":[0,0,-30],"uv":{"north":{"uv":[23,146],"uv_size":[3,2]},"east":{"uv":[121,153],"uv_size":[1,2]},"south":{"uv":[38,146],"uv_size":[3,2]},"down":{"uv":[151,36],"uv_size":[3,-1]}}},{"origin":[-2.8616,-13.00125,56.35],"size":[3.2775,1.9,1.425],"pivot":[-2.9091,-13.00125,57.775],"rotation":[0,0,30],"uv":{"north":{"uv":[146,46],"uv_size":[3,2]},"south":{"uv":[53,146],"uv_size":[3,2]},"down":{"uv":[39,152],"uv_size":[3,-1]}}},{"origin":[-1.1875,-5.40562,38.0625],"size":[2.375,2.85,6.65],"uv":{"north":{"uv":[59,146],"uv_size":[2,3]},"east":{"uv":[127,124],"uv_size":[7,3]},"west":{"uv":[127,127],"uv_size":[7,3]},"up":{"uv":[53,135],"uv_size":[2,7]},"down":{"uv":[105,142],"uv_size":[2,-7]}}},{"origin":[-0.38,-7.78062,41.3875],"size":[1.425,8.075,1.425],"pivot":[1.045,-7.80342,41.3875],"rotation":[0,-45,0],"uv":{"north":{"uv":[41,143],"uv_size":[1,8]},"east":{"uv":[42,143],"uv_size":[1,8]},"south":{"uv":[56,143],"uv_size":[1,8]},"west":{"uv":[57,143],"uv_size":[1,8]},"down":{"uv":[66,156],"uv_size":[1,-1]}}},{"origin":[-1.1875,-4.73351,42.8659],"size":[2.375,2.85,6.65],"pivot":[1.1875,-4.75631,42.8659],"rotation":[-40,0,0],"uv":{"east":{"uv":[16,128],"uv_size":[7,3]},"south":{"uv":[146,66],"uv_size":[2,3]},"west":{"uv":[128,110],"uv_size":[7,3]},"up":{"uv":[116,135],"uv_size":[2,7]},"down":{"uv":[118,142],"uv_size":[2,-7]}}},{"origin":[-0.7125,-3.98062,34.2625],"size":[1.425,2.85,22.325],"uv":{"north":{"uv":[29,151],"uv_size":[1,3]},"east":{"uv":[58,13],"uv_size":[22,3]},"west":{"uv":[62,24],"uv_size":[22,3]},"down":{"uv":[115,147],"uv_size":[1,-22]}}},{"origin":[-0.7125,-3.98062,45.6625],"size":[1.425,2.85,13.775],"pivot":[0.7125,-4.00342,44.2375],"rotation":[-40,0,0],"uv":{"east":{"uv":[113,4],"uv_size":[14,3]},"west":{"uv":[113,7],"uv_size":[14,3]},"up":{"uv":[44,54],"uv_size":[1,14]},"down":{"uv":[92,148],"uv_size":[1,-14]}}},{"origin":[-0.7125,-13.75633,55.89603],"size":[1.425,2.85,0.475],"uv":{"east":{"uv":[44,151],"uv_size":[1,3]},"west":{"uv":[151,45],"uv_size":[1,3]},"down":{"uv":[155,68],"uv_size":[1,-1]}}}]},{"name":"charge","parent":"gun","pivot":[0,12.6,-63.8],"cubes":[{"origin":[-1,7.1204,-12],"size":[2,0.5,20],"uv":{"east":{"uv":[126,34],"uv_size":[20,1]},"west":{"uv":[127,8],"uv_size":[20,1]},"up":{"uv":[82,110],"uv_size":[2,20]}}},{"origin":[-1.25,6.8204,8],"size":[2.5,1.1,2.2],"uv":{"north":{"uv":[52,151],"uv_size":[3,1]},"east":{"uv":[153,125],"uv_size":[2,1]},"west":{"uv":[128,153],"uv_size":[2,1]},"up":{"uv":[68,146],"uv_size":[3,2]},"down":{"uv":[71,148],"uv_size":[3,-2]}}},{"origin":[-3.05,6.8204,10.2],"size":[4.1,1.1,1.8],"uv":{"north":{"uv":[148,77],"uv_size":[4,1]},"south":{"uv":[148,85],"uv_size":[4,1]},"west":{"uv":[153,132],"uv_size":[2,1]},"up":{"uv":[140,29],"uv_size":[4,2]},"down":{"uv":[143,7],"uv_size":[4,-2]}}},{"origin":[1.05,7.5704,10.2],"size":[2,0.35,1.8],"uv":{"north":{"uv":[153,133],"uv_size":[2,1]},"south":{"uv":[136,153],"uv_size":[2,1]},"up":{"uv":[149,25],"uv_size":[2,2]},"down":{"uv":[149,36],"uv_size":[2,-2]}}},{"origin":[1.05,7.2,10.3],"size":[1.5,0.35,1.5],"uv":{"north":{"uv":[153,139],"uv_size":[2,1]},"south":{"uv":[153,145],"uv_size":[2,1]}}},{"origin":[1.15,7.2,7.4],"size":[0.5,0.35,3],"pivot":[1.65,7.55,10.6],"rotation":[0,-2.5,0],"uv":{"north":{"uv":[68,155],"uv_size":[1,1]},"west":{"uv":[56,151],"uv_size":[3,1]},"up":{"uv":[46,151],"uv_size":[1,3]},"down":{"uv":[49,154],"uv_size":[1,-3]}}},{"origin":[2.58827,7.2,10.29239],"size":[1.2,0.35,1.5],"pivot":[2.58827,7.55,11.89239],"rotation":[0,22.5,0],"uv":{"north":{"uv":[70,155],"uv_size":[1,1]},"south":{"uv":[155,70],"uv_size":[1,1]},"west":{"uv":[153,148],"uv_size":[2,1]},"up":{"uv":[125,153],"uv_size":[1,2]},"down":{"uv":[138,155],"uv_size":[1,-2]}}},{"origin":[1.05,6.8204,10.2],"size":[2,0.35,1.8],"uv":{"north":{"uv":[153,149],"uv_size":[2,1]},"south":{"uv":[151,153],"uv_size":[2,1]},"up":{"uv":[49,149],"uv_size":[2,2]},"down":{"uv":[149,56],"uv_size":[2,-2]}}},{"origin":[2.8316,6.8204,10.72725],"size":[0.74565,0.35,0.74565],"pivot":[3.57725,7.6204,10.72725],"rotation":[0,-45,0],"uv":{"north":{"uv":[71,155],"uv_size":[1,1]},"up":{"uv":[73,155],"uv_size":[1,1]},"down":{"uv":[155,74],"uv_size":[1,-1]}}},{"origin":[2.8316,6.8204,10.72725],"size":[0.74565,0.35,0.74565],"uv":{"west":{"uv":[155,75],"uv_size":[1,1]},"up":{"uv":[76,155],"uv_size":[1,1]},"down":{"uv":[155,77],"uv_size":[1,-1]}}},{"origin":[2.8316,6.8204,11.4729],"size":[0.74565,0.35,0.74565],"pivot":[3.57725,7.6204,11.4729],"rotation":[0,-45,0],"uv":{"west":{"uv":[155,78],"uv_size":[1,1]},"up":{"uv":[79,155],"uv_size":[1,1]},"down":{"uv":[155,80],"uv_size":[1,-1]}}},{"origin":[2.8316,7.5604,10.72725],"size":[0.74565,0.35,0.74565],"pivot":[3.57725,8.3704,10.72725],"rotation":[0,-45,0],"uv":{"north":{"uv":[155,80],"uv_size":[1,1]},"up":{"uv":[155,85],"uv_size":[1,1]},"down":{"uv":[86,156],"uv_size":[1,-1]}}},{"origin":[2.8316,7.5704,10.72725],"size":[0.74565,0.35,0.74565],"uv":{"west":{"uv":[88,155],"uv_size":[1,1]},"up":{"uv":[155,88],"uv_size":[1,1]},"down":{"uv":[89,156],"uv_size":[1,-1]}}},{"origin":[2.8316,7.5604,11.4729],"size":[0.74565,0.35,0.74565],"pivot":[3.57725,7.9204,11.4729],"rotation":[0,-45,0],"uv":{"west":{"uv":[91,155],"uv_size":[1,1]},"up":{"uv":[155,91],"uv_size":[1,1]},"down":{"uv":[92,156],"uv_size":[1,-1]}}},{"origin":[-3.2684,6.8204,10.72725],"size":[0.74565,1.1,0.74565],"pivot":[-2.52275,7.6204,10.72725],"rotation":[0,-45,0],"uv":{"east":{"uv":[93,155],"uv_size":[1,1]},"up":{"uv":[155,94],"uv_size":[1,1]},"down":{"uv":[95,156],"uv_size":[1,-1]}}},{"origin":[-3.57725,6.8204,10.7271],"size":[0.74565,1.1,0.74565],"uv":{"east":{"uv":[155,96],"uv_size":[1,1]},"up":{"uv":[155,98],"uv_size":[1,1]},"down":{"uv":[99,156],"uv_size":[1,-1]}}},{"origin":[-3.2684,6.8204,11.47275],"size":[0.74565,1.1,0.74565],"pivot":[-2.52275,7.6204,11.47275],"rotation":[0,-45,0],"uv":{"south":{"uv":[155,102],"uv_size":[1,1]},"up":{"uv":[155,103],"uv_size":[1,1]},"down":{"uv":[104,156],"uv_size":[1,-1]}}}]},{"name":"body","parent":"gun","pivot":[0,13,-61.5],"cubes":[{"origin":[-1.75,-5.0296,-7],"size":[3.5,7.5,16],"uv":{"east":{"uv":[29,16],"uv_size":[16,8]},"south":{"uv":[60,114],"uv_size":[4,8]},"west":{"uv":[12,43],"uv_size":[16,8]},"up":{"uv":[74,76],"uv_size":[4,16]},"down":{"uv":[78,92],"uv_size":[4,-16]}}},{"origin":[-1.75,-2.0296,9],"size":[3.5,4.5,4],"uv":{"east":{"uv":[56,130],"uv_size":[4,5]},"south":{"uv":[60,130],"uv_size":[4,5]},"west":{"uv":[64,130],"uv_size":[4,5]},"down":{"uv":[132,136],"uv_size":[4,-4]}}},{"origin":[1.65,-9.8796,-11.3],"size":[0.5,11.5,2],"uv":{"north":{"uv":[76,135],"uv_size":[1,12]},"south":{"uv":[107,135],"uv_size":[1,12]},"west":{"uv":[123,110],"uv_size":[2,12]},"up":{"uv":[153,152],"uv_size":[1,2]}}},{"origin":[-3.23303,5.47743,11],"size":[2,1,2],"pivot":[-1.23303,6.45343,11],"rotation":[0,0,-45],"uv":{"north":{"uv":[154,5],"uv_size":[2,1]},"south":{"uv":[7,154],"uv_size":[2,1]},"up":{"uv":[149,56],"uv_size":[2,2]}}},{"origin":[0,6.57868,-55.5],"size":[0.5,0.5,35],"pivot":[0,7.07868,-25.5],"rotation":[0,0,45],"uv":{"east":{"uv":[104,35],"uv_size":[35,1]},"west":{"uv":[104,36],"uv_size":[35,1]},"up":{"uv":[30,101],"uv_size":[1,35]},"down":{"uv":[55,136],"uv_size":[1,-35]}}},{"origin":[-2.3,-5.2796,-8.7],"size":[1,1,3.5],"pivot":[-1.3,-4.3036,-8.7],"rotation":[0,0,45],"uv":{"east":{"uv":[148,115],"uv_size":[4,1]},"south":{"uv":[108,155],"uv_size":[1,1]},"down":{"uv":[99,152],"uv_size":[1,-4]}}},{"origin":[-0.06699,6,-25.5],"size":[3,0.5,4.5],"pivot":[0.43301,6.5,-23],"rotation":[0,0,30],"uv":{"south":{"uv":[151,57],"uv_size":[3,1]},"up":{"uv":[43,134],"uv_size":[3,5]}}},{"origin":[2.09808,2.25,-25.5],"size":[0.5,3,4.5],"uv":{"south":{"uv":[151,58],"uv_size":[1,3]},"west":{"uv":[134,31],"uv_size":[5,3]}}},{"origin":[-2.73205,5.25,-25.5],"size":[3,0.5,4.5],"pivot":[-1.73205,5.75,-23],"rotation":[0,0,-30],"uv":{"south":{"uv":[151,61],"uv_size":[3,1]},"up":{"uv":[70,134],"uv_size":[3,5]}}},{"origin":[2.09808,-0.75,-25.5],"size":[0.5,3,4.5],"pivot":[2.59808,2.25,-23],"rotation":[0,0,60],"uv":{"south":{"uv":[63,151],"uv_size":[1,3]},"west":{"uv":[87,134],"uv_size":[5,3]}}},{"origin":[-2.59808,2.25,-25.5],"size":[0.5,3,4.5],"uv":{"east":{"uv":[134,121],"uv_size":[5,3]},"south":{"uv":[69,151],"uv_size":[1,3]}}},{"origin":[-2.41506,1.93301,-25.5],"size":[3,0.5,4.5],"pivot":[-1.91506,2.43301,-23],"rotation":[0,0,30],"uv":{"south":{"uv":[151,74],"uv_size":[3,1]},"down":{"uv":[23,140],"uv_size":[3,-5]}}},{"origin":[-1,-10.48663,-6.86697],"size":[2,0.5,8],"uv":{"east":{"uv":[142,114],"uv_size":[8,1]},"west":{"uv":[143,24],"uv_size":[8,1]},"up":{"uv":[21,131],"uv_size":[2,8]},"down":{"uv":[96,141],"uv_size":[2,-8]}}},{"origin":[-1.75,-4.0296,9],"size":[3.5,1.5,3],"pivot":[1.75,-4.0536,9],"rotation":[41.5,0,0],"uv":{"east":{"uv":[146,73],"uv_size":[3,2]},"south":{"uv":[143,107],"uv_size":[4,2]},"west":{"uv":[77,146],"uv_size":[3,2]},"down":{"uv":[136,103],"uv_size":[4,-3]}}},{"origin":[1.85,-0.2296,-7.7],"size":[0.5,0.5,1.5],"pivot":[2.35,0.2464,-6.7],"rotation":[0,0,45],"uv":{"north":{"uv":[155,108],"uv_size":[1,1]},"south":{"uv":[109,155],"uv_size":[1,1]},"west":{"uv":[154,13],"uv_size":[2,1]},"up":{"uv":[9,154],"uv_size":[1,2]}}},{"origin":[0.5008,3.70966,11],"size":[2,1,2],"pivot":[3.0008,4.68566,11],"rotation":[0,0,45],"uv":{"north":{"uv":[16,154],"uv_size":[2,1]},"south":{"uv":[154,17],"uv_size":[2,1]},"up":{"uv":[149,58],"uv_size":[2,2]}}},{"origin":[-2.65743,-0.43538,10.98303],"size":[1,3,2.5],"pivot":[-2.65743,2.54062,10.98303],"rotation":[-45,0,-20],"uv":{"north":{"uv":[70,151],"uv_size":[1,3]},"east":{"uv":[87,140],"uv_size":[3,3]}}},{"origin":[-1.5,-7.6296,-0.15],"size":[3,3,2],"pivot":[1.75,-5.1536,-0.15],"rotation":[45,0,0],"uv":{"north":{"uv":[140,100],"uv_size":[3,3]},"east":{"uv":[146,79],"uv_size":[2,3]},"west":{"uv":[80,146],"uv_size":[2,3]}}},{"origin":[-1.5,-9.8796,1.1],"size":[3,3.5,1],"uv":{"north":{"uv":[77,136],"uv_size":[3,4]},"east":{"uv":[126,148],"uv_size":[1,4]},"west":{"uv":[14,149],"uv_size":[1,4]}}},{"origin":[-1.5,-10.54374,0.44014],"size":[3,0.665,2],"uv":{"east":{"uv":[154,19],"uv_size":[2,1]},"west":{"uv":[154,20],"uv_size":[2,1]},"down":{"uv":[93,148],"uv_size":[3,-2]}}},{"origin":[-1.5,-10.8296,-0.25],"size":[3,1,2.5],"pivot":[1.75,-9.8536,-0.25],"rotation":[45,0,0],"uv":{"north":{"uv":[151,92],"uv_size":[3,1]},"east":{"uv":[23,154],"uv_size":[2,1]},"west":{"uv":[154,24],"uv_size":[2,1]},"up":{"uv":[146,93],"uv_size":[3,2]}}},{"origin":[-1.5,-9.8296,-7.3],"size":[3,2.5,1.5],"pivot":[1.5,-9.8536,-5.8],"rotation":[45,0,0],"uv":{"north":{"uv":[120,140],"uv_size":[3,3]},"east":{"uv":[146,97],"uv_size":[2,3]},"south":{"uv":[125,140],"uv_size":[3,3]},"west":{"uv":[146,100],"uv_size":[2,3]},"down":{"uv":[118,148],"uv_size":[3,-2]}}},{"origin":[1.71872,-0.09374,10.98303],"size":[1,3,2.5],"pivot":[1.71872,2.88226,10.98303],"rotation":[-45,0,20],"uv":{"north":{"uv":[84,151],"uv_size":[1,3]},"west":{"uv":[140,132],"uv_size":[3,3]}}},{"origin":[-2,-1.1296,-20.6],"size":[4,2,1.4],"uv":{"east":{"uv":[18,154],"uv_size":[1,2]},"west":{"uv":[154,25],"uv_size":[1,2]},"up":{"uv":[149,7],"uv_size":[4,1]},"down":{"uv":[149,37],"uv_size":[4,-1]}}},{"origin":[-1.5,5.2704,10.85],"size":[3,1.5,2],"pivot":[1.5,1.7464,10.85],"rotation":[-2.5,0,0],"uv":{"north":{"uv":[121,146],"uv_size":[3,2]},"east":{"uv":[149,60],"uv_size":[2,2]},"south":{"uv":[124,146],"uv_size":[3,2]},"west":{"uv":[62,149],"uv_size":[2,2]},"up":{"uv":[146,129],"uv_size":[3,2]}}},{"origin":[-6.03303,5.67743,-5.5],"size":[4.5,1.5,0.5],"pivot":[-1.53303,7.15343,-5.5],"rotation":[0,0,-65],"uv":{"north":{"uv":[43,144],"uv_size":[4,2]},"south":{"uv":[144,44],"uv_size":[4,2]},"up":{"uv":[149,65],"uv_size":[4,1]}}},{"origin":[-4.05,2.9704,-3.5],"size":[2.5,3,2.5],"pivot":[-1.55,2.9464,-3.5],"rotation":[0,-45,25],"uv":{"east":{"uv":[141,35],"uv_size":[3,3]},"down":{"uv":[102,145],"uv_size":[3,-3]}}},{"origin":[-4.05,2.9704,-3.1],"size":[2.5,3,2.5],"pivot":[-1.55,2.9464,-3.1],"rotation":[0,-45,25],"uv":{"south":{"uv":[142,126],"uv_size":[3,3]},"down":{"uv":[134,145],"uv_size":[3,-3]}}},{"origin":[-2,-0.12242,-21.61712],"size":[4,1.41443,1.41443],"pivot":[2,-0.14642,-21.61712],"rotation":[-45,0,0],"uv":{"north":{"uv":[149,67],"uv_size":[4,1]},"east":{"uv":[155,109],"uv_size":[1,1]},"west":{"uv":[110,155],"uv_size":[1,1]},"down":{"uv":[149,70],"uv_size":[4,-1]}}},{"origin":[-1.5,4.0704,-21],"size":[3,4.6,29],"uv":{"north":{"uv":[31,135],"uv_size":[3,5]},"east":{"uv":[29,6],"uv_size":[29,5]},"south":{"uv":[56,135],"uv_size":[3,5]},"west":{"uv":[29,11],"uv_size":[29,5]},"up":{"uv":[68,71],"uv_size":[3,29]}}},{"origin":[-3.53303,6.17743,-19],"size":[2,1,13.5],"pivot":[-1.53303,7.15343,-19],"rotation":[0,0,-65],"uv":{"east":{"uv":[134,41],"uv_size":[14,1]},"up":{"uv":[38,118],"uv_size":[2,14]}}},{"origin":[1.05,4.7204,-15.7],"size":[1,2,3.5],"uv":{"north":{"uv":[37,154],"uv_size":[1,2]},"south":{"uv":[42,154],"uv_size":[1,2]},"west":{"uv":[144,64],"uv_size":[4,2]},"up":{"uv":[22,149],"uv_size":[1,4]}}},{"origin":[-1.79645,7.60471,-21],"size":[0.65,0.65,29],"pivot":[-1.14645,8.10471,-20.5],"rotation":[0,0,45],"uv":{"north":{"uv":[111,155],"uv_size":[1,1]},"east":{"uv":[116,17],"uv_size":[29,1]},"south":{"uv":[112,155],"uv_size":[1,1]},"down":{"uv":[113,144],"uv_size":[1,-29]}}},{"origin":[1.20355,7.60471,-21],"size":[0.65,0.65,29],"pivot":[1.85355,8.10471,-20.5],"rotation":[0,0,45],"uv":{"north":{"uv":[155,112],"uv_size":[1,1]},"south":{"uv":[113,155],"uv_size":[1,1]},"west":{"uv":[116,20],"uv_size":[29,1]},"up":{"uv":[100,116],"uv_size":[1,29]}}},{"origin":[-2.65503,-0.44199,11],"size":[1,3,2],"pivot":[-2.65503,2.53401,11],"rotation":[0,0,-20],"uv":{"east":{"uv":[146,138],"uv_size":[2,3]},"south":{"uv":[100,151],"uv_size":[1,3]}}},{"origin":[-1.5,5.2704,8],"size":[3,1.5,3],"uv":{"east":{"uv":[146,141],"uv_size":[3,2]},"south":{"uv":[142,146],"uv_size":[3,2]},"west":{"uv":[145,146],"uv_size":[3,2]},"up":{"uv":[142,135],"uv_size":[3,3]}}},{"origin":[1.7263,-0.10035,11],"size":[1,3,2],"pivot":[1.71631,2.87565,11],"rotation":[0,0,20],"uv":{"south":{"uv":[102,151],"uv_size":[1,3]},"west":{"uv":[147,5],"uv_size":[2,3]}}},{"origin":[-1.5,-8.8796,-7.8],"size":[3,2.5,1],"uv":{"east":{"uv":[151,107],"uv_size":[1,3]},"south":{"uv":[23,143],"uv_size":[3,3]},"west":{"uv":[112,151],"uv_size":[1,3]}}},{"origin":[-2,0.0204,7.6],"size":[4,1.5,1.5],"pivot":[2,-0.0036,7.6],"rotation":[-45,0,0],"uv":{"north":{"uv":[68,144],"uv_size":[4,2]},"east":{"uv":[149,73],"uv_size":[2,2]},"south":{"uv":[144,76],"uv_size":[4,2]},"west":{"uv":[80,149],"uv_size":[2,2]},"up":{"uv":[144,82],"uv_size":[4,2]},"down":{"uv":[144,86],"uv_size":[4,-2]}}},{"origin":[-1.5,-5.0296,-9.45],"size":[3,1.5,4],"pivot":[1.5,-5.0536,-5.45],"rotation":[45,0,0],"uv":{"east":{"uv":[144,120],"uv_size":[4,2]},"west":{"uv":[144,122],"uv_size":[4,2]},"down":{"uv":[125,140],"uv_size":[3,-4]}}},{"origin":[-2.3,-1.3796,-19.7],"size":[1,1,14.5],"pivot":[-1.3,-0.4036,-19.7],"rotation":[0,0,45],"uv":{"north":{"uv":[155,113],"uv_size":[1,1]},"east":{"uv":[134,25],"uv_size":[15,1]},"south":{"uv":[114,155],"uv_size":[1,1]},"down":{"uv":[10,149],"uv_size":[1,-15]}}},{"origin":[-2,-4.0296,-19.2],"size":[4,6.5,14],"uv":{"north":{"uv":[96,118],"uv_size":[4,7]},"east":{"uv":[58,6],"uv_size":[14,7]},"south":{"uv":[84,119],"uv_size":[4,7]},"west":{"uv":[59,50],"uv_size":[14,7]},"up":{"uv":[98,49],"uv_size":[4,14]}}},{"origin":[-2.64075,4.18126,-3.5],"size":[2.5,3,2.5],"pivot":[-0.14075,4.15726,-3.5],"rotation":[0,-45,0],"uv":{"east":{"uv":[38,143],"uv_size":[3,3]},"up":{"uv":[59,143],"uv_size":[3,3]}}},{"origin":[-2.64075,4.18126,-3.1],"size":[2.5,3,2.5],"pivot":[-0.14075,4.15726,-3.1],"rotation":[0,-45,0],"uv":{"south":{"uv":[143,73],"uv_size":[3,3]},"up":{"uv":[87,143],"uv_size":[3,3]}}},{"origin":[-3.24583,3.29487,-5.23223],"size":[1,3,3.9],"pivot":[-2.24583,3.27087,-5.23223],"rotation":[0,0,25],"uv":{"south":{"uv":[114,151],"uv_size":[1,3]},"down":{"uv":[66,153],"uv_size":[1,-4]}}},{"origin":[-1.5,7.9704,8],"size":[3,0.7,2],"uv":{"east":{"uv":[154,35],"uv_size":[2,1]},"west":{"uv":[154,38],"uv_size":[2,1]},"up":{"uv":[20,147],"uv_size":[3,2]},"down":{"uv":[147,31],"uv_size":[3,-2]}}},{"origin":[-0.62113,7.9704,9.8786],"size":[1.24253,0.7,1],"uv":{"south":{"uv":[155,115],"uv_size":[1,1]},"up":{"uv":[155,116],"uv_size":[1,1]},"down":{"uv":[117,156],"uv_size":[1,-1]}}},{"origin":[-1.86366,7.9604,9.8786],"size":[1.24253,0.7,1],"pivot":[-0.62113,8.5704,10.8786],"rotation":[0,-45,0],"uv":{"south":{"uv":[155,118],"uv_size":[1,1]},"up":{"uv":[155,119],"uv_size":[1,1]},"down":{"uv":[155,121],"uv_size":[1,-1]}}},{"origin":[0.25747,7.9704,9],"size":[1.24253,0.7,1],"pivot":[1.5,8.5704,10],"rotation":[0,45,0],"uv":{"south":{"uv":[123,155],"uv_size":[1,1]},"up":{"uv":[155,124],"uv_size":[1,1]},"down":{"uv":[125,156],"uv_size":[1,-1]}}},{"origin":[-2,-8.5296,-19.2],"size":[4,4.5,11.5],"uv":{"north":{"uv":[73,130],"uv_size":[4,5]},"east":{"uv":[72,6],"uv_size":[12,5]},"south":{"uv":[116,130],"uv_size":[4,5]},"west":{"uv":[75,16],"uv_size":[12,5]}}},{"origin":[-2.005,-8.5296,-19.2],"size":[4.01,1.5,11],"pivot":[2,-8.5536,-19.2],"rotation":[-7.5,0,0],"uv":{"east":{"uv":[127,4],"uv_size":[11,2]},"west":{"uv":[127,6],"uv_size":[11,2]}}},{"origin":[-2.25,-9.2296,-19.85],"size":[4.5,1,13],"pivot":[2.25,-9.2536,-19.85],"rotation":[-7.5,0,0],"uv":{"north":{"uv":[68,148],"uv_size":[5,1]},"east":{"uv":[62,29],"uv_size":[13,1]},"south":{"uv":[148,70],"uv_size":[5,1]},"west":{"uv":[135,115],"uv_size":[13,1]},"up":{"uv":[73,50],"uv_size":[5,13]},"down":{"uv":[74,76],"uv_size":[5,-13]}}},{"origin":[-3.45656,1.58519,-5.5],"size":[2,1.5,0.5],"uv":{"north":{"uv":[84,149],"uv_size":[2,2]},"east":{"uv":[49,154],"uv_size":[1,2]},"south":{"uv":[149,89],"uv_size":[2,2]},"up":{"uv":[154,52],"uv_size":[2,1]},"down":{"uv":[154,54],"uv_size":[2,-1]}}},{"origin":[-2.3,-5.8796,-8.7],"size":[1,5.5,1],"pivot":[-1.3,-4.4036,-8.7],"rotation":[0,-45,0],"uv":{"east":{"uv":[91,146],"uv_size":[1,6]},"south":{"uv":[108,146],"uv_size":[1,6]},"down":{"uv":[126,156],"uv_size":[1,-1]}}},{"origin":[0,5.925,-23.1],"size":[2.75,0.55,35.25],"pivot":[0,6.475,-22.55],"rotation":[0,0,30],"uv":{"up":{"uv":[53,38],"uv_size":[3,35]}}},{"origin":[-2.10657,2.27631,-23.1],"size":[2.75,0.55,35.25],"pivot":[-2.10657,2.82631,-22.55],"rotation":[0,0,30],"uv":{"east":{"uv":[109,13],"uv_size":[35,1]},"up":{"uv":[35,54],"uv_size":[3,35]},"down":{"uv":[38,89],"uv_size":[3,-35]}}},{"origin":[-6.08306,1.37163,-18.5],"size":[3,0.5,12.5],"pivot":[-3.08306,1.84763,-18.5],"rotation":[0,0,-55],"uv":{"north":{"uv":[151,131],"uv_size":[3,1]},"east":{"uv":[136,54],"uv_size":[13,1]},"south":{"uv":[132,151],"uv_size":[3,1]},"up":{"uv":[79,63],"uv_size":[3,13]},"down":{"uv":[8,127],"uv_size":[3,-13]}}},{"origin":[1.7,-2.2796,-11.2],"size":[0.5,1,5],"uv":{"north":{"uv":[155,126],"uv_size":[1,1]},"south":{"uv":[127,155],"uv_size":[1,1]},"west":{"uv":[148,72],"uv_size":[5,1]},"up":{"uv":[73,148],"uv_size":[1,5]},"down":{"uv":[77,153],"uv_size":[1,-5]}}},{"origin":[-2.66579,2.55619,11],"size":[5.33,2.5,2],"uv":{"north":{"uv":[134,127],"uv_size":[5,3]},"east":{"uv":[147,34],"uv_size":[2,3]},"south":{"uv":[59,135],"uv_size":[5,3]},"west":{"uv":[100,147],"uv_size":[2,3]}}},{"origin":[1.83157,2.35,-23.1],"size":[0.55,2.75,35.25],"uv":{"east":{"uv":[56,38],"uv_size":[35,3]},"west":{"uv":[56,41],"uv_size":[35,3]}}},{"origin":[-2.95656,1.73519,-20],"size":[0.5,0.5,15.5],"pivot":[-2.45656,2.21119,-20],"rotation":[0,0,45],"uv":{"north":{"uv":[155,127],"uv_size":[1,1]},"east":{"uv":[75,37],"uv_size":[16,1]},"south":{"uv":[155,128],"uv_size":[1,1]},"west":{"uv":[130,43],"uv_size":[16,1]},"up":{"uv":[31,73],"uv_size":[1,16]},"down":{"uv":[98,149],"uv_size":[1,-16]}}},{"origin":[-2.16742,3.67763,0.04457],"size":[1.5,1.5,8.5],"pivot":[-2.16742,3.65363,0.04457],"rotation":[-18.2489,-17.38772,47.81374],"uv":{"east":{"uv":[127,47],"uv_size":[9,2]},"south":{"uv":[149,93],"uv_size":[2,2]},"down":{"uv":[68,138],"uv_size":[2,-9]}}},{"origin":[-3.45656,1.58519,-19.5],"size":[2,1.5,0.5],"uv":{"north":{"uv":[149,95],"uv_size":[2,2]},"east":{"uv":[154,54],"uv_size":[1,2]},"south":{"uv":[96,149],"uv_size":[2,2]},"up":{"uv":[59,154],"uv_size":[2,1]},"down":{"uv":[154,62],"uv_size":[2,-1]}}},{"origin":[-2.38157,2.35,-5.6],"size":[0.55,2.75,17.75],"uv":{"north":{"uv":[151,132],"uv_size":[1,3]},"east":{"uv":[98,63],"uv_size":[18,3]}}},{"origin":[2.30788,-0.675,-23.1],"size":[0.55,2.75,35.25],"pivot":[2.85788,2.625,-22.55],"rotation":[0,0,60],"uv":{"east":{"uv":[56,44],"uv_size":[35,3]},"west":{"uv":[56,47],"uv_size":[35,3]}}},{"origin":[-3.45656,1.33519,-18.5],"size":[1,1,12.5],"pivot":[-2.45656,1.81119,-18.5],"rotation":[0,0,45],"uv":{"north":{"uv":[129,155],"uv_size":[1,1]},"east":{"uv":[136,56],"uv_size":[13,1]},"south":{"uv":[130,155],"uv_size":[1,1]},"west":{"uv":[136,57],"uv_size":[13,1]},"up":{"uv":[91,37],"uv_size":[1,13]},"down":{"uv":[67,148],"uv_size":[1,-13]}}},{"origin":[-1.90852,4.18126,-5.23223],"size":[1,3,3.9],"pivot":[-0.90852,4.15726,-5.23223],"rotation":[0,0,0],"uv":{"north":{"uv":[142,151],"uv_size":[1,3]},"south":{"uv":[143,151],"uv_size":[1,3]},"up":{"uv":[72,149],"uv_size":[1,4]}}},{"origin":[-3.67628,6.18126,-3.5],"size":[0.3,1,0.4],"pivot":[-3.37628,4.15726,-3.5],"rotation":[0,0,0],"uv":{"east":{"uv":[155,132],"uv_size":[1,1]},"up":{"uv":[134,155],"uv_size":[1,1]}}},{"origin":[-4.74414,4.46233,-3.5],"size":[0.3,2.6,0.4],"pivot":[-4.74414,4.46233,-3.2],"rotation":[0,0,25],"uv":{"east":{"uv":[145,151],"uv_size":[1,3]},"down":{"uv":[138,156],"uv_size":[1,-1]}}},{"origin":[-2.45526,4.825,-23.1],"size":[2.75,0.55,35.25],"pivot":[-1.90526,5.375,-22.55],"rotation":[0,0,-30],"uv":{"east":{"uv":[114,58],"uv_size":[35,1]},"up":{"uv":[41,54],"uv_size":[3,35]},"down":{"uv":[56,85],"uv_size":[3,-35]}}},{"origin":[-2.38157,2.35,-21.7],"size":[0.55,2.75,2.75],"uv":{"east":{"uv":[143,97],"uv_size":[3,3]},"south":{"uv":[149,151],"uv_size":[1,3]}}},{"origin":[-6.03303,5.67743,-19.5],"size":[4.5,1.5,0.5],"pivot":[-1.53303,7.15343,-19.5],"rotation":[0,0,-65],"uv":{"north":{"uv":[144,144],"uv_size":[4,2]},"south":{"uv":[145,9],"uv_size":[4,2]},"up":{"uv":[149,104],"uv_size":[4,1]}}},{"origin":[-2,1.4204,-21],"size":[4,1,1.8],"uv":{"north":{"uv":[149,110],"uv_size":[4,1]},"east":{"uv":[154,64],"uv_size":[2,1]},"west":{"uv":[154,65],"uv_size":[2,1]},"up":{"uv":[145,11],"uv_size":[4,2]},"down":{"uv":[145,17],"uv_size":[4,-2]}}},{"origin":[-6.03306,1.37163,-12.2],"size":[2.5,0.5,0.5],"pivot":[-3.53306,1.84763,-12.2],"rotation":[-45,0,-55],"uv":{"north":{"uv":[66,154],"uv_size":[2,1]},"east":{"uv":[155,138],"uv_size":[1,1]},"west":{"uv":[139,155],"uv_size":[1,1]},"up":{"uv":[68,154],"uv_size":[2,1]}}},{"origin":[-1.5,0.4704,-20.95],"size":[3,1.5,2],"uv":{"north":{"uv":[147,52],"uv_size":[3,2]},"east":{"uv":[116,149],"uv_size":[2,2]},"west":{"uv":[149,126],"uv_size":[2,2]}}},{"origin":[-1.19075,2.60994,0.5],"size":[3,2.121,8.5],"pivot":[-1.19075,2.58594,0.5],"rotation":[0,-25,0],"uv":{"south":{"uv":[128,147],"uv_size":[3,2]},"up":{"uv":[74,121],"uv_size":[3,9]},"down":{"uv":[77,130],"uv_size":[3,-9]}}},{"origin":[-4.81742,4.02763,7.04457],"size":[1,1,1.5],"pivot":[-5.31742,4.00363,7.04457],"rotation":[-18.2489,-17.38772,47.81374],"uv":{"east":{"uv":[154,69],"uv_size":[2,1]},"west":{"uv":[70,154],"uv_size":[2,1]},"up":{"uv":[63,154],"uv_size":[1,2]},"down":{"uv":[154,72],"uv_size":[1,-2]}}},{"origin":[-2,-9.9796,-8.7],"size":[4,1.5,1],"uv":{"east":{"uv":[154,73],"uv_size":[1,2]},"south":{"uv":[145,19],"uv_size":[4,2]},"west":{"uv":[154,78],"uv_size":[1,2]}}},{"origin":[-0.75,-0.0296,21.4],"size":[1.5,2,21.5],"uv":{"north":{"uv":[149,129],"uv_size":[2,2]},"east":{"uv":[104,31],"uv_size":[22,2]},"west":{"uv":[104,33],"uv_size":[22,2]},"down":{"uv":[4,124],"uv_size":[2,-22]}}},{"origin":[1.01,-4.0296,-8.2],"size":[1,1.5,3],"pivot":[2,-4.0536,-5.2],"rotation":[32.5,0,0],"uv":{"west":{"uv":[134,147],"uv_size":[3,2]},"down":{"uv":[1,155],"uv_size":[1,-3]}}},{"origin":[-0.5,-8.98663,-0.96697],"size":[1.5,4.5,0.5],"pivot":[1,-4.51063,-0.96697],"rotation":[-15,0,0],"uv":{"north":{"uv":[61,138],"uv_size":[2,5]},"east":{"uv":[78,148],"uv_size":[1,5]},"south":{"uv":[68,138],"uv_size":[2,5]},"west":{"uv":[79,148],"uv_size":[1,5]},"down":{"uv":[154,84],"uv_size":[2,-1]}}},{"origin":[-2,-5.0296,-7.7],"size":[3,1,2.5],"uv":{"east":{"uv":[151,142],"uv_size":[3,1]},"south":{"uv":[152,1],"uv_size":[3,1]},"down":{"uv":[119,146],"uv_size":[3,-3]}}},{"origin":[-2.45,-3.3296,-6.95],"size":[1,2,1],"uv":{"north":{"uv":[81,154],"uv_size":[1,2]},"east":{"uv":[84,154],"uv_size":[1,2]},"south":{"uv":[85,154],"uv_size":[1,2]},"up":{"uv":[155,141],"uv_size":[1,1]},"down":{"uv":[155,143],"uv_size":[1,-1]}}},{"origin":[1.85,-1.4796,-7.2],"size":[0.5,1,0.5],"uv":{"north":{"uv":[143,155],"uv_size":[1,1]},"south":{"uv":[144,155],"uv_size":[1,1]},"west":{"uv":[155,144],"uv_size":[1,1]},"down":{"uv":[155,147],"uv_size":[1,-1]}}},{"origin":[1.85,-0.6296,-7.2],"size":[0.5,2.5,0.5],"pivot":[2.35,-0.6536,-6.7],"rotation":[0,0,10],"uv":{"north":{"uv":[2,152],"uv_size":[1,3]},"south":{"uv":[5,152],"uv_size":[1,3]},"west":{"uv":[6,152],"uv_size":[1,3]}}},{"origin":[2.27632,1.84901,-7.7],"size":[0.5,2,1.5],"pivot":[2.77632,1.82501,-7.2],"rotation":[0,0,8],"uv":{"north":{"uv":[154,89],"uv_size":[1,2]},"east":{"uv":[132,149],"uv_size":[2,2]},"south":{"uv":[154,91],"uv_size":[1,2]},"west":{"uv":[149,133],"uv_size":[2,2]},"up":{"uv":[154,93],"uv_size":[1,2]},"down":{"uv":[154,97],"uv_size":[1,-2]}}},{"origin":[-1.08338,1.16808,13.14522],"size":[2.16676,5.23143,1.9],"uv":{"north":{"uv":[17,139],"uv_size":[2,5]},"south":{"uv":[21,139],"uv_size":[2,5]},"up":{"uv":[134,149],"uv_size":[2,2]},"down":{"uv":[149,137],"uv_size":[2,-2]}}},{"origin":[0.44847,1.43107,13.14522],"size":[2.16676,5.23143,1.9],"pivot":[0.44847,5.76459,14.2286],"rotation":[0,0,45],"uv":{"north":{"uv":[43,139],"uv_size":[2,5]},"south":{"uv":[47,139],"uv_size":[2,5]},"up":{"uv":[140,149],"uv_size":[2,2]},"down":{"uv":[149,143],"uv_size":[2,-2]}}},{"origin":[-2.61592,2.70061,13.14522],"size":[5.23143,2.16676,1.9],"uv":{"north":{"uv":[138,21],"uv_size":[5,2]},"east":{"uv":[150,1],"uv_size":[2,2]},"south":{"uv":[138,23],"uv_size":[5,2]},"west":{"uv":[4,150],"uv_size":[2,2]}}},{"origin":[-2.61592,0.53385,13.14522],"size":[5.23143,2.16676,1.9],"pivot":[2.61551,2.70061,13.14522],"rotation":[0,0,45],"uv":{"north":{"uv":[138,118],"uv_size":[5,2]},"east":{"uv":[6,150],"uv_size":[2,2]},"south":{"uv":[139,31],"uv_size":[5,2]},"west":{"uv":[150,21],"uv_size":[2,2]}}},{"origin":[-0.92629,1.5497,12.92717],"size":[1.85258,4.47287,30],"uv":{"up":{"uv":[12,81],"uv_size":[2,30]},"down":{"uv":[14,111],"uv_size":[2,-30]}}},{"origin":[0.38344,1.77456,12.92717],"size":[1.85258,4.47287,30],"pivot":[0.38344,5.47972,13.85346],"rotation":[0,0,45],"uv":{"up":{"uv":[82,50],"uv_size":[2,30]},"down":{"uv":[82,110],"uv_size":[2,-30]}}},{"origin":[-2.23661,2.86002,12.92717],"size":[4.47287,1.85258,30],"uv":{"east":{"uv":[62,27],"uv_size":[30,2]},"west":{"uv":[72,11],"uv_size":[30,2]}}},{"origin":[-2.23661,1.00744,12.92717],"size":[4.47287,1.85258,30],"pivot":[2.23626,2.86002,12.92717],"rotation":[0,0,45],"uv":{"east":{"uv":[75,21],"uv_size":[30,2]},"west":{"uv":[75,29],"uv_size":[30,2]}}},{"origin":[-5.36749,2.63586,8.17675],"size":[0.83853,2.02455,0.6],"pivot":[-5.36749,4.31292,8.59602],"rotation":[0,-25,0],"uv":{"north":{"uv":[96,154],"uv_size":[1,2]},"south":{"uv":[154,97],"uv_size":[1,2]},"up":{"uv":[148,155],"uv_size":[1,1]},"down":{"uv":[155,149],"uv_size":[1,-1]}}},{"origin":[-4.83021,2.73764,8.42729],"size":[0.83853,2.02455,0.6],"pivot":[-4.83021,4.4147,8.84655],"rotation":[-18.2489,-17.3877,47.8137],"uv":{"north":{"uv":[100,154],"uv_size":[1,2]},"south":{"uv":[102,154],"uv_size":[1,2]},"up":{"uv":[149,155],"uv_size":[1,1]},"down":{"uv":[155,150],"uv_size":[1,-1]}}},{"origin":[-5.86195,3.22895,8.57041],"size":[2.02455,0.83853,0.6],"pivot":[-4.43033,5.0079,8.57041],"rotation":[0,-25,0],"uv":{"north":{"uv":[154,84],"uv_size":[2,1]},"east":{"uv":[150,155],"uv_size":[1,1]},"south":{"uv":[154,101],"uv_size":[2,1]},"west":{"uv":[155,150],"uv_size":[1,1]}}},{"origin":[-5.9175,2.39042,8.82099],"size":[2.02455,0.83853,0.6],"pivot":[-3.89296,3.22895,8.82099],"rotation":[-18.2489,-17.3877,47.8137],"uv":{"north":{"uv":[154,110],"uv_size":[2,1]},"east":{"uv":[155,151],"uv_size":[1,1]},"south":{"uv":[154,111],"uv_size":[2,1]},"west":{"uv":[155,152],"uv_size":[1,1]}}},{"origin":[-3.73325,-0.8455,-54],"size":[7.46593,3.09225,1.5],"pivot":[3.73268,2.24675,-54],"rotation":[0,0,45],"uv":{"north":{"uv":[128,113],"uv_size":[7,3]},"east":{"uv":[102,147],"uv_size":[2,3]},"south":{"uv":[129,52],"uv_size":[7,3]},"west":{"uv":[114,147],"uv_size":[2,3]}}},{"origin":[-3.73325,2.24675,-54],"size":[7.46593,3.09225,1.5],"uv":{"north":{"uv":[129,55],"uv_size":[7,3]},"east":{"uv":[137,147],"uv_size":[2,3]},"south":{"uv":[129,73],"uv_size":[7,3]},"west":{"uv":[23,148],"uv_size":[2,3]}}},{"origin":[0.64002,0.43495,-54],"size":[3.09225,7.46593,1.5],"pivot":[0.64002,6.61945,-52.45387],"rotation":[0,0,45],"uv":{"north":{"uv":[70,127],"uv_size":[3,7]},"south":{"uv":[23,128],"uv_size":[3,7]},"up":{"uv":[148,13],"uv_size":[3,2]},"down":{"uv":[30,150],"uv_size":[3,-2]}}},{"origin":[-1.54612,0.05963,-54],"size":[3.09225,7.46593,1.5],"uv":{"north":{"uv":[31,128],"uv_size":[3,7]},"south":{"uv":[105,128],"uv_size":[3,7]},"up":{"uv":[33,148],"uv_size":[3,2]},"down":{"uv":[36,150],"uv_size":[3,-2]}}}]},{"name":"safety","parent":"gun","pivot":[0,-2.5,3.75],"cubes":[{"origin":[-2,-2.4796,2.6],"size":[4,1.5,1.5],"pivot":[2,-2.5036,2.6],"rotation":[-45,0,0],"uv":{"north":{"uv":[128,145],"uv_size":[4,2]},"east":{"uv":[150,27],"uv_size":[2,2]},"south":{"uv":[132,145],"uv_size":[4,2]},"west":{"uv":[150,29],"uv_size":[2,2]},"up":{"uv":[145,135],"uv_size":[4,2]},"down":{"uv":[136,147],"uv_size":[4,-2]}}},{"origin":[1.5,-2.8296,4.15],"size":[0.5,0.5,2.5],"pivot":[2,-2.8536,4.15],"rotation":[0,0,45],"uv":{"north":{"uv":[155,153],"uv_size":[1,1]},"east":{"uv":[152,3],"uv_size":[3,1]},"south":{"uv":[155,154],"uv_size":[1,1]},"west":{"uv":[7,152],"uv_size":[3,1]},"up":{"uv":[10,152],"uv_size":[1,3]},"down":{"uv":[11,155],"uv_size":[1,-3]}}}]},{"name":"bolt","parent":"gun","pivot":[0,13,-61.5],"cubes":[{"origin":[-2.57763,2.86769,-19.5],"size":[3,3,16],"pivot":[-1.07763,2.84369,-19.5],"rotation":[0,0,45],"uv":{"east":{"uv":[113,21],"uv_size":[14,3]},"down":{"uv":[91,126],"uv_size":[3,-14]}}}]},{"name":"IS","parent":"gun","pivot":[0,12.6,-61.5],"cubes":[{"origin":[-1.45,8.65,-21],"size":[2.9,0.5,30.5],"uv":{"north":{"uv":[152,8],"uv_size":[3,1]},"east":{"uv":[114,60],"uv_size":[31,1]},"south":{"uv":[15,152],"uv_size":[3,1]},"west":{"uv":[114,61],"uv_size":[31,1]},"up":{"uv":[44,68],"uv_size":[3,31]}}},{"origin":[-1.45,12.15,-19],"size":[2.9,0.5,27],"uv":{"east":{"uv":[119,80],"uv_size":[27,1]},"west":{"uv":[119,81],"uv_size":[27,1]},"up":{"uv":[6,74],"uv_size":[3,27]},"down":{"uv":[9,101],"uv_size":[3,-27]}}},{"origin":[0.96,13.9,-18.5],"size":[0.5,1.25,22.5],"pivot":[1.5,15.15,4],"rotation":[4,0,0],"uv":{"east":{"uv":[121,76],"uv_size":[23,1]},"south":{"uv":[156,0],"uv_size":[1,1]},"west":{"uv":[121,77],"uv_size":[23,1]},"up":{"uv":[15,122],"uv_size":[1,23]}}},{"origin":[-1.46,13.9,-18.5],"size":[0.5,1.25,22.5],"pivot":[1.5,15.15,4],"rotation":[4,0,0],"uv":{"east":{"uv":[121,103],"uv_size":[23,1]},"south":{"uv":[156,2],"uv_size":[1,1]},"west":{"uv":[125,72],"uv_size":[23,1]},"up":{"uv":[5,124],"uv_size":[1,23]}}},{"origin":[0.95,12.65,-13.85],"size":[0.5,1.25,17.95],"uv":{"east":{"uv":[84,10],"uv_size":[18,1]},"south":{"uv":[156,4],"uv_size":[1,1]},"west":{"uv":[127,9],"uv_size":[18,1]}}},{"origin":[-1.45,12.65,-13.85],"size":[0.5,1.25,17.95],"uv":{"east":{"uv":[129,109],"uv_size":[18,1]},"south":{"uv":[156,5],"uv_size":[1,1]},"west":{"uv":[130,42],"uv_size":[18,1]}}},{"origin":[-1.45,9.15,-21],"size":[2.9,3,1],"uv":{"north":{"uv":[143,129],"uv_size":[3,3]},"east":{"uv":[12,152],"uv_size":[1,3]},"south":{"uv":[143,132],"uv_size":[3,3]},"west":{"uv":[13,152],"uv_size":[1,3]},"up":{"uv":[152,22],"uv_size":[3,1]}}},{"origin":[0.95,12.15,-21],"size":[0.5,2.93,1],"pivot":[1.5,12.15,-21],"rotation":[-60.75,0,0],"uv":{"north":{"uv":[21,152],"uv_size":[1,3]},"east":{"uv":[26,152],"uv_size":[1,3]},"south":{"uv":[27,152],"uv_size":[1,3]},"west":{"uv":[152,27],"uv_size":[1,3]}}},{"origin":[-1.45,12.15,-21],"size":[0.5,2.93,1],"pivot":[-1.5,12.15,-21],"rotation":[-60.75,0,0],"uv":{"north":{"uv":[28,152],"uv_size":[1,3]},"east":{"uv":[30,152],"uv_size":[1,3]},"south":{"uv":[152,30],"uv_size":[1,3]},"west":{"uv":[31,152],"uv_size":[1,3]}}},{"origin":[-1,12.15,-20.5],"size":[2,0.5,1.5],"pivot":[1,12.65,-19],"rotation":[20,0,0],"uv":{"up":{"uv":[30,150],"uv_size":[2,2]},"down":{"uv":[32,152],"uv_size":[2,-2]}}},{"origin":[-1.45,9.65,-20.75],"size":[2.9,0.5,1],"pivot":[1.5,9.15,-20.75],"rotation":[-45,0,0],"uv":{"east":{"uv":[8,156],"uv_size":[1,1]},"west":{"uv":[9,156],"uv_size":[1,1]},"up":{"uv":[152,39],"uv_size":[3,1]}}},{"origin":[-1.45,9.15,0.8],"size":[2.9,1,0.5],"pivot":[1.5,9.15,0.8],"rotation":[-45,0,0],"uv":{"north":{"uv":[152,41],"uv_size":[3,1]},"east":{"uv":[156,9],"uv_size":[1,1]},"west":{"uv":[10,156],"uv_size":[1,1]}}},{"origin":[-1.45,12.15,0.8],"size":[2.9,0.5,1],"pivot":[1.5,12.15,0.8],"rotation":[-45,0,0],"uv":{"east":{"uv":[156,10],"uv_size":[1,1]},"west":{"uv":[11,156],"uv_size":[1,1]},"down":{"uv":[152,49],"uv_size":[3,-1]}}},{"origin":[-1.45,9.15,1.5],"size":[2.9,3,2.5],"uv":{"north":{"uv":[143,138],"uv_size":[3,3]},"east":{"uv":[143,141],"uv_size":[3,3]},"south":{"uv":[17,144],"uv_size":[3,3]},"west":{"uv":[20,144],"uv_size":[3,3]}}},{"origin":[1,12.665,4],"size":[1,1.5,3.5],"uv":{"north":{"uv":[106,154],"uv_size":[1,2]},"east":{"uv":[146,1],"uv_size":[4,2]},"south":{"uv":[120,154],"uv_size":[1,2]},"west":{"uv":[146,21],"uv_size":[4,2]},"down":{"uv":[136,153],"uv_size":[1,-4]}}},{"origin":[-2,12.665,4],"size":[1,1.5,3.5],"uv":{"north":{"uv":[154,126],"uv_size":[1,2]},"east":{"uv":[146,27],"uv_size":[4,2]},"south":{"uv":[128,154],"uv_size":[1,2]},"west":{"uv":[30,146],"uv_size":[4,2]},"down":{"uv":[35,154],"uv_size":[1,-4]}}},{"origin":[-1,12.665,4],"size":[2,0.5,3.5],"uv":{"north":{"uv":[154,123],"uv_size":[2,1]},"south":{"uv":[129,154],"uv_size":[2,1]},"up":{"uv":[96,145],"uv_size":[2,4]}}},{"origin":[-2,14.165,4],"size":[1,1.06,2.44],"uv":{"north":{"uv":[156,11],"uv_size":[1,1]},"east":{"uv":[154,129],"uv_size":[2,1]},"west":{"uv":[154,130],"uv_size":[2,1]},"up":{"uv":[131,154],"uv_size":[1,2]}}},{"origin":[1,14.165,4],"size":[1,1.06,2.44],"uv":{"north":{"uv":[156,12],"uv_size":[1,1]},"east":{"uv":[154,131],"uv_size":[2,1]},"west":{"uv":[154,135],"uv_size":[2,1]},"up":{"uv":[136,154],"uv_size":[1,2]}}},{"origin":[-2.5,7.65,0],"size":[1,1.5,3],"uv":{"north":{"uv":[140,154],"uv_size":[1,2]},"east":{"uv":[148,40],"uv_size":[3,2]},"south":{"uv":[141,154],"uv_size":[1,2]},"up":{"uv":[32,152],"uv_size":[1,3]},"down":{"uv":[33,155],"uv_size":[1,-3]}}},{"origin":[-2.25,7.65,-20.95],"size":[0.8,1.5,3],"uv":{"north":{"uv":[154,141],"uv_size":[1,2]},"east":{"uv":[43,148],"uv_size":[3,2]},"south":{"uv":[142,154],"uv_size":[1,2]},"up":{"uv":[152,49],"uv_size":[1,3]},"down":{"uv":[52,155],"uv_size":[1,-3]}}},{"origin":[1.5,7.65,-20.95],"size":[0.5,1,25],"uv":{"north":{"uv":[156,13],"uv_size":[1,1]},"south":{"uv":[14,156],"uv_size":[1,1]},"west":{"uv":[120,10],"uv_size":[25,1]}}},{"origin":[1.5,8.15,-20.95],"size":[0.5,0.5,25],"pivot":[2,8.65,-20.95],"rotation":[0,0,45],"uv":{"north":{"uv":[15,156],"uv_size":[1,1]},"east":{"uv":[120,11],"uv_size":[25,1]},"south":{"uv":[156,16],"uv_size":[1,1]},"up":{"uv":[81,121],"uv_size":[1,25]}}},{"origin":[1.5,7.15,-20.95],"size":[0.5,0.5,25],"pivot":[2,7.65,-20.95],"rotation":[0,0,45],"uv":{"north":{"uv":[156,17],"uv_size":[1,1]},"south":{"uv":[18,156],"uv_size":[1,1]},"west":{"uv":[121,28],"uv_size":[25,1]},"down":{"uv":[14,147],"uv_size":[1,-25]}}},{"origin":[-3.3,13.53934,5.38934],"size":[5.5,0.5,0.5],"pivot":[2.2,14.03934,5.38934],"rotation":[-45,0,0],"uv":{"north":{"uv":[146,48],"uv_size":[6,1]},"east":{"uv":[156,18],"uv_size":[1,1]},"south":{"uv":[146,75],"uv_size":[6,1]},"west":{"uv":[19,156],"uv_size":[1,1]},"up":{"uv":[146,143],"uv_size":[6,1]},"down":{"uv":[147,1],"uv_size":[6,-1]}}},{"origin":[0.08431,14.19792,5.23934],"size":[0.3,0.5,0.3],"pivot":[0.08431,14.19792,5.23934],"rotation":[0,0,45],"uv":{"north":{"uv":[156,19],"uv_size":[1,1]},"east":{"uv":[20,156],"uv_size":[1,1]},"south":{"uv":[156,20],"uv_size":[1,1]}}},{"origin":[-0.65,14.93184,5.23934],"size":[0.3,0.5,0.3],"pivot":[-0.65,14.93184,5.23934],"rotation":[0,0,45],"uv":{"north":{"uv":[23,156],"uv_size":[1,1]},"east":{"uv":[156,23],"uv_size":[1,1]},"south":{"uv":[24,156],"uv_size":[1,1]},"west":{"uv":[156,24],"uv_size":[1,1]}}},{"origin":[-0.29645,14.98539,5.23934],"size":[0.5925,0.3,0.3],"uv":{"north":{"uv":[26,156],"uv_size":[1,1]},"south":{"uv":[27,156],"uv_size":[1,1]},"up":{"uv":[28,156],"uv_size":[1,1]},"down":{"uv":[156,29],"uv_size":[1,-1]}}},{"origin":[-0.38431,14.19792,5.23934],"size":[0.3,0.5,0.3],"pivot":[-0.08431,14.19792,5.23934],"rotation":[0,0,-45],"uv":{"north":{"uv":[29,156],"uv_size":[1,1]},"south":{"uv":[30,156],"uv_size":[1,1]},"west":{"uv":[156,30],"uv_size":[1,1]}}},{"origin":[0.35,14.93184,5.23934],"size":[0.3,0.5,0.3],"pivot":[0.65,14.93184,5.23934],"rotation":[0,0,-45],"uv":{"north":{"uv":[32,156],"uv_size":[1,1]},"east":{"uv":[156,32],"uv_size":[1,1]},"south":{"uv":[33,156],"uv_size":[1,1]},"west":{"uv":[156,33],"uv_size":[1,1]}}},{"origin":[-0.65,13.83934,5.23934],"size":[0.3,1.0925,0.3],"uv":{"north":{"uv":[35,156],"uv_size":[1,1]},"east":{"uv":[156,35],"uv_size":[1,1]},"south":{"uv":[36,156],"uv_size":[1,1]},"west":{"uv":[156,36],"uv_size":[1,1]}}},{"origin":[0.35,13.83934,5.23934],"size":[0.3,1.0925,0.3],"uv":{"north":{"uv":[38,156],"uv_size":[1,1]},"east":{"uv":[156,38],"uv_size":[1,1]},"south":{"uv":[39,156],"uv_size":[1,1]},"west":{"uv":[156,39],"uv_size":[1,1]}}},{"origin":[-0.65355,13.63579,3.73934],"size":[1.3,0.15,1.3],"uv":{"north":{"uv":[41,156],"uv_size":[1,1]},"east":{"uv":[156,41],"uv_size":[1,1]},"west":{"uv":[156,42],"uv_size":[1,1]},"up":{"uv":[43,156],"uv_size":[1,1]}}},{"origin":[-0.40355,13.48579,5.23934],"size":[0.8,0.8,0.3],"uv":{"north":{"uv":[44,156],"uv_size":[1,1]},"south":{"uv":[45,156],"uv_size":[1,1]},"up":{"uv":[46,156],"uv_size":[1,1]}}},{"origin":[-0.65,13.53934,5.18934],"size":[1.3,0.8,0.8],"pivot":[0.65,14.03934,5.18934],"rotation":[-45,0,0],"uv":{"north":{"uv":[47,156],"uv_size":[1,1]},"east":{"uv":[156,47],"uv_size":[1,1]},"south":{"uv":[48,156],"uv_size":[1,1]},"west":{"uv":[156,48],"uv_size":[1,1]},"up":{"uv":[49,156],"uv_size":[1,1]}}},{"origin":[1,14.22566,6.43934],"size":[1,1,1.5],"pivot":[2,15.22566,6.43934],"rotation":[-45,0,0],"uv":{"east":{"uv":[154,136],"uv_size":[2,1]},"west":{"uv":[143,154],"uv_size":[2,1]},"up":{"uv":[145,154],"uv_size":[1,2]}}},{"origin":[-2,14.22566,6.43934],"size":[1,1,1.5],"pivot":[2,15.22566,6.43934],"rotation":[-45,0,0],"uv":{"east":{"uv":[147,154],"uv_size":[2,1]},"west":{"uv":[149,154],"uv_size":[2,1]},"up":{"uv":[151,154],"uv_size":[1,2]}}},{"origin":[-1.45,9.15,4],"size":[2.9,1.5,4.5],"uv":{"east":{"uv":[139,122],"uv_size":[5,2]},"west":{"uv":[139,124],"uv_size":[5,2]},"up":{"uv":[64,135],"uv_size":[3,5]}}},{"origin":[-1.455,8.85,7],"size":[2.91,3.8,1],"pivot":[1.5,12.65,8],"rotation":[23.2,0,0],"uv":{"north":{"uv":[136,135],"uv_size":[3,4]},"east":{"uv":[36,150],"uv_size":[1,4]},"south":{"uv":[137,66],"uv_size":[3,4]},"west":{"uv":[37,150],"uv_size":[1,4]}}},{"origin":[-2.52565,12.53902,4.39027],"size":[1.00973,2.43789,1.08375],"pivot":[-2.52565,14.55848,4.89514],"rotation":[0,-90,0],"uv":{"south":{"uv":[154,154],"uv_size":[1,2]},"up":{"uv":[52,156],"uv_size":[1,1]},"down":{"uv":[156,53],"uv_size":[1,-1]}}},{"origin":[-2.52565,12.66158,5.10412],"size":[1.00973,2.43789,1.08375],"pivot":[-2.52565,14.68104,5.60899],"rotation":[-90,-45,90],"uv":{"south":{"uv":[2,155],"uv_size":[1,2]},"up":{"uv":[53,156],"uv_size":[1,1]},"down":{"uv":[156,54],"uv_size":[1,-1]}}},{"origin":[-3.74469,13.2532,5.90486],"size":[2.43789,1.00973,1.08375],"pivot":[-2.02078,15.39534,5.90486],"rotation":[0,-90,0],"uv":{"east":{"uv":[54,156],"uv_size":[1,1]},"south":{"uv":[5,155],"uv_size":[2,1]},"west":{"uv":[156,54],"uv_size":[1,1]}}},{"origin":[-4.45868,12.24347,6.61885],"size":[2.43789,1.00973,1.08375],"pivot":[-2.02078,13.2532,6.61885],"rotation":[-90,-45,90],"uv":{"east":{"uv":[55,156],"uv_size":[1,1]},"south":{"uv":[12,155],"uv_size":[2,1]},"west":{"uv":[156,55],"uv_size":[1,1]}}},{"origin":[0.9833,6.56352,1.59825],"size":[2.57441,1.06627,1.14444],"pivot":[3.55771,7.62979,1.59825],"rotation":[-90,-45,90],"uv":{"north":{"uv":[59,152],"uv_size":[3,1]},"east":{"uv":[56,156],"uv_size":[1,1]},"south":{"uv":[152,59],"uv_size":[3,1]},"west":{"uv":[156,56],"uv_size":[1,1]}}},{"origin":[1.87771,7.86979,0.03825],"size":[0.6,1.44,1.44],"pivot":[2.47771,8.93607,0.03825],"rotation":[-45,0,0],"uv":{"north":{"uv":[57,156],"uv_size":[1,1]},"east":{"uv":[156,57],"uv_size":[1,1]},"south":{"uv":[58,156],"uv_size":[1,1]},"up":{"uv":[59,156],"uv_size":[1,1]},"down":{"uv":[156,60],"uv_size":[1,-1]}}},{"origin":[3.02457,6.87563,-0.75513],"size":[1.06627,2.57441,1.14444],"pivot":[3.02457,9.00817,-0.22199],"rotation":[0,-90,0],"uv":{"north":{"uv":[53,152],"uv_size":[1,3]},"south":{"uv":[74,152],"uv_size":[1,3]},"up":{"uv":[60,156],"uv_size":[1,1]},"down":{"uv":[156,61],"uv_size":[1,-1]}}},{"origin":[3.02457,7.00504,-0.0013],"size":[1.06627,2.57441,1.14444],"pivot":[3.02457,9.13759,0.53184],"rotation":[-90,-45,90],"uv":{"north":{"uv":[86,152],"uv_size":[1,3]},"south":{"uv":[88,152],"uv_size":[1,3]},"up":{"uv":[61,156],"uv_size":[1,1]},"down":{"uv":[156,62],"uv_size":[1,-1]}}},{"origin":[1.73727,7.62979,0.84428],"size":[2.57441,1.06627,1.14444],"pivot":[3.55771,9.8919,0.84428],"rotation":[0,-90,0],"uv":{"north":{"uv":[152,76],"uv_size":[3,1]},"east":{"uv":[62,156],"uv_size":[1,1]},"south":{"uv":[152,77],"uv_size":[3,1]},"west":{"uv":[156,62],"uv_size":[1,1]}}},{"origin":[1.87771,7.94681,-19.18741],"size":[0.6,1.44,1.44],"pivot":[2.47771,9.01309,-19.18741],"rotation":[-45,0,0],"uv":{"north":{"uv":[63,156],"uv_size":[1,1]},"east":{"uv":[156,63],"uv_size":[1,1]},"south":{"uv":[64,156],"uv_size":[1,1]},"up":{"uv":[65,156],"uv_size":[1,1]}}},{"origin":[3.02457,6.95264,-19.98079],"size":[1.06627,2.57441,1.14444],"pivot":[3.02457,9.08519,-19.44766],"rotation":[0,-90,0],"uv":{"north":{"uv":[90,152],"uv_size":[1,3]},"south":{"uv":[92,152],"uv_size":[1,3]},"up":{"uv":[66,156],"uv_size":[1,1]},"down":{"uv":[156,67],"uv_size":[1,-1]}}},{"origin":[3.02457,7.08206,-19.22696],"size":[1.06627,2.57441,1.14444],"pivot":[3.02457,9.21461,-18.69383],"rotation":[-90,-45,90],"uv":{"north":{"uv":[94,152],"uv_size":[1,3]},"south":{"uv":[99,152],"uv_size":[1,3]},"up":{"uv":[67,156],"uv_size":[1,1]},"down":{"uv":[156,68],"uv_size":[1,-1]}}},{"origin":[1.73727,7.70681,-18.38138],"size":[2.57441,1.06627,1.14444],"pivot":[3.55771,9.96892,-18.38138],"rotation":[0,-90,0],"uv":{"north":{"uv":[152,103],"uv_size":[3,1]},"east":{"uv":[68,156],"uv_size":[1,1]},"south":{"uv":[107,152],"uv_size":[3,1]},"west":{"uv":[156,68],"uv_size":[1,1]}}},{"origin":[0.9833,6.64054,-17.62741],"size":[2.57441,1.06627,1.14444],"pivot":[3.55771,7.70681,-17.62741],"rotation":[-90,-45,90],"uv":{"north":{"uv":[152,109],"uv_size":[3,1]},"east":{"uv":[69,156],"uv_size":[1,1]},"south":{"uv":[152,113],"uv_size":[3,1]},"west":{"uv":[156,69],"uv_size":[1,1]}}},{"origin":[-0.6289,3.44006,9.40172],"size":[1.25779,3.03682,1.35],"pivot":[-0.6289,5.95565,4.63061],"rotation":[90,0,0],"uv":{"down":{"uv":[156,71],"uv_size":[1,-1]}}},{"origin":[0.26033,3.44006,9.24905],"size":[1.25779,3.03682,1.35],"pivot":[0.26033,5.95565,4.47795],"rotation":[90,-45,0],"uv":{"north":{"uv":[133,152],"uv_size":[1,3]},"south":{"uv":[139,152],"uv_size":[1,3]},"up":{"uv":[71,156],"uv_size":[1,1]},"down":{"uv":[156,72],"uv_size":[1,-1]}}},{"origin":[-1.18171,10.52675,5.25657],"size":[1.3,1.8,1.3],"pivot":[0.11829,10.52675,6.55657],"rotation":[0,-45,0],"uv":{"north":{"uv":[16,155],"uv_size":[1,2]},"east":{"uv":[17,155],"uv_size":[1,2]},"south":{"uv":[21,155],"uv_size":[1,2]},"west":{"uv":[155,21],"uv_size":[1,2]}}},{"origin":[-1.51853,2.65833,8.98815],"size":[3.03682,1.2578,1.35],"pivot":[0.6289,5.32676,3.58815],"rotation":[90,0,0],"uv":{"north":{"uv":[152,128],"uv_size":[3,1]},"east":{"uv":[73,156],"uv_size":[1,1]},"south":{"uv":[152,137],"uv_size":[3,1]},"west":{"uv":[156,73],"uv_size":[1,1]}}},{"origin":[-1.51853,4.06896,11.65657],"size":[3.03682,1.2578,1.35],"pivot":[1.51829,5.32676,6.25657],"rotation":[90,-45,0],"uv":{"north":{"uv":[153,0],"uv_size":[3,1]},"east":{"uv":[74,156],"uv_size":[1,1]},"south":{"uv":[153,4],"uv_size":[3,1]},"west":{"uv":[156,74],"uv_size":[1,1]}}}]},{"name":"grip","parent":"gun","pivot":[0,0,0],"cubes":[{"origin":[-1.755,-24.0296,2.3],"size":[3.51,14,7.5],"pivot":[1.75,-10.5536,2.3],"rotation":[35,0,0],"uv":{"north":{"uv":[62,100],"uv_size":[4,14]},"east":{"uv":[59,57],"uv_size":[7,14]},"south":{"uv":[66,100],"uv_size":[4,14]},"west":{"uv":[66,57],"uv_size":[7,14]}}},{"origin":[-1.75,-10.5296,2],"size":[3.5,5.5,7],"uv":{"north":{"uv":[123,122],"uv_size":[4,6]},"east":{"uv":[102,113],"uv_size":[7,6]},"south":{"uv":[119,124],"uv_size":[4,6]},"west":{"uv":[114,52],"uv_size":[7,6]},"down":{"uv":[121,73],"uv_size":[4,-7]}}},{"origin":[-1.75,-21.95999,9.26785],"size":[3.5,1,8.5],"pivot":[1.75,-20.98399,9.26785],"rotation":[11,0,0],"uv":{"north":{"uv":[150,53],"uv_size":[4,1]},"east":{"uv":[144,32],"uv_size":[8,1]},"south":{"uv":[150,62],"uv_size":[4,1]},"west":{"uv":[144,103],"uv_size":[8,1]},"up":{"uv":[64,114],"uv_size":[4,8]},"down":{"uv":[114,97],"uv_size":[4,-8]}}},{"origin":[-1.75,-23.4073,14.61686],"size":[3.5,1,1.5],"pivot":[1.75,-22.4313,10.61686],"rotation":[35,0,0],"uv":{"east":{"uv":[75,156],"uv_size":[1,1]},"west":{"uv":[156,75],"uv_size":[1,1]}}},{"origin":[-1.75,-22.4073,12.51686],"size":[3.5,1,3.6],"pivot":[1.75,-22.4313,10.61686],"rotation":[35,0,0],"uv":{"east":{"uv":[150,80],"uv_size":[4,1]},"west":{"uv":[150,82],"uv_size":[4,1]}}},{"origin":[-1.75,-23.9073,16.11686],"size":[3.5,2.5,2],"pivot":[1.75,-22.4313,10.61686],"rotation":[35,0,0],"uv":{"east":{"uv":[39,148],"uv_size":[2,3]},"south":{"uv":[87,137],"uv_size":[4,3]},"west":{"uv":[148,62],"uv_size":[2,3]}}}]},{"name":"ring","parent":"gun","pivot":[-0.0022,3.7474,-24.78125],"cubes":[{"origin":[-3.95064,2.11188,-23.79414],"size":[7.89688,3.271,0.98711],"pivot":[-0.0022,3.7474,-24.78125],"rotation":[0,0,-22.5],"uv":{"north":{"uv":[125,66],"uv_size":[8,3]},"east":{"uv":[14,153],"uv_size":[1,3]},"west":{"uv":[15,153],"uv_size":[1,3]}}},{"origin":[-1.63768,-0.20104,-23.79414],"size":[3.27096,7.89687,0.98711],"pivot":[-0.0022,3.7474,-24.78125],"rotation":[0,0,22.5],"uv":{"north":{"uv":[96,125],"uv_size":[3,8]},"up":{"uv":[16,153],"uv_size":[3,1]},"down":{"uv":[153,28],"uv_size":[3,-1]}}},{"origin":[-1.63768,-0.20104,-23.79414],"size":[3.27096,7.89687,0.98711],"pivot":[-0.0022,3.7474,-24.78125],"rotation":[0,0,-22.5],"uv":{"north":{"uv":[125,110],"uv_size":[3,8]},"up":{"uv":[153,28],"uv_size":[3,1]},"down":{"uv":[153,30],"uv_size":[3,-1]}}},{"origin":[-3.95064,2.11188,-23.79414],"size":[7.89688,3.271,0.98711],"pivot":[-0.0022,3.7474,-24.78125],"rotation":[0,0,22.5],"uv":{"north":{"uv":[125,69],"uv_size":[8,3]},"east":{"uv":[19,153],"uv_size":[1,3]},"west":{"uv":[20,153],"uv_size":[1,3]}}},{"origin":[-3.70386,2.2141,-24.78125],"size":[7.40332,3.06655,0.98711],"pivot":[-0.0022,3.7474,-25.76836],"rotation":[0,0,-22.5],"uv":{"north":{"uv":[129,100],"uv_size":[7,3]},"east":{"uv":[22,153],"uv_size":[1,3]},"west":{"uv":[25,153],"uv_size":[1,3]}}},{"origin":[-1.5355,0.04574,-24.78125],"size":[3.06659,7.40332,0.98711],"pivot":[-0.0022,3.7474,-25.76836],"rotation":[0,0,22.5],"uv":{"north":{"uv":[123,128],"uv_size":[3,7]},"up":{"uv":[153,30],"uv_size":[3,1]},"down":{"uv":[153,32],"uv_size":[3,-1]}}},{"origin":[-1.5355,0.04574,-24.78125],"size":[3.06659,7.40332,0.98711],"pivot":[-0.0022,3.7474,-25.76836],"rotation":[0,0,-22.5],"uv":{"north":{"uv":[93,129],"uv_size":[3,7]},"up":{"uv":[153,32],"uv_size":[3,1]},"down":{"uv":[153,34],"uv_size":[3,-1]}}},{"origin":[-3.70386,2.2141,-24.78125],"size":[7.40332,3.06655,0.98711],"pivot":[-0.0022,3.7474,-25.76836],"rotation":[0,0,22.5],"uv":{"north":{"uv":[129,104],"uv_size":[7,3]},"east":{"uv":[38,153],"uv_size":[1,3]},"west":{"uv":[39,153],"uv_size":[1,3]}}},{"origin":[-4.19741,2.00965,-22.806],"size":[8.39043,3.47545,0.98711],"pivot":[-0.0022,3.7474,-23.79414],"rotation":[0,0,-22.5],"uv":{"north":{"uv":[125,83],"uv_size":[8,3]},"east":{"uv":[40,153],"uv_size":[1,3]},"south":{"uv":[125,86],"uv_size":[8,3]},"west":{"uv":[41,153],"uv_size":[1,3]}}},{"origin":[-1.73991,-0.44781,-22.80703],"size":[3.47541,8.39043,0.98711],"pivot":[-0.0022,3.7474,-23.79414],"rotation":[0,0,22.5],"uv":{"north":{"uv":[84,126],"uv_size":[3,8]},"south":{"uv":[87,126],"uv_size":[3,8]},"up":{"uv":[153,36],"uv_size":[3,1]},"down":{"uv":[153,50],"uv_size":[3,-1]}}},{"origin":[-1.73991,-0.44781,-22.80703],"size":[3.47541,8.39043,0.98711],"pivot":[-0.0022,3.7474,-23.79414],"rotation":[0,0,-22.5],"uv":{"north":{"uv":[90,126],"uv_size":[3,8]},"south":{"uv":[102,126],"uv_size":[3,8]},"up":{"uv":[153,50],"uv_size":[3,1]},"down":{"uv":[153,52],"uv_size":[3,-1]}}},{"origin":[-4.19741,2.00965,-22.80703],"size":[8.39043,3.47545,0.98711],"pivot":[-0.0022,3.7474,-23.79414],"rotation":[0,0,22.5],"uv":{"north":{"uv":[125,118],"uv_size":[8,3]},"east":{"uv":[47,153],"uv_size":[1,3]},"south":{"uv":[126,31],"uv_size":[8,3]},"west":{"uv":[48,153],"uv_size":[1,3]}}}]},{"name":"mag","parent":"gun","pivot":[0,-11.6296,-13.95],"cubes":[{"origin":[-1.75,-12.1296,-18.95],"size":[3.5,12.5,11],"uv":{"north":{"uv":[78,50],"uv_size":[4,13]},"east":{"uv":[12,30],"uv_size":[11,13]},"south":{"uv":[8,101],"uv_size":[4,13]},"west":{"uv":[23,30],"uv_size":[11,13]},"up":{"uv":[106,101],"uv_size":[4,11]}}},{"origin":[-1.75,-28.58035,-19.57574],"size":[3.5,12.5,11],"pivot":[1.75,-16.10435,-8.57574],"rotation":[-17,0,0],"uv":{"north":{"uv":[102,101],"uv_size":[4,12]},"east":{"uv":[34,30],"uv_size":[11,12]},"south":{"uv":[106,89],"uv_size":[4,12]},"west":{"uv":[34,42],"uv_size":[11,12]},"down":{"uv":[110,100],"uv_size":[4,-11]}}},{"origin":[-1.755,-16.1296,-18.95],"size":[3.51,4,11],"pivot":[1.75,-12.1296,-7.95],"rotation":[-9,0,0],"uv":{"north":{"uv":[134,21],"uv_size":[4,4]},"east":{"uv":[108,0],"uv_size":[11,4]},"south":{"uv":[134,37],"uv_size":[4,4]},"west":{"uv":[110,100],"uv_size":[11,4]}}}]},{"name":"bullet","parent":"mag","pivot":[-0.05,-0.4,-16.48444],"cubes":[{"origin":[-0.275,0,-16.18444],"size":[1.3,1.3,7],"pivot":[0.025,1,-15.18444],"rotation":[0,0,45],"uv":{"north":{"uv":[10,160],"uv_size":[1,1]},"east":{"uv":[1,171],"uv_size":[6,1]},"south":{"uv":[16,161],"uv_size":[1,1]},"west":{"uv":[13,167],"uv_size":[6,1]},"up":{"uv":[7,163],"uv_size":[1,6]},"down":{"uv":[10,170],"uv_size":[1,-6]}}},{"origin":[0.1,0.3,-18.58444],"size":[0.9,0.9,3],"pivot":[0,1.3,-17.58444],"rotation":[0,0,45],"uv":{"north":{"uv":[33,160],"uv_size":[1,1]},"east":{"uv":[29,160],"uv_size":[3,1]},"west":{"uv":[36,165],"uv_size":[3,1]},"up":{"uv":[32,163],"uv_size":[1,3]},"down":{"uv":[35,162],"uv_size":[1,-3]}}}]},{"name":"right_arm","parent":"gun","pivot":[-4.05,-14.2,49.6],"rotation":[-92.7551,-2.7676,5.132],"cubes":[{"origin":[-8.3,-68.2,43.1],"size":[9,54,12],"uv":{"north":{"uv":[41,35],"uv_size":[21,126]},"east":{"uv":[13,35],"uv_size":[28,126]},"south":{"uv":[90,35],"uv_size":[21,126]},"west":{"uv":[62,35],"uv_size":[28,126]},"up":{"uv":[41,7],"uv_size":[21,28]},"down":{"uv":[62,35],"uv_size":[21,-28]}}}]},{"name":"left_arm","parent":"gun","pivot":[16.9,-16.4,5.7],"rotation":[-91.91757,23.74009,46.05022],"cubes":[{"origin":[12.4,-70.4,-0.3],"size":[9,54,12],"uv":{"north":{"uv":[42,33],"uv_size":[21,126]},"east":{"uv":[14,33],"uv_size":[28,126]},"south":{"uv":[91,33],"uv_size":[21,126]},"west":{"uv":[63,33],"uv_size":[28,126]},"up":{"uv":[42,5],"uv_size":[21,28]},"down":{"uv":[63,33],"uv_size":[21,-28]}}}]},{"name":"s_muzzle","parent":"gun","pivot":[0,3.79289,-84.1]},{"name":"s_scope","parent":"gun","pivot":[0,8.675,-5]},{"name":"s_stock","parent":"gun","pivot":[0,3.7863,29.35217]},{"name":"s_grip","parent":"gun","pivot":[0,-8,6]},{"name":"s_gas_block","parent":"gun","pivot":[0,6.4,-58]},{"name":"s_handguard","parent":"gun","pivot":[0,3.7929,-38.75]},{"name":"camera","parent":"root","pivot":[6.7,16.5,28]}]}]}