{
	"format_version": "1.8.0",
	"animations": {
		"recoil": {
			"animation_length": 0.63,
			"bones": {
				"gun": {
					"rotation": {
						"0.0": {
							"post": [0, 0, 0],
							"lerp_mode": "catmullrom"
						},
						"0.04": {
							"post": [0.3142, 0, 0.2],
							"lerp_mode": "catmullrom"
						},
						"0.09": {
							"post": [-0.7, 0, -0.3],
							"lerp_mode": "catmullrom"
						},
						"0.17": {
							"post": [0.22, 0, 0.2],
							"lerp_mode": "catmullrom"
						},
						"0.27": {
							"post": [0.45, 0, -0.1],
							"lerp_mode": "catmullrom"
						},
						"0.39": {
							"post": [0.225, -0.2, 0.08],
							"lerp_mode": "catmullrom"
						},
						"0.51": {
							"post": [0.055, -0.075, -0.04],
							"lerp_mode": "catmullrom"
						},
						"0.63": [0, 0, 0]
					},
					"position": {
						"0.0": {
							"post": [0, 0, 0],
							"lerp_mode": "catmullrom"
						},
						"0.03": {
							"post": [0, -0.025, 0.2],
							"lerp_mode": "catmullrom"
						},
						"0.08": {
							"post": [0, -0.05, 0.25],
							"lerp_mode": "catmullrom"
						},
						"0.16": {
							"post": [0, -0.05, -0.04],
							"lerp_mode": "catmullrom"
						},
						"0.25": {
							"post": [0, -0.025, 0.1],
							"lerp_mode": "catmullrom"
						},
						"0.41": [0, 0, 0]
					}
				}
			}
		},
		"shoot": {
			"animation_length": 0.09,
			"bones": {
				"bolt": {
					"position": {
						"0.0": [0, 0, 0],
						"0.04": {
							"pre": [0, 0, 15],
							"post": [0, 0, 15],
							"lerp_mode": "catmullrom"
						},
						"0.09": [0, 0, 0]
					}
				}
			}
		},
		"reload": {
			"loop": "hold_on_last_frame",
			"animation_length": 2.54,
			"bones": {
				"gun": {
					"rotation": {
						"0.0": [0, 0, 0],
						"0.19": {
							"pre": [-7.43656, -0.9762, -7.43656],
							"post": [-7.43656, -0.9762, -7.43656],
							"lerp_mode": "catmullrom"
						},
						"0.33": {
							"post": [-9.89706, -1.32067, -9.40707],
							"lerp_mode": "catmullrom"
						},
						"0.46": {
							"post": [-9.78262, -2.00452, -5.84986],
							"lerp_mode": "catmullrom"
						},
						"0.54": {
							"post": [-8.28965, -1.85097, -5.90009],
							"lerp_mode": "catmullrom"
						},
						"0.65": {
							"post": [1.15033, -0.68604, -2.638],
							"lerp_mode": "catmullrom"
						},
						"0.9": {
							"post": [-3.33381, -0.96027, -8.6079],
							"lerp_mode": "catmullrom"
						},
						"1.19": {
							"post": [-1.83659, -0.90704, -6.116],
							"lerp_mode": "catmullrom"
						},
						"1.39": {
							"post": [-6.68791, -3.27781, -16.15168],
							"lerp_mode": "catmullrom"
						},
						"1.55": {
							"post": [-7.72289, -3.32664, -16.8516],
							"lerp_mode": "catmullrom"
						},
						"1.71": {
							"post": [-7.88612, -3.71723, -21.14222],
							"lerp_mode": "catmullrom"
						},
						"1.82": {
							"post": [-8.01002, -3.44065, -19.15756],
							"lerp_mode": "catmullrom"
						},
						"1.9": {
							"post": [-11.38728, -2.3696, -11.72476],
							"lerp_mode": "catmullrom"
						},
						"2.03": {
							"post": [-9.01002, -3.44065, -19.15756],
							"lerp_mode": "catmullrom"
						},
						"2.23": {
							"post": [-8.15124, -3.08918, -16.67836],
							"lerp_mode": "catmullrom"
						},
						"2.46": {
							"post": [0.6, 0, 0],
							"lerp_mode": "catmullrom"
						},
						"2.54": [0, 0, 0]
					},
					"position": {
						"0.0": [0, 0, 0],
						"0.19": {
							"pre": [-1, 1, -5],
							"post": [-1, 1, -5],
							"lerp_mode": "catmullrom"
						},
						"0.36": {
							"post": [-1.5, 1.5, -4.9],
							"lerp_mode": "catmullrom"
						},
						"0.46": {
							"post": [-1.9, 2, -4.9],
							"lerp_mode": "catmullrom"
						},
						"0.62": {
							"post": [-1.9, 0.2, -5.5],
							"lerp_mode": "catmullrom"
						},
						"0.78": {
							"post": [-1.9, -1.6, -5.9],
							"lerp_mode": "catmullrom"
						},
						"1.09": {
							"post": [-1.9, 0.2, -4.6],
							"lerp_mode": "catmullrom"
						},
						"1.31": {
							"post": [-2.9, 2.5, -3.6],
							"lerp_mode": "catmullrom"
						},
						"1.51": {
							"post": [-3.4, 1.8, -3.6],
							"lerp_mode": "catmullrom"
						},
						"1.68": {
							"post": [-3.7, 2.4, -3.2],
							"lerp_mode": "catmullrom"
						},
						"1.82": {
							"post": [-3.4, 1.9, -3.2],
							"lerp_mode": "catmullrom"
						},
						"1.9": {
							"post": [-3.9, 1.4, -3.2],
							"lerp_mode": "catmullrom"
						},
						"2.1": {
							"post": [-3.4, 2.6, -3.2],
							"lerp_mode": "catmullrom"
						},
						"2.36": {
							"post": [-0.9, 0.6, -1.7],
							"lerp_mode": "catmullrom"
						},
						"2.54": [0, 0, 0]
					}
				},
				"left_arm": {
					"rotation": {
						"0.0": [0, 0, 0],
						"0.1": {
							"pre": [-3.94388, -10.65073, -9.67506],
							"post": [-3.94388, -10.65073, -9.67506],
							"lerp_mode": "catmullrom"
						},
						"0.37": [-35.00879, 2.94574, -65.54675],
						"0.5": [-35.01, 2.95, -65.55],
						"0.7": {
							"pre": [-22.51, 2.95, -65.55],
							"post": [-22.51, 2.95, -65.55],
							"lerp_mode": "catmullrom"
						},
						"0.93": {
							"post": [-22.51, 2.95, -65.55],
							"lerp_mode": "catmullrom"
						},
						"0.96": {
							"post": [-18.58075, 8.00165, -52.43461],
							"lerp_mode": "catmullrom"
						},
						"1.18": [-18.58, 8, -52.43],
						"1.78": [-18.58, 8, -52.43],
						"1.86": {
							"pre": [-28.58, 8, -52.43],
							"post": [-28.58, 8, -52.43],
							"lerp_mode": "catmullrom"
						},
						"2.06": {
							"post": [-28.58, 8, -52.43],
							"lerp_mode": "catmullrom"
						},
						"2.27": {
							"post": [-5.37575, -5.11436, -21.32188],
							"lerp_mode": "catmullrom"
						},
						"2.46": [0, 0, 0]
					},
					"position": {
						"0.0": [0, 0, 0],
						"0.13": {
							"pre": [4, -11, 0],
							"post": [4, -11, 0],
							"lerp_mode": "catmullrom"
						},
						"0.35": [12, -24, 12],
						"0.5": [12, -24, 12],
						"0.7": {
							"pre": [12, -20, 16],
							"post": [12, -20, 16],
							"lerp_mode": "catmullrom"
						},
						"0.93": {
							"post": [17, -80, 16],
							"lerp_mode": "catmullrom"
						},
						"0.96": {
							"post": [15, -86, 14],
							"lerp_mode": "catmullrom"
						},
						"1.18": {
							"post": [15, -86, 14],
							"lerp_mode": "catmullrom"
						},
						"1.5": {
							"post": [15, -39, 14],
							"lerp_mode": "catmullrom"
						},
						"1.62": {
							"post": [14, -28, 14],
							"lerp_mode": "catmullrom"
						},
						"1.78": {
							"post": [11, -24, 14],
							"lerp_mode": "catmullrom"
						},
						"1.86": {
							"post": [10, -22, 10],
							"lerp_mode": "catmullrom"
						},
						"2.06": {
							"post": [10, -22, 10],
							"lerp_mode": "catmullrom"
						},
						"2.27": {
							"post": [0, -18, 1],
							"lerp_mode": "catmullrom"
						},
						"2.5": [0, 0, 0]
					}
				},
				"mag": {
					"position": {
						"0.5": [0, 0, 0],
						"0.7": {
							"pre": [0, -11, 0],
							"post": [0, -11, 0],
							"lerp_mode": "catmullrom"
						},
						"0.92": {
							"post": [5, -71, 0],
							"lerp_mode": "catmullrom"
						},
						"1.18": {
							"post": [5, -71, 0],
							"lerp_mode": "catmullrom"
						},
						"1.5": {
							"post": [5, -24, 0],
							"lerp_mode": "catmullrom"
						},
						"1.62": {
							"post": [4, -13, 0],
							"lerp_mode": "catmullrom"
						},
						"1.78": {
							"post": [0, -9, 0],
							"lerp_mode": "catmullrom"
						},
						"1.86": {
							"post": [0, 0, 0],
							"lerp_mode": "catmullrom"
						}
					}
				},
				"camera": {
					"rotation": {
						"0.0": [0, 0, 0],
						"0.35": {
							"pre": [1, 0.5, 0.2],
							"post": [1, 0.5, 0.2],
							"lerp_mode": "catmullrom"
						},
						"0.58": {
							"post": [1.3, 0.8, 0.2],
							"lerp_mode": "catmullrom"
						},
						"0.72": {
							"post": [-0.5, 1, 0.8],
							"lerp_mode": "catmullrom"
						},
						"0.86": {
							"post": [0.3, 1, -0.4],
							"lerp_mode": "catmullrom"
						},
						"1.05": {
							"post": [-0.2, 0.9, 0.25],
							"lerp_mode": "catmullrom"
						},
						"1.33": {
							"post": [0.1, 0.2, -0.1],
							"lerp_mode": "catmullrom"
						},
						"1.73": {
							"post": [-0.8, 0.8, 0.2],
							"lerp_mode": "catmullrom"
						},
						"1.84": {
							"post": [0.6, 1, -0.6],
							"lerp_mode": "catmullrom"
						},
						"1.97": {
							"post": [-0.4, 1, 0.3],
							"lerp_mode": "catmullrom"
						},
						"2.17": {
							"post": [0.2, 0.8, -0.1],
							"lerp_mode": "catmullrom"
						},
						"2.49": [0, 0, 0]
					}
				}
			},
			"sound_effects": {
				"0.67": {
					"effect": "ar_mag_off"
				},
				"1.81": {
					"effect": "ar_mag_attach"
				}
			}
		},
		"full_reload": {
			"loop": "hold_on_last_frame",
			"animation_length": 2.98,
			"bones": {
				"gun": {
					"rotation": {
						"0.0": [0, 0, 0],
						"0.19": {
							"pre": [-7.43656, -0.9762, -7.43656],
							"post": [-7.43656, -0.9762, -7.43656],
							"lerp_mode": "catmullrom"
						},
						"0.33": {
							"post": [-9.89706, -1.32067, -9.40707],
							"lerp_mode": "catmullrom"
						},
						"0.46": {
							"post": [-9.78262, -2.00452, -5.84986],
							"lerp_mode": "catmullrom"
						},
						"0.54": {
							"post": [-8.28965, -1.85097, -5.90009],
							"lerp_mode": "catmullrom"
						},
						"0.65": {
							"post": [1.15033, -0.68604, -2.638],
							"lerp_mode": "catmullrom"
						},
						"0.9": {
							"post": [-3.33381, -0.96027, -8.6079],
							"lerp_mode": "catmullrom"
						},
						"1.19": {
							"post": [-1.83659, -0.90704, -6.116],
							"lerp_mode": "catmullrom"
						},
						"1.39": {
							"post": [-6.68791, -3.27781, -16.15168],
							"lerp_mode": "catmullrom"
						},
						"1.55": {
							"post": [-7.72289, -3.32664, -16.8516],
							"lerp_mode": "catmullrom"
						},
						"1.71": {
							"post": [-7.88612, -3.71723, -21.14222],
							"lerp_mode": "catmullrom"
						},
						"1.82": {
							"post": [-8.01002, -3.44065, -19.15756],
							"lerp_mode": "catmullrom"
						},
						"1.9": {
							"post": [-11.38728, -2.3696, -11.72476],
							"lerp_mode": "catmullrom"
						},
						"2.03": {
							"post": [-9.01002, -3.44065, -19.15756],
							"lerp_mode": "catmullrom"
						},
						"2.23": {
							"post": [-3.4817, -2.00285, -9.25],
							"lerp_mode": "catmullrom"
						},
						"2.37": {
							"post": [-3.40978, -2.12307, -11.24768],
							"lerp_mode": "catmullrom"
						},
						"2.46": {
							"post": [0.72535, -2.26327, -12.23176],
							"lerp_mode": "catmullrom"
						},
						"2.55": {
							"post": [-1.90978, -2.12307, -11.24768],
							"lerp_mode": "catmullrom"
						},
						"2.86": {
							"post": [0, 0, 2.5],
							"lerp_mode": "catmullrom"
						},
						"2.98": [0, 0, 0]
					},
					"position": {
						"0.0": [0, 0, 0],
						"0.19": {
							"pre": [-1, 1, -5],
							"post": [-1, 1, -5],
							"lerp_mode": "catmullrom"
						},
						"0.36": {
							"post": [-1.5, 1.5, -4.9],
							"lerp_mode": "catmullrom"
						},
						"0.46": {
							"post": [-1.9, 2, -4.9],
							"lerp_mode": "catmullrom"
						},
						"0.62": {
							"post": [-1.9, 0.2, -5.5],
							"lerp_mode": "catmullrom"
						},
						"0.78": {
							"post": [-1.9, -1.6, -5.9],
							"lerp_mode": "catmullrom"
						},
						"1.09": {
							"post": [-1.9, 0.2, -4.6],
							"lerp_mode": "catmullrom"
						},
						"1.31": {
							"post": [-2.9, 2.5, -3.6],
							"lerp_mode": "catmullrom"
						},
						"1.51": {
							"post": [-3.4, 1.8, -3.6],
							"lerp_mode": "catmullrom"
						},
						"1.68": {
							"post": [-3.7, 2.4, -3.2],
							"lerp_mode": "catmullrom"
						},
						"1.82": {
							"post": [-3.4, 1.9, -3.2],
							"lerp_mode": "catmullrom"
						},
						"1.9": {
							"post": [-3.9, 1.4, -3.2],
							"lerp_mode": "catmullrom"
						},
						"2.1": {
							"post": [-3.4, 2.6, -3.2],
							"lerp_mode": "catmullrom"
						},
						"2.38": {
							"post": [-2.2, 1.6, -2.7],
							"lerp_mode": "catmullrom"
						},
						"2.46": {
							"post": [-2.85, 1.42, -3.3],
							"lerp_mode": "catmullrom"
						},
						"2.57": {
							"post": [-2.7, 1.2, -3.1],
							"lerp_mode": "catmullrom"
						},
						"2.79": {
							"post": [0, 0, 0.4],
							"lerp_mode": "catmullrom"
						},
						"2.9": [0, 0, 0]
					}
				},
				"left_arm": {
					"rotation": {
						"0.0": [0, 0, 0],
						"0.1": {
							"pre": [-3.94388, -10.65073, -9.67506],
							"post": [-3.94388, -10.65073, -9.67506],
							"lerp_mode": "catmullrom"
						},
						"0.37": [-35.00879, 2.94574, -65.54675],
						"0.5": [-35.01, 2.95, -65.55],
						"0.7": {
							"pre": [-22.51, 2.95, -65.55],
							"post": [-22.51, 2.95, -65.55],
							"lerp_mode": "catmullrom"
						},
						"0.93": {
							"post": [-22.51, 2.95, -65.55],
							"lerp_mode": "catmullrom"
						},
						"0.96": {
							"post": [-18.58075, 8.00165, -52.43461],
							"lerp_mode": "catmullrom"
						},
						"1.18": [-18.58, 8, -52.43],
						"1.78": [-18.58, 8, -52.43],
						"1.86": {
							"pre": [-28.58, 8, -52.43],
							"post": [-28.58, 8, -52.43],
							"lerp_mode": "catmullrom"
						},
						"2.05": {
							"post": [-28.58, 8, -52.43],
							"lerp_mode": "catmullrom"
						},
						"2.14": {
							"post": [-34.41889, -7.24302, -58.81943],
							"lerp_mode": "catmullrom"
						},
						"2.37": [-42.34182, -15.05008, -72.28993],
						"2.56": [-42.34, -15.05, -72.29],
						"2.72": {
							"pre": [-16.93712, -20.3854, -61.29625],
							"post": [-16.93712, -20.3854, -61.29625],
							"lerp_mode": "catmullrom"
						},
						"2.96": [0, 0, 0]
					},
					"position": {
						"0.0": [0, 0, 0],
						"0.13": {
							"pre": [4, -11, 0],
							"post": [4, -11, 0],
							"lerp_mode": "catmullrom"
						},
						"0.35": [12, -24, 12],
						"0.5": [12, -24, 12],
						"0.7": {
							"pre": [12, -20, 16],
							"post": [12, -20, 16],
							"lerp_mode": "catmullrom"
						},
						"0.93": {
							"post": [17, -80, 16],
							"lerp_mode": "catmullrom"
						},
						"0.96": {
							"post": [15, -86, 14],
							"lerp_mode": "catmullrom"
						},
						"1.18": {
							"post": [15, -86, 14],
							"lerp_mode": "catmullrom"
						},
						"1.5": {
							"post": [15, -39, 14],
							"lerp_mode": "catmullrom"
						},
						"1.62": {
							"post": [14, -28, 14],
							"lerp_mode": "catmullrom"
						},
						"1.78": {
							"post": [11, -24, 14],
							"lerp_mode": "catmullrom"
						},
						"1.86": {
							"post": [10, -22, 10],
							"lerp_mode": "catmullrom"
						},
						"2.05": {
							"post": [10, -22, 10],
							"lerp_mode": "catmullrom"
						},
						"2.37": [10, -13, 21],
						"2.56": [10, -13, 21],
						"2.74": {
							"pre": [4, -13, 11],
							"post": [4, -13, 11],
							"lerp_mode": "catmullrom"
						},
						"2.96": [0, 0, 0]
					}
				},
				"mag": {
					"position": {
						"0.5": [0, 0, 0],
						"0.7": {
							"pre": [0, -11, 0],
							"post": [0, -11, 0],
							"lerp_mode": "catmullrom"
						},
						"0.92": {
							"post": [5, -71, 0],
							"lerp_mode": "catmullrom"
						},
						"1.18": {
							"post": [5, -71, 0],
							"lerp_mode": "catmullrom"
						},
						"1.5": {
							"post": [5, -24, 0],
							"lerp_mode": "catmullrom"
						},
						"1.62": {
							"post": [4, -13, 0],
							"lerp_mode": "catmullrom"
						},
						"1.78": {
							"post": [0, -9, 0],
							"lerp_mode": "catmullrom"
						},
						"1.86": {
							"post": [0, 0, 0],
							"lerp_mode": "catmullrom"
						}
					}
				},
				"camera": {
					"rotation": {
						"0.0": [0, 0, 0],
						"0.35": {
							"pre": [1, 0.5, 0.2],
							"post": [1, 0.5, 0.2],
							"lerp_mode": "catmullrom"
						},
						"0.58": {
							"post": [1.3, 0.8, 0.2],
							"lerp_mode": "catmullrom"
						},
						"0.72": {
							"post": [-0.5, 1, 0.8],
							"lerp_mode": "catmullrom"
						},
						"0.86": {
							"post": [0.3, 1, -0.4],
							"lerp_mode": "catmullrom"
						},
						"1.05": {
							"post": [-0.2, 0.9, 0.25],
							"lerp_mode": "catmullrom"
						},
						"1.33": {
							"post": [0.1, 0.2, -0.1],
							"lerp_mode": "catmullrom"
						},
						"1.73": {
							"post": [-0.8, 0.8, 0.2],
							"lerp_mode": "catmullrom"
						},
						"1.84": {
							"post": [0.6, 1, -0.6],
							"lerp_mode": "catmullrom"
						},
						"1.97": {
							"post": [-0.4, 1, 0.3],
							"lerp_mode": "catmullrom"
						},
						"2.17": {
							"post": [0.2, 0.8, -0.1],
							"lerp_mode": "catmullrom"
						},
						"2.39": {
							"post": [0, 0, 0],
							"lerp_mode": "catmullrom"
						},
						"2.47": {
							"post": [0.5, 0, 0.6],
							"lerp_mode": "catmullrom"
						},
						"2.61": {
							"post": [-0.3, 0, -0.4],
							"lerp_mode": "catmullrom"
						},
						"2.8": {
							"post": [0.1, 0, 0.2],
							"lerp_mode": "catmullrom"
						},
						"2.96": [0, 0, 0]
					}
				},
				"bolt": {
					"position": {
						"2.38": [0, 0, 15],
						"2.43": {
							"pre": [0, 0, 0],
							"post": [0, 0, 0],
							"lerp_mode": "catmullrom"
						}
					}
				}
			},
			"sound_effects": {
				"0.67": {
					"effect": "ar_mag_off"
				},
				"1.81": {
					"effect": "ar_mag_attach"
				},
				"2.37": {
					"effect": "ar_bolt_release"
				}
			}
		}
	}
}