{
	"format_version": "1.8.0",
	"animations": {
		"shoot": {
			"animation_length": 0.09,
			"bones": {
				"barrel": {
					"rotation": {
						"0.0": [0, 0, 0],
						"0.03": {
							"pre": [0, 0, 0],
							"post": [0, 0, 0],
							"lerp_mode": "catmullrom"
						},
						"0.09": [0, 0, 0]
					},
					"position": {
						"0.0": [0, 0, 0],
						"0.03": {
							"pre": [0, -0.3, 0.5],
							"post": [0, -0.3, 0.5],
							"lerp_mode": "catmullrom"
						},
						"0.05": {
							"post": [0, -0.3, 0.44],
							"lerp_mode": "catmullrom"
						},
						"0.09": [0, 0, 0]
					}
				},
				"slide": {
					"position": {
						"0.0": [0, 0, 0],
						"0.03": {
							"pre": [0, 0, 6],
							"post": [0, 0, 6],
							"lerp_mode": "catmullrom"
						},
						"0.05": {
							"post": [0, 0, 5.08],
							"lerp_mode": "catmullrom"
						},
						"0.09": [0, 0, 0]
					}
				}
			}
		},
		"reload": {
			"loop": "hold_on_last_frame",
			"animation_length": 2,
			"bones": {
				"gun": {
					"rotation": {
						"0.0": [0, 0, 0],
						"0.0833": {
							"pre": [-7.43366, 1.29638, 5.85878],
							"post": [-7.43366, 1.29638, 5.85878],
							"lerp_mode": "catmullrom"
						},
						"0.2083": {
							"post": [-16.00091, -3.83345, -13.48342],
							"lerp_mode": "catmullrom"
						},
						"0.375": {
							"post": [-15.13142, -10.47001, -28.85463],
							"lerp_mode": "catmullrom"
						},
						"0.4583": {
							"post": [-15.56262, -9.80825, -26.40554],
							"lerp_mode": "catmullrom"
						},
						"0.525": {
							"post": [-17.26222, -6.26305, -14.29746],
							"lerp_mode": "catmullrom"
						},
						"0.6333": {
							"post": [-16.33496, -8.43352, -21.53651],
							"lerp_mode": "catmullrom"
						},
						"0.725": {
							"post": [-15.96396, -9.12899, -23.96633],
							"lerp_mode": "catmullrom"
						},
						"0.8167": {
							"post": [-16.26321, -8.57385, -22.02175],
							"lerp_mode": "catmullrom"
						},
						"0.8917": {
							"post": [-16.11602, -8.85267, -22.99331],
							"lerp_mode": "catmullrom"
						},
						"1.1583": {
							"post": [-10.72373, -10.25465, -38.3453],
							"lerp_mode": "catmullrom"
						},
						"1.25": {
							"post": [-11.07238, -9.87648, -36.35067],
							"lerp_mode": "catmullrom"
						},
						"1.2917": {
							"post": [-10.63443, -10.3473, -38.84469],
							"lerp_mode": "catmullrom"
						},
						"1.425": {
							"post": [-9.39692, -11.47762, -45.36733],
							"lerp_mode": "catmullrom"
						},
						"1.5167": {
							"post": [-10.81, -10.16, -37.85],
							"lerp_mode": "catmullrom"
						},
						"1.6583": {
							"post": [-9.88807, -11.0588, -42.85421],
							"lerp_mode": "catmullrom"
						},
						"1.825": {
							"post": [-4.62686, 2.23959, 13.39873],
							"lerp_mode": "catmullrom"
						},
						"2.0": [0, 0, 0]
					},
					"position": {
						"0.0": [0, 0, 0],
						"0.0833": {
							"pre": [0, 0.95259, 0.43288],
							"post": [0, 0.95259, 0.43288],
							"lerp_mode": "catmullrom"
						},
						"0.1833": {
							"post": [-2.43451, 1.79315, 0.38124],
							"lerp_mode": "catmullrom"
						},
						"0.325": {
							"post": [-4.29824, 2.23578, -0.33291],
							"lerp_mode": "catmullrom"
						},
						"0.4083": {
							"post": [-4.6, 2.44, -0.23],
							"lerp_mode": "catmullrom"
						},
						"0.475": {
							"post": [-4.4, 2.24, 0.07],
							"lerp_mode": "catmullrom"
						},
						"0.65": {
							"post": [-4.6, 0.74, 0.07],
							"lerp_mode": "catmullrom"
						},
						"0.725": {
							"post": [-5, 1.04, 0.07],
							"lerp_mode": "catmullrom"
						},
						"0.875": {
							"post": [-5.2, 2.04, 0.37],
							"lerp_mode": "catmullrom"
						},
						"1.0167": {
							"post": [-5.7, 1.54, -1.03],
							"lerp_mode": "catmullrom"
						},
						"1.175": {
							"post": [-6.6, 3.54, 0.07],
							"lerp_mode": "catmullrom"
						},
						"1.2583": {
							"post": [-6.4, 3.44, 0.07],
							"lerp_mode": "catmullrom"
						},
						"1.2917": {
							"post": [-6.6, 3.44, 0.07],
							"lerp_mode": "catmullrom"
						},
						"1.4083": {
							"post": [-6.63405, 3.11726, 0.19115],
							"lerp_mode": "catmullrom"
						},
						"1.4833": {
							"post": [-8.13, 3.52, 0.19],
							"lerp_mode": "catmullrom"
						},
						"1.7": {
							"post": [-5.13, 1.52, 1.19],
							"lerp_mode": "catmullrom"
						},
						"1.875": {
							"post": [0, 0, 0],
							"lerp_mode": "catmullrom"
						}
					}
				},
				"mag": {
					"position": {
						"0.4583": [0, 0, 0],
						"0.5": {
							"pre": [0, -5, 2],
							"post": [0, -5, 2],
							"lerp_mode": "catmullrom"
						},
						"0.725": [0, -57, 20],
						"0.75": {
							"pre": [-1, -42, 11],
							"post": [-1, -42, 11],
							"lerp_mode": "catmullrom"
						},
						"1.0333": {
							"post": [3.98291, -16.39641, 4.31966],
							"lerp_mode": "catmullrom"
						},
						"1.15": {
							"post": [1.57155, -16.26278, 6.80607],
							"lerp_mode": "catmullrom"
						},
						"1.2333": {
							"post": [-0.21869, -13.65906, 6.62107],
							"lerp_mode": "catmullrom"
						},
						"1.2833": {
							"post": [-0.36917, -12.27306, 6.38729],
							"lerp_mode": "catmullrom"
						},
						"1.4": {
							"post": [0, 0, 0],
							"lerp_mode": "catmullrom"
						}
					}
				},
				"left_arm": {
					"rotation": {
						"0.0333": [0, 0, 0],
						"0.1333": {
							"pre": [1.07026, -4.12762, 1.38927],
							"post": [1.07026, -4.12762, 1.38927],
							"lerp_mode": "catmullrom"
						},
						"0.275": {
							"post": [-12.90653, -4.23879, -24.05675],
							"lerp_mode": "catmullrom"
						},
						"0.3833": {
							"post": [-15.40653, -4.23879, -24.05675],
							"lerp_mode": "catmullrom"
						},
						"0.4583": [-14.39031, -1.6413, -19.66806],
						"0.5": {
							"pre": [-6.85587, -2.02498, -19.45491],
							"post": [-6.85587, -2.02498, -19.45491],
							"lerp_mode": "catmullrom"
						},
						"0.725": {
							"post": [13.14413, -2.02498, -19.45491],
							"lerp_mode": "catmullrom"
						},
						"0.75": {
							"post": [7.58236, -1.72564, -11.71463],
							"lerp_mode": "catmullrom"
						},
						"1.2917": {
							"post": [7.58, -1.73, -11.71],
							"lerp_mode": "catmullrom"
						},
						"1.4083": {
							"post": [-2.42, -1.73, -11.71],
							"lerp_mode": "catmullrom"
						},
						"1.45": [-3.15, -1.73, -11.71],
						"1.6083": [-2.42, -1.73, -11.71],
						"1.7833": {
							"pre": [4.83266, -5.21168, 26.01111],
							"post": [4.83266, -5.21168, 26.01111],
							"lerp_mode": "catmullrom"
						},
						"2.0": [0, 0, 0]
					},
					"position": {
						"0.0333": [0, 0, 0],
						"0.1333": {
							"pre": [2.99107, -1.97697, 0.38086],
							"post": [2.99107, -1.97697, 0.38086],
							"lerp_mode": "catmullrom"
						},
						"0.275": {
							"post": [8.54008, -9.65705, 0.88939],
							"lerp_mode": "catmullrom"
						},
						"0.3833": {
							"post": [3.08055, -13.85679, 4.0597],
							"lerp_mode": "catmullrom"
						},
						"0.4583": [3.08, -13.86, 4.06],
						"0.5": {
							"pre": [3.69743, -14.53014, 5.84036],
							"post": [3.69743, -14.53014, 5.84036],
							"lerp_mode": "catmullrom"
						},
						"0.725": {
							"post": [5.67736, -34.16987, 16.67354],
							"lerp_mode": "catmullrom"
						},
						"0.75": {
							"post": [2.20093, -42.40803, 16.49414],
							"lerp_mode": "catmullrom"
						},
						"1.0417": {
							"post": [7.18291, -16.80641, 9.80966],
							"lerp_mode": "catmullrom"
						},
						"1.1583": {
							"post": [4.77155, -16.67278, 12.29607],
							"lerp_mode": "catmullrom"
						},
						"1.2417": {
							"post": [2.98131, -14.06906, 12.11107],
							"lerp_mode": "catmullrom"
						},
						"1.2917": {
							"post": [2.83214, -12.68212, 11.87836],
							"lerp_mode": "catmullrom"
						},
						"1.4083": {
							"post": [1.76502, -10.52738, 8.52857],
							"lerp_mode": "catmullrom"
						},
						"1.45": [1.69, -10.37, 8.29],
						"1.6083": [1.77, -10.53, 8.53],
						"1.8333": {
							"pre": [7.44643, -4.8852, 3.24783],
							"post": [7.44643, -4.8852, 3.24783],
							"lerp_mode": "catmullrom"
						},
						"1.9583": {
							"post": [0, 0, 0],
							"lerp_mode": "catmullrom"
						}
					}
				},
				"camera": {
					"rotation": {
						"0.0": [0, 0, 0],
						"0.2833": {
							"pre": [1, 1, 1],
							"post": [1, 1, 1],
							"lerp_mode": "catmullrom"
						},
						"0.4583": {
							"post": [1.1, 1.2, 0],
							"lerp_mode": "catmullrom"
						},
						"0.5333": {
							"post": [-1, 2.5, -0.5],
							"lerp_mode": "catmullrom"
						},
						"0.6083": {
							"post": [0.5, 1.7, 0.3],
							"lerp_mode": "catmullrom"
						},
						"0.7083": {
							"post": [-0.3, 0.5, -0.1],
							"lerp_mode": "catmullrom"
						},
						"0.825": {
							"post": [0.1, -0.2, 0],
							"lerp_mode": "catmullrom"
						},
						"1.1667": {
							"post": [1.8, 1.8, -0.3],
							"lerp_mode": "catmullrom"
						},
						"1.2833": {
							"post": [2, 2, 0],
							"lerp_mode": "catmullrom"
						},
						"1.425": {
							"post": [1.5, 1, 0],
							"lerp_mode": "catmullrom"
						},
						"1.4667": {
							"post": [-1.3, 1.5, -1],
							"lerp_mode": "catmullrom"
						},
						"1.5333": {
							"post": [0.2, 1, 0.8],
							"lerp_mode": "catmullrom"
						},
						"1.6167": {
							"post": [-0.6, 1.5, -0.5],
							"lerp_mode": "catmullrom"
						},
						"1.75": {
							"post": [0.3, -0.1, 0.3],
							"lerp_mode": "catmullrom"
						},
						"1.9583": {
							"post": [0, 0, 0],
							"lerp_mode": "catmullrom"
						},
						"2.0": [0, 0, 0]
					}
				}
			},
			"sound_effects": {
				"0.3917": {
					"effect": "pistol_mag_off"
				},
				"1.4": {
					"effect": "pistol_mag_attach"
				}
			}
		},
		"full_reload": {
			"loop": "hold_on_last_frame",
			"animation_length": 2.8417,
			"bones": {
				"gun": {
					"rotation": {
						"0.0": [0, 0, 0],
						"0.0833": {
							"pre": [-7.43366, 1.29638, 5.85878],
							"post": [-7.43366, 1.29638, 5.85878],
							"lerp_mode": "catmullrom"
						},
						"0.2083": {
							"post": [-16.00091, -3.83345, -13.48342],
							"lerp_mode": "catmullrom"
						},
						"0.375": {
							"post": [-15.13142, -10.47001, -28.85463],
							"lerp_mode": "catmullrom"
						},
						"0.4583": {
							"post": [-15.56262, -9.80825, -26.40554],
							"lerp_mode": "catmullrom"
						},
						"0.525": {
							"post": [-17.26222, -6.26305, -14.29746],
							"lerp_mode": "catmullrom"
						},
						"0.6333": {
							"post": [-16.33496, -8.43352, -21.53651],
							"lerp_mode": "catmullrom"
						},
						"0.725": {
							"post": [-15.96396, -9.12899, -23.96633],
							"lerp_mode": "catmullrom"
						},
						"0.8167": {
							"post": [-16.26321, -8.57385, -22.02175],
							"lerp_mode": "catmullrom"
						},
						"0.8917": {
							"post": [-16.11602, -8.85267, -22.99331],
							"lerp_mode": "catmullrom"
						},
						"1.1583": {
							"post": [-10.72373, -10.25465, -38.3453],
							"lerp_mode": "catmullrom"
						},
						"1.25": {
							"post": [-11.07238, -9.87648, -36.35067],
							"lerp_mode": "catmullrom"
						},
						"1.2917": {
							"post": [-10.63443, -10.3473, -38.84469],
							"lerp_mode": "catmullrom"
						},
						"1.425": {
							"post": [-9.39692, -11.47762, -45.36733],
							"lerp_mode": "catmullrom"
						},
						"1.5167": {
							"post": [-10.81, -10.16, -37.85],
							"lerp_mode": "catmullrom"
						},
						"1.6583": {
							"post": [-9.88807, -11.0588, -42.85421],
							"lerp_mode": "catmullrom"
						},
						"1.9167": {
							"post": [-3.41962, 3.83881, 35.87459],
							"lerp_mode": "catmullrom"
						},
						"2.0917": {
							"post": [-3.58374, 3.68609, 33.37386],
							"lerp_mode": "catmullrom"
						},
						"2.1583": {
							"post": [-4.60345, 6.78124, 53.24787],
							"lerp_mode": "catmullrom"
						},
						"2.2833": {
							"post": [-2.36836, 2.15536, 35.99153],
							"lerp_mode": "catmullrom"
						},
						"2.4833": {
							"post": [-4.23298, 3.81096, 38.38754],
							"lerp_mode": "catmullrom"
						},
						"2.7083": {
							"post": [1.08316, 1.47185, -6.60279],
							"lerp_mode": "catmullrom"
						},
						"2.8417": [0, 0, 0]
					},
					"position": {
						"0.0": [0, 0, 0],
						"0.0833": {
							"pre": [0, 0.95259, 0.43288],
							"post": [0, 0.95259, 0.43288],
							"lerp_mode": "catmullrom"
						},
						"0.1833": {
							"post": [-2.43451, 1.79315, 0.38124],
							"lerp_mode": "catmullrom"
						},
						"0.325": {
							"post": [-4.29824, 2.23578, -0.33291],
							"lerp_mode": "catmullrom"
						},
						"0.4083": {
							"post": [-4.6, 2.44, -0.23],
							"lerp_mode": "catmullrom"
						},
						"0.475": {
							"post": [-4.4, 2.24, 0.07],
							"lerp_mode": "catmullrom"
						},
						"0.65": {
							"post": [-4.6, 0.74, 0.07],
							"lerp_mode": "catmullrom"
						},
						"0.725": {
							"post": [-5, 1.04, 0.07],
							"lerp_mode": "catmullrom"
						},
						"0.875": {
							"post": [-5.2, 2.04, 0.37],
							"lerp_mode": "catmullrom"
						},
						"1.0167": {
							"post": [-5.7, 1.54, -1.03],
							"lerp_mode": "catmullrom"
						},
						"1.175": {
							"post": [-6.6, 3.54, 0.07],
							"lerp_mode": "catmullrom"
						},
						"1.2583": {
							"post": [-6.4, 3.44, 0.07],
							"lerp_mode": "catmullrom"
						},
						"1.2917": {
							"post": [-6.6, 3.44, 0.07],
							"lerp_mode": "catmullrom"
						},
						"1.4083": {
							"post": [-6.63405, 3.11726, 0.19115],
							"lerp_mode": "catmullrom"
						},
						"1.4833": {
							"post": [-8.13, 3.52, 0.19],
							"lerp_mode": "catmullrom"
						},
						"1.7": {
							"post": [-5.13, 1.52, 1.19],
							"lerp_mode": "catmullrom"
						},
						"1.925": {
							"post": [-1, -2, 0],
							"lerp_mode": "catmullrom"
						},
						"2.0917": {
							"post": [-1, -2.3, 0],
							"lerp_mode": "catmullrom"
						},
						"2.1583": {
							"post": [-1.77, -2.5, 2],
							"lerp_mode": "catmullrom"
						},
						"2.45": {
							"post": [-1.87, -2.5, 1.8],
							"lerp_mode": "catmullrom"
						},
						"2.6833": [0, 0, 0]
					}
				},
				"mag": {
					"position": {
						"0.4583": [0, 0, 0],
						"0.5": {
							"pre": [0, -5, 2],
							"post": [0, -5, 2],
							"lerp_mode": "catmullrom"
						},
						"0.725": [0, -57, 20],
						"0.75": {
							"pre": [-1, -42, 11],
							"post": [-1, -42, 11],
							"lerp_mode": "catmullrom"
						},
						"1.0333": {
							"post": [3.98291, -16.39641, 4.31966],
							"lerp_mode": "catmullrom"
						},
						"1.15": {
							"post": [1.57155, -16.26278, 6.80607],
							"lerp_mode": "catmullrom"
						},
						"1.2333": {
							"post": [-0.21869, -13.65906, 6.62107],
							"lerp_mode": "catmullrom"
						},
						"1.2833": {
							"post": [-0.36917, -12.27306, 6.38729],
							"lerp_mode": "catmullrom"
						},
						"1.4": {
							"post": [0, 0, 0],
							"lerp_mode": "catmullrom"
						}
					}
				},
				"left_arm": {
					"rotation": {
						"0.0333": [0, 0, 0],
						"0.1333": {
							"pre": [1.07026, -4.12762, 1.38927],
							"post": [1.07026, -4.12762, 1.38927],
							"lerp_mode": "catmullrom"
						},
						"0.275": {
							"post": [-12.90653, -4.23879, -24.05675],
							"lerp_mode": "catmullrom"
						},
						"0.3833": {
							"post": [-15.40653, -4.23879, -24.05675],
							"lerp_mode": "catmullrom"
						},
						"0.4583": [-14.39031, -1.6413, -19.66806],
						"0.5": {
							"pre": [-6.85587, -2.02498, -19.45491],
							"post": [-6.85587, -2.02498, -19.45491],
							"lerp_mode": "catmullrom"
						},
						"0.725": {
							"post": [13.14413, -2.02498, -19.45491],
							"lerp_mode": "catmullrom"
						},
						"0.75": {
							"post": [7.58236, -1.72564, -11.71463],
							"lerp_mode": "catmullrom"
						},
						"1.2917": {
							"post": [7.58, -1.73, -11.71],
							"lerp_mode": "catmullrom"
						},
						"1.4083": {
							"post": [-2.42, -1.73, -11.71],
							"lerp_mode": "catmullrom"
						},
						"1.45": [-3.15, -1.73, -11.71],
						"1.6083": [-2.42, -1.73, -11.71],
						"1.7833": {
							"pre": [-15.6119, -4.46493, -46.08175],
							"post": [-15.6119, -4.46493, -46.08175],
							"lerp_mode": "catmullrom"
						},
						"1.9833": [-26.93146, -18.0957, -60.811],
						"2.0917": [-26.93, -18.1, -60.81],
						"2.1417": {
							"pre": [-44.43, -18.1, -60.81],
							"post": [-44.43, -18.1, -60.81],
							"lerp_mode": "catmullrom"
						},
						"2.25": {
							"post": [-51.93, -18.1, -60.81],
							"lerp_mode": "catmullrom"
						},
						"2.3917": {
							"post": [-9.93968, 0.36254, -27.72887],
							"lerp_mode": "catmullrom"
						},
						"2.5417": {
							"post": [0, 0, 0],
							"lerp_mode": "catmullrom"
						}
					},
					"position": {
						"0.0333": [0, 0, 0],
						"0.1333": {
							"pre": [2.99107, -1.97697, 0.38086],
							"post": [2.99107, -1.97697, 0.38086],
							"lerp_mode": "catmullrom"
						},
						"0.275": {
							"post": [8.54008, -9.65705, 0.88939],
							"lerp_mode": "catmullrom"
						},
						"0.3833": {
							"post": [3.08055, -13.85679, 4.0597],
							"lerp_mode": "catmullrom"
						},
						"0.4583": [3.08, -13.86, 4.06],
						"0.5": {
							"pre": [3.69743, -14.53014, 5.84036],
							"post": [3.69743, -14.53014, 5.84036],
							"lerp_mode": "catmullrom"
						},
						"0.725": {
							"post": [5.67736, -34.16987, 16.67354],
							"lerp_mode": "catmullrom"
						},
						"0.75": {
							"post": [2.20093, -42.40803, 16.49414],
							"lerp_mode": "catmullrom"
						},
						"1.0417": {
							"post": [7.18291, -16.80641, 9.80966],
							"lerp_mode": "catmullrom"
						},
						"1.1583": {
							"post": [4.77155, -16.67278, 12.29607],
							"lerp_mode": "catmullrom"
						},
						"1.2417": {
							"post": [2.98131, -14.06906, 12.11107],
							"lerp_mode": "catmullrom"
						},
						"1.2917": {
							"post": [2.83214, -12.68212, 11.87836],
							"lerp_mode": "catmullrom"
						},
						"1.4083": {
							"post": [1.76502, -10.52738, 8.52857],
							"lerp_mode": "catmullrom"
						},
						"1.45": [1.69, -10.37, 8.29],
						"1.6083": [1.77, -10.53, 8.53],
						"1.825": {
							"pre": [21.74, 3.41, 3.91],
							"post": [21.74, 3.41, 3.91],
							"lerp_mode": "catmullrom"
						},
						"2.0": [14.33585, 8.12178, -2.45562],
						"2.0917": [14.34, 8.12, -2.46],
						"2.1417": {
							"pre": [21.2937, 4.42801, 10.26852],
							"post": [21.2937, 4.42801, 10.26852],
							"lerp_mode": "catmullrom"
						},
						"2.25": {
							"post": [27.01959, 1.16199, 11.84855],
							"lerp_mode": "catmullrom"
						},
						"2.3917": {
							"post": [21.95788, -3.4552, -0.23615],
							"lerp_mode": "catmullrom"
						},
						"2.5417": {
							"post": [0, 0, 0],
							"lerp_mode": "catmullrom"
						}
					}
				},
				"barrel": {
					"rotation": {
						"2.1": [0, 0, 0],
						"2.175": {
							"pre": [0, 0, 0],
							"post": [0, 0, 0],
							"lerp_mode": "catmullrom"
						},
						"2.3833": [0, 0, 0]
					},
					"position": {
						"2.1": [0, 0, 0],
						"2.175": {
							"pre": [0, -0.3, 0.5],
							"post": [0, -0.3, 0.5],
							"lerp_mode": "catmullrom"
						},
						"2.275": {
							"post": [0, -0.3, 0.44],
							"lerp_mode": "catmullrom"
						},
						"2.3833": [0, 0, 0]
					}
				},
				"slide": {
					"position": {
						"2.1": [0, 0, 0],
						"2.1583": {
							"pre": [0, 0, 6],
							"post": [0, 0, 6],
							"lerp_mode": "catmullrom"
						},
						"2.2417": {
							"post": [0, 0, 5.08],
							"lerp_mode": "catmullrom"
						},
						"2.375": [0, 0, 0]
					}
				},
				"camera": {
					"rotation": {
						"0.0": [0, 0, 0],
						"0.2833": {
							"pre": [1, 1, 1],
							"post": [1, 1, 1],
							"lerp_mode": "catmullrom"
						},
						"0.4583": {
							"post": [1.1, 1.2, 0],
							"lerp_mode": "catmullrom"
						},
						"0.5333": {
							"post": [-1, 2.5, -0.5],
							"lerp_mode": "catmullrom"
						},
						"0.6083": {
							"post": [0.5, 1.7, 0.3],
							"lerp_mode": "catmullrom"
						},
						"0.7083": {
							"post": [-0.3, 0.5, -0.1],
							"lerp_mode": "catmullrom"
						},
						"0.825": {
							"post": [0.1, -0.2, 0],
							"lerp_mode": "catmullrom"
						},
						"1.1667": {
							"post": [1.8, 1.8, -0.3],
							"lerp_mode": "catmullrom"
						},
						"1.2833": {
							"post": [2, 2, 0],
							"lerp_mode": "catmullrom"
						},
						"1.425": {
							"post": [1.5, 1, 0],
							"lerp_mode": "catmullrom"
						},
						"1.4667": {
							"post": [-1.3, 1.5, -1],
							"lerp_mode": "catmullrom"
						},
						"1.5333": {
							"post": [0.2, 1, 0.8],
							"lerp_mode": "catmullrom"
						},
						"1.6167": {
							"post": [-0.6, 1.5, -0.5],
							"lerp_mode": "catmullrom"
						},
						"1.75": {
							"post": [0.3, -0.1, 0.3],
							"lerp_mode": "catmullrom"
						},
						"1.9583": {
							"post": [0, 0, 0],
							"lerp_mode": "catmullrom"
						},
						"2.0667": {
							"post": [0.2, 0.5, 0],
							"lerp_mode": "catmullrom"
						},
						"2.1417": {
							"post": [1.5, 1, 0],
							"lerp_mode": "catmullrom"
						},
						"2.1833": {
							"post": [-1.3, 1.5, 1],
							"lerp_mode": "catmullrom"
						},
						"2.25": {
							"post": [0.2, 1, -0.8],
							"lerp_mode": "catmullrom"
						},
						"2.3333": {
							"post": [-0.6, 1.5, 0.5],
							"lerp_mode": "catmullrom"
						},
						"2.4667": {
							"post": [0.3, -0.1, -0.3],
							"lerp_mode": "catmullrom"
						},
						"2.6667": [0, 0, 0]
					}
				}
			},
			"sound_effects": {
				"0.3917": {
					"effect": "pistol_mag_off"
				},
				"1.4": {
					"effect": "pistol_mag_attach"
				},
				"2.1083": {
					"effect": "pistol_slide_back"
				},
				"2.3583": {
					"effect": "pistol_slide_forward"
				}
			}
		},
		"recoil": {
			"animation_length": 0.525,
			"bones": {
				"gun": {
					"rotation": {
						"0.0": [0, 0, 0],
						"0.025": {
							"pre": [-2.49962, 0.04362, 0.99905],
							"post": [-2.49962, 0.04362, 0.99905],
							"lerp_mode": "catmullrom"
						},
						"0.05": {
							"post": [-7, 0, 0],
							"lerp_mode": "catmullrom"
						},
						"0.075": {
							"post": [-10.99837, -0.1908, -0.98163],
							"lerp_mode": "catmullrom"
						},
						"0.1167": {
							"post": [-1.00221, 0.01892, 1.00715],
							"lerp_mode": "catmullrom"
						},
						"0.1417": {
							"post": [0.49779, 0.01892, 1.00715],
							"lerp_mode": "catmullrom"
						},
						"0.1667": {
							"post": [0.8, 0.01892, 1.00715],
							"lerp_mode": "catmullrom"
						},
						"0.2": {
							"post": [-0.00221, 0.01892, 1.00715],
							"lerp_mode": "catmullrom"
						},
						"0.2833": {
							"post": [-1.2, -0.02436, -0.4],
							"lerp_mode": "catmullrom"
						},
						"0.375": {
							"post": [0, 0, 0],
							"lerp_mode": "catmullrom"
						},
						"0.45": {
							"post": [0, 0, 0.1],
							"lerp_mode": "catmullrom"
						},
						"0.525": [0, 0, 0]
					},
					"position": {
						"0.0": [0, 0, 0],
						"0.0167": {
							"pre": [0, 0, 2.4],
							"post": [0, 0, 2.4],
							"lerp_mode": "catmullrom"
						},
						"0.0417": {
							"post": [0, -0.1, 3.7],
							"lerp_mode": "catmullrom"
						},
						"0.0667": {
							"post": [0, -0.3, 3.8],
							"lerp_mode": "catmullrom"
						},
						"0.1": {
							"post": [0, 0, 0.3],
							"lerp_mode": "catmullrom"
						},
						"0.1333": {
							"post": [0, 0.1, -1.3],
							"lerp_mode": "catmullrom"
						},
						"0.1667": {
							"post": [0, 0, -0.3],
							"lerp_mode": "catmullrom"
						},
						"0.2083": {
							"post": [0, -0.2, 0.1],
							"lerp_mode": "catmullrom"
						},
						"0.3083": {
							"post": [0, -0.2, 0],
							"lerp_mode": "catmullrom"
						},
						"0.3917": {
							"post": [0, 0, 0],
							"lerp_mode": "catmullrom"
						},
						"0.45": {
							"post": [0, 0.06, 0],
							"lerp_mode": "catmullrom"
						},
						"0.5083": [0, 0, 0]
					}
				}
			}
		}
	}
}