{"format_version":"1.12.0","minecraft:geometry":[{"description":{"identifier":"geometry.unknown","texture_width":64,"texture_height":64,"visible_bounds_width":5,"visible_bounds_height":2,"visible_bounds_offset":[0,0,0]},"bones":[{"name":"root","pivot":[0,0,0]},{"name":"camera","parent":"root","pivot":[4.6,11,29.7],"cubes":[{"origin":[-2,0,0],"size":[2,2,2],"uv":{"north":{"uv":[0,0],"uv_size":[1,1]},"east":{"uv":[0,0],"uv_size":[1,1]},"south":{"uv":[0,0],"uv_size":[1,1]},"west":{"uv":[0,0],"uv_size":[1,1]},"up":{"uv":[1,1],"uv_size":[-1,-1]},"down":{"uv":[1,1],"uv_size":[-1,-1]}}}]},{"name":"gun","parent":"root","pivot":[0,0,0]},{"name":"left_arm","parent":"gun","pivot":[8.61449,-16.46175,24.09228],"rotation":[-106.3971,16.3558,6.7427]},{"name":"right_arm","parent":"gun","pivot":[-3.40027,-9.4801,27.94662],"rotation":[-98.7916,-4.11557,1.60046]},{"name":"barrel","parent":"gun","pivot":[0,3.1825,-5.225],"cubes":[{"origin":[-1.14,1.235,-9.785],"size":[2.28,3.61,4.56],"uv":{"north":{"uv":[37,0],"uv_size":[2.5,4]},"east":{"uv":[3,30],"uv_size":[5,4]},"south":{"uv":[22,37],"uv_size":[2.5,4]},"west":{"uv":[30,13],"uv_size":[5,4]},"up":{"uv":[34,0],"uv_size":[2.5,5]}}},{"origin":[-0.95,2.90425,-19.95475],"size":[0.95,0.95,0.475],"pivot":[0,2.90425,-19.95475],"rotation":[0,0,45],"uv":{"north":{"uv":[38,37],"uv_size":[1,1]}}},{"origin":[-0.88514,2.46669,-19.95237],"size":[1.77014,0.73316,10.545],"pivot":[0.885,3.19986,-19.90487],"rotation":[0,0,45],"uv":{"north":{"uv":[28,13],"uv_size":[2,1]},"east":{"uv":[17,13],"uv_size":[11,1]},"west":{"uv":[34,27],"uv_size":[11,1]}}},{"origin":[-0.88514,3.19986,-19.95237],"size":[1.77014,0.73316,10.545],"uv":{"north":{"uv":[28,27],"uv_size":[2,1]},"east":{"uv":[34,28],"uv_size":[11,1]},"west":{"uv":[34,29],"uv_size":[11,1]}}},{"origin":[0.15174,2.77029,-19.95237],"size":[0.73316,1.77014,10.545],"pivot":[0.15174,4.23661,-19.53829],"rotation":[0,0,45],"uv":{"north":{"uv":[11,12],"uv_size":[1,2]},"up":{"uv":[29,34],"uv_size":[1,11]},"down":{"uv":[0,46],"uv_size":[1,-11]}}},{"origin":[-0.36658,2.6813,-19.95237],"size":[0.73316,1.77014,10.545],"uv":{"north":{"uv":[25,37],"uv_size":[1,2]},"up":{"uv":[1,35],"uv_size":[1,11]},"down":{"uv":[2,46],"uv_size":[1,-11]}}}]},{"name":"body","parent":"gun","pivot":[0,5.225,-18.05],"cubes":[{"origin":[-1.9,0.95,-13.965],"size":[3.8,0.95,4.275],"uv":{"east":{"uv":[44,30],"uv_size":[4.5,1]},"west":{"uv":[44,31],"uv_size":[4.5,1]}}},{"origin":[-1.9,0.41408,-13.89391],"size":[3.8,0.798,4.294],"pivot":[0,5.33094,-18.52914],"rotation":[-1,0,0],"uv":{"east":{"uv":[44,35],"uv_size":[4.5,1]},"west":{"uv":[36,44],"uv_size":[4.5,1]},"down":{"uv":[17,36.5],"uv_size":[4,-4.5]}}},{"origin":[-1.9,0.47478,-7.24263],"size":[3.8,1.425,9.5],"uv":{"north":{"uv":[40,30],"uv_size":[4,1.5]},"east":{"uv":[31,10],"uv_size":[10,1.5]},"west":{"uv":[32,21],"uv_size":[10,1.5]}}},{"origin":[-1.9,1.32978,2.25737],"size":[3.8,0.57,2.185],"uv":{"east":{"uv":[3,53],"uv_size":[2.5,0.5]},"west":{"uv":[15,53],"uv_size":[2.5,0.5]},"up":{"uv":[13,38],"uv_size":[4,2.5]},"down":{"uv":[38,15.5],"uv_size":[4,-2.5]}}},{"origin":[-1.66486,1.32978,4.29748],"size":[3.32975,0.57,0.38],"uv":{"down":{"uv":[36,51.5],"uv_size":[3.5,-0.5]}}},{"origin":[1.42261,1.33217,4.44237],"size":[0.475,0.57,0.3325],"pivot":[1.89761,1.42717,4.44237],"rotation":[0,-45,0],"uv":{"west":{"uv":[55,31],"uv_size":[0.5,0.5]},"up":{"uv":[32,55],"uv_size":[0.5,0.5]},"down":{"uv":[55,32.5],"uv_size":[0.5,-0.5]}}},{"origin":[1.1875,1.33217,4.67748],"size":[0.475,0.3325,0.3325],"pivot":[1.6625,1.33217,4.67748],"rotation":[0,-45,0],"uv":{"west":{"uv":[39,55],"uv_size":[0.5,0.5]},"down":{"uv":[41,55.5],"uv_size":[0.5,-0.5]}}},{"origin":[0.95239,1.47467,4.504],"size":[0.475,0.19,0.4086],"pivot":[1.42739,1.66467,4.9126],"rotation":[-35.5,-45,0],"uv":{"west":{"uv":[44,55],"uv_size":[0.5,0.5]}}},{"origin":[-1.6591,1.33217,4.34161],"size":[0.3325,0.57,0.475],"pivot":[-1.3266,1.42717,4.34161],"rotation":[0,-45,0],"uv":{"south":{"uv":[46,55],"uv_size":[0.5,0.5]},"up":{"uv":[55,46],"uv_size":[0.5,0.5]},"down":{"uv":[47,55.5],"uv_size":[0.5,-0.5]}}},{"origin":[-1.14574,1.33217,3.90497],"size":[0.3325,0.3325,0.475],"pivot":[-1.76324,1.42717,3.90497],"rotation":[0,-45,0],"uv":{"south":{"uv":[55,47],"uv_size":[0.5,0.5]},"down":{"uv":[49,55.5],"uv_size":[0.5,-0.5]}}},{"origin":[-1.77709,1.44782,4.49647],"size":[0.40859,0.19,0.475],"pivot":[-1.36849,1.78032,4.97147],"rotation":[-30.29559,-35.0205,45.51353],"uv":{"south":{"uv":[55,49],"uv_size":[0.5,0.5]}}},{"origin":[-1.9,0.47478,2.20987],"size":[3.8,0.475,2.185],"pivot":[1.9,0.47478,2.20987],"rotation":[23.5,0,0],"uv":{"east":{"uv":[18,53],"uv_size":[2.5,0.5]},"west":{"uv":[22,53],"uv_size":[2.5,0.5]},"down":{"uv":[38,20.5],"uv_size":[4,-2.5]}}},{"origin":[-1.9,0.97353,2.23362],"size":[3.8,0.38,0.95],"pivot":[1.9,0.90228,2.20987],"rotation":[22.5,0,0],"uv":{"east":{"uv":[40,54],"uv_size":[1,0.5]},"west":{"uv":[41,54],"uv_size":[1,0.5]}}},{"origin":[-1.9,-1.85919,0.75585],"size":[3.8,2.85,1.425],"pivot":[1.9,0.51581,0.75585],"rotation":[-10,0,0],"uv":{"east":{"uv":[22,43],"uv_size":[1.5,3]},"south":{"uv":[22,34],"uv_size":[4,3]},"west":{"uv":[24,43],"uv_size":[1.5,3]}}},{"origin":[-1.8905,-0.04772,-7.05263],"size":[3.8,1.9,5.225],"pivot":[1.9,1.37728,-7.05263],"rotation":[-12.5,0,0],"uv":{"east":{"uv":[5,12],"uv_size":[5.5,2]},"west":{"uv":[34,30],"uv_size":[5.5,2]},"down":{"uv":[28,26.5],"uv_size":[4,-5.5]}}},{"origin":[-1.8905,-0.04772,-7.05263],"size":[3.8,1.9,5.225],"pivot":[1.9,1.37728,-7.05263],"rotation":[-12.5,0,0],"uv":{"east":{"uv":[5,12],"uv_size":[5.5,2]},"west":{"uv":[34,30],"uv_size":[5.5,2]},"down":{"uv":[28,26.5],"uv_size":[4,-5.5]}}},{"origin":[-1.90475,-11.92272,-4.82013],"size":[3.8095,11.4,5.7],"pivot":[1.9,-0.52272,-4.82013],"rotation":[21,0,0],"uv":{"north":{"uv":[17,0],"uv_size":[4,12]},"east":{"uv":[0,0],"uv_size":[6,12]},"south":{"uv":[5,18],"uv_size":[4,12]},"west":{"uv":[6,0],"uv_size":[6,12]},"down":{"uv":[9,34],"uv_size":[4,-6]}}},{"origin":[-1.90475,-11.92272,-4.82013],"size":[3.8095,11.4,5.7],"pivot":[1.9,-0.52272,-4.82013],"rotation":[21,0,0],"uv":{"north":{"uv":[17,0],"uv_size":[4,12]},"east":{"uv":[0,0],"uv_size":[6,12]},"south":{"uv":[5,18],"uv_size":[4,12]},"west":{"uv":[6,0],"uv_size":[6,12]},"down":{"uv":[9,34],"uv_size":[4,-6]}}},{"origin":[-1.9,-11.11803,-0.73474],"size":[3.8,1.425,5.225],"pivot":[1.9,-9.74053,-0.73474],"rotation":[5,0,0],"uv":{"east":{"uv":[33,38],"uv_size":[5.5,1.5]},"west":{"uv":[38,35],"uv_size":[5.5,1.5]},"down":{"uv":[22,33.5],"uv_size":[4,-5.5]}}},{"origin":[-0.95,-6.27303,-3.34724],"size":[1.9,1.425,1.425],"pivot":[0.95,-4.84803,-3.34724],"rotation":[-30,0,0],"uv":{"north":{"uv":[0,46],"uv_size":[2,1.5]},"east":{"uv":[39,49],"uv_size":[1.5,1.5]},"west":{"uv":[41,49],"uv_size":[1.5,1.5]},"down":{"uv":[45,47.5],"uv_size":[2,-1.5]}}},{"origin":[-0.95,-8.69553,-2.39724],"size":[1.9,1.425,1.425],"pivot":[0.95,-7.27053,-2.39724],"rotation":[-30,0,0],"uv":{"north":{"uv":[47,8],"uv_size":[2,1.5]},"east":{"uv":[49,46],"uv_size":[1.5,1.5]},"west":{"uv":[48,49],"uv_size":[1.5,1.5]},"down":{"uv":[22,48.5],"uv_size":[2,-1.5]}}},{"origin":[-1.425,-10.81781,-1.60496],"size":[2.85,0.95,0.95],"pivot":[1.425,-9.86781,-1.60496],"rotation":[-30,0,0],"uv":{"north":{"uv":[27,9],"uv_size":[3,1]},"east":{"uv":[44,47],"uv_size":[1,1]},"west":{"uv":[31,48],"uv_size":[1,1]},"down":{"uv":[47,28],"uv_size":[3,-1]}}},{"origin":[-1.9,-5.04526,2.80467],"size":[3.8,0.475,3.325],"pivot":[1.9,-4.57026,2.80467],"rotation":[-60,0,0],"uv":{"east":{"uv":[44,51],"uv_size":[3.5,0.5]},"west":{"uv":[51,46],"uv_size":[3.5,0.5]},"up":{"uv":[32,23],"uv_size":[4,3.5]}}},{"origin":[-1.9,-8.3998,4.46717],"size":[3.8,0.95,1.425],"pivot":[1.9,-7.4498,4.46717],"rotation":[-67.5,0,0],"uv":{"east":{"uv":[36,50],"uv_size":[1.5,1]},"west":{"uv":[19,51],"uv_size":[1.5,1]},"up":{"uv":[41,6],"uv_size":[4,1.5]}}},{"origin":[-1.9,-10.66632,3.58749],"size":[3.8,1.9,1.425],"uv":{"east":{"uv":[24,47],"uv_size":[1.5,2]},"south":{"uv":[25,39],"uv_size":[4,2]},"west":{"uv":[29,47],"uv_size":[1.5,2]},"down":{"uv":[41,9.5],"uv_size":[4,-1.5]}}},{"origin":[-0.95,-3.58882,-4.86751],"size":[1.9,1.9,1.9],"pivot":[0.95,-1.68882,-4.86751],"rotation":[-20,0,0],"uv":{"north":{"uv":[45,8],"uv_size":[2,2]},"east":{"uv":[45,27],"uv_size":[2,2]},"west":{"uv":[29,45],"uv_size":[2,2]},"down":{"uv":[45,34],"uv_size":[2,-2]}}},{"origin":[-0.95,-4.68132,-7.24251],"size":[1.9,0.855,2.375],"pivot":[0.95,-3.73132,-7.24251],"rotation":[25,0,0],"uv":{"east":{"uv":[49,7],"uv_size":[2.5,1]},"west":{"uv":[49,8],"uv_size":[2.5,1]},"up":{"uv":[30,42],"uv_size":[2,2.5]},"down":{"uv":[43,2.5],"uv_size":[2,-2.5]}}},{"origin":[-0.95,-4.36532,-12.01961],"size":[1.9,0.855,5.225],"pivot":[0.95,-3.41532,-12.01961],"rotation":[-2.5,0,0],"uv":{"north":{"uv":[3,29],"uv_size":[2,1]},"east":{"uv":[42,15],"uv_size":[5.5,1]},"west":{"uv":[42,20],"uv_size":[5.5,1]},"up":{"uv":[36,32],"uv_size":[2,5.5]},"down":{"uv":[17,42.5],"uv_size":[2,-5.5]}}},{"origin":[-0.95,-3.63235,-11.5834],"size":[1.9,0.7125,1.33],"pivot":[0.95,-2.77735,-11.5834],"rotation":[-31,0,0],"uv":{"north":{"uv":[34,32],"uv_size":[2,1]},"east":{"uv":[29,51],"uv_size":[1.5,1]},"west":{"uv":[40,51],"uv_size":[1.5,1]},"up":{"uv":[47,32],"uv_size":[2,1.5]}}},{"origin":[-0.95,-3.36782,-11.44961],"size":[1.9,3.04,0.855],"pivot":[0.95,-0.42282,-11.44961],"rotation":[-5,0,0],"uv":{"north":{"uv":[3,26],"uv_size":[2,3]},"east":{"uv":[14,44],"uv_size":[1,3]},"south":{"uv":[13,41],"uv_size":[2,3]},"west":{"uv":[31,45],"uv_size":[1,3]}}},{"origin":[-0.95,-0.13782,-12.20961],"size":[1.9,1.425,1.9],"pivot":[0.95,1.28718,-12.20961],"rotation":[-32.5,0,0],"uv":{"east":{"uv":[36,47],"uv_size":[2,1.5]},"west":{"uv":[38,47],"uv_size":[2,1.5]},"down":{"uv":[36,47],"uv_size":[2,-2]}}},{"origin":[-0.7125,-1.99032,-6.93711],"size":[1.425,1.9,1.425],"pivot":[0.475,-0.09032,-6.93711],"rotation":[-10,0,0],"uv":{"north":{"uv":[40,47],"uv_size":[1.5,2]},"east":{"uv":[42,47],"uv_size":[1.5,2]},"south":{"uv":[47,46],"uv_size":[1.5,2]},"west":{"uv":[0,48],"uv_size":[1.5,2]},"down":{"uv":[0,51.5],"uv_size":[1.5,-1.5]}}},{"origin":[-0.7125,-2.95895,-7.12454],"size":[1.425,1.425,0.95],"pivot":[0.475,-1.53395,-7.12454],"rotation":[-37.5,0,0],"uv":{"north":{"uv":[50,0],"uv_size":[1.5,1.5]},"east":{"uv":[31,50],"uv_size":[1,1.5]},"south":{"uv":[50,13],"uv_size":[1.5,1.5]},"west":{"uv":[42,51],"uv_size":[1,1.5]},"down":{"uv":[0,53],"uv_size":[1.5,-1]}}},{"origin":[-0.95,0.09968,-10.68961],"size":[1.9,1.425,1.9],"pivot":[0.95,1.52468,-10.68961],"rotation":[-52.5,0,0],"uv":{"east":{"uv":[48,20],"uv_size":[2,1.5]},"south":{"uv":[44,48],"uv_size":[2,1.5]},"west":{"uv":[46,48],"uv_size":[2,1.5]}}},{"origin":[-1.425,-11.92272,-5.34263],"size":[2.85,11.4,0.475],"pivot":[1.425,-0.52272,-5.34263],"rotation":[21,0,0],"uv":{"north":{"uv":[13,18],"uv_size":[3,12]},"east":{"uv":[15,41],"uv_size":[0.5,12]},"west":{"uv":[16,41],"uv_size":[0.5,12]},"down":{"uv":[52,7.5],"uv_size":[3,-0.5]}}},{"origin":[-1.425,-2.13772,2.25737],"size":[2.85,0.95,3.325],"pivot":[1.425,-1.18772,2.25737],"rotation":[-70,0,0],"uv":{"east":{"uv":[46,13],"uv_size":[3.5,1]},"west":{"uv":[46,14],"uv_size":[3.5,1]},"up":{"uv":[35,13],"uv_size":[3,3.5]}}},{"origin":[-1.4155,-4.46522,3.06487],"size":[2.85,0.95,3.325],"pivot":[1.425,-3.51522,3.06487],"rotation":[-60,0,0],"uv":{"east":{"uv":[46,18],"uv_size":[3.5,1]},"west":{"uv":[46,19],"uv_size":[3.5,1]},"up":{"uv":[36,23],"uv_size":[3,3.5]}}},{"origin":[-1.425,-7.31522,4.72737],"size":[2.85,0.95,2.375],"pivot":[1.425,-6.36522,4.72737],"rotation":[-67.5,0,0],"uv":{"east":{"uv":[49,9],"uv_size":[2.5,1]},"west":{"uv":[22,49],"uv_size":[2.5,1]},"up":{"uv":[3,39],"uv_size":[3,2.5]}}},{"origin":[-1.4345,-9.50943,5.63625],"size":[2.85,0.95,1.425],"pivot":[1.425,-8.55943,5.63625],"rotation":[-85,0,0],"uv":{"east":{"uv":[52,8],"uv_size":[1.5,1]},"south":{"uv":[47,28],"uv_size":[3,1]},"west":{"uv":[52,9],"uv_size":[1.5,1]},"up":{"uv":[41,44],"uv_size":[3,1.5]}}},{"origin":[-1.425,-1.38693,1.74125],"size":[2.85,1.9,0.95],"pivot":[1.425,0.46557,1.83625],"rotation":[-10,0,0],"uv":{"east":{"uv":[14,50],"uv_size":[1,2]},"south":{"uv":[13,30],"uv_size":[3,2]},"west":{"uv":[22,50],"uv_size":[1,2]}}},{"origin":[-1.4155,0.10889,1.89024],"size":[2.85,1.9,0.475],"pivot":[-1.425,0.01389,2.36524],"rotation":[-53.5,0,0],"uv":{"east":{"uv":[17,54],"uv_size":[0.5,2]},"south":{"uv":[41,10],"uv_size":[3,2]},"west":{"uv":[18,54],"uv_size":[0.5,2]}}},{"origin":[-1.425,1.13344,3.48837],"size":[2.85,0.95,0.19],"pivot":[1.425,1.13344,3.67837],"rotation":[-77.5,0,0],"uv":{"east":{"uv":[42,54],"uv_size":[0.5,1]},"south":{"uv":[47,34],"uv_size":[3,1]},"west":{"uv":[43,54],"uv_size":[0.5,1]}}},{"origin":[-1.425,-0.15902,-7.1922],"size":[2.85,0.95,2.375],"pivot":[1.425,0.31598,-7.0972],"rotation":[-20,0,0],"uv":{"east":{"uv":[29,49],"uv_size":[2.5,1]},"west":{"uv":[49,29],"uv_size":[2.5,1]},"down":{"uv":[10,41.5],"uv_size":[3,-2.5]}}},{"origin":[-1.425,-0.14538,-10.05643],"size":[2.85,2.28,2.85],"pivot":[1.425,-0.14538,-7.20643],"rotation":[-4.2,0,0],"uv":{"east":{"uv":[39,37],"uv_size":[3,2.5]},"west":{"uv":[40,0],"uv_size":[3,2.5]},"down":{"uv":[38,35],"uv_size":[3,-3]}}},{"origin":[-1.9,0.25899,-9.68708],"size":[3.8,0.19,0.4845],"pivot":[1.9,0.25899,-9.68708],"rotation":[45,0,0],"uv":{"east":{"uv":[55,51],"uv_size":[0.5,0.5]},"west":{"uv":[52,55],"uv_size":[0.5,0.5]},"down":{"uv":[50,43.5],"uv_size":[4,-0.5]}}},{"origin":[-1.9,0.55208,-10.18565],"size":[3.8,1.3452,0.475],"pivot":[1.9,1.97708,-9.71065],"rotation":[15,0,0],"uv":{"east":{"uv":[35,54],"uv_size":[0.5,1.5]},"south":{"uv":[22,41],"uv_size":[4,1.5]},"west":{"uv":[36,54],"uv_size":[0.5,1.5]}}},{"origin":[-1.9,0.11772,-8.2832],"size":[3.8,1.425,0.95],"pivot":[1.9,2.01772,-8.2832],"rotation":[15,0,0],"uv":{"north":{"uv":[41,32],"uv_size":[4,1.5]},"east":{"uv":[12,52],"uv_size":[1,1.5]},"west":{"uv":[14,52],"uv_size":[1,1.5]},"up":{"uv":[45,29],"uv_size":[4,1]}}},{"origin":[-1.9,0.18246,-7.79144],"size":[3.8,0.475,0.475],"pivot":[1.9,0.18246,-7.79144],"rotation":[-25,0,0],"uv":{"east":{"uv":[53,55],"uv_size":[0.5,0.5]},"west":{"uv":[54,55],"uv_size":[0.5,0.5]},"down":{"uv":[50,49.5],"uv_size":[4,-0.5]}}},{"origin":[-1.9,0.52966,-9.06548],"size":[3.8,0.95,0.475],"pivot":[1.9,1.47966,-9.06548],"rotation":[15,0,0],"uv":{"north":{"uv":[44,45],"uv_size":[4,1]},"east":{"uv":[54,43],"uv_size":[0.5,1]},"south":{"uv":[46,3],"uv_size":[4,1]},"west":{"uv":[44,54],"uv_size":[0.5,1]},"up":{"uv":[50,50],"uv_size":[4,0.5]},"down":{"uv":[51,4.5],"uv_size":[4,-0.5]}}},{"origin":[-2.09815,1.76088,-13.965],"size":[0.3325,0.3325,4.275],"pivot":[-1.76565,2.23588,-13.965],"rotation":[0,0,-45],"uv":{"north":{"uv":[55,54],"uv_size":[0.5,0.5]},"south":{"uv":[55,55],"uv_size":[0.5,0.5]},"up":{"uv":[2,49],"uv_size":[0.5,4.5]}}},{"origin":[-1.9,1.56728,-7.24263],"size":[0.3325,0.3325,11.685],"pivot":[-1.9,1.89978,-7.24263],"rotation":[0,0,-45],"uv":{"north":{"uv":[0,56],"uv_size":[0.5,0.5]},"south":{"uv":[56,0],"uv_size":[0.5,0.5]},"up":{"uv":[33,40],"uv_size":[0.5,12.5]}}},{"origin":[1.22212,1.76066,-7.24263],"size":[0.342,0.3325,11.685],"pivot":[1.56412,2.23566,-7.31863],"rotation":[0,0,-45],"uv":{"north":{"uv":[1,56],"uv_size":[0.5,0.5]},"south":{"uv":[56,1],"uv_size":[0.5,0.5]},"west":{"uv":[39,26],"uv_size":[12.5,0.5]}}},{"origin":[-1.66486,1.80239,4.44237],"size":[3.32975,0.3325,0.3325],"pivot":[1.66489,2.13489,4.44237],"rotation":[-45,0,0],"uv":{"east":{"uv":[2,56],"uv_size":[0.5,0.5]},"west":{"uv":[3,56],"uv_size":[0.5,0.5]},"up":{"uv":[52,0],"uv_size":[3.5,0.5]}}},{"origin":[-1.42736,1.56728,4.67748],"size":[2.85475,0.3325,0.3325],"pivot":[1.42739,1.89978,4.67748],"rotation":[-45,0,0],"uv":{"up":{"uv":[18,52],"uv_size":[3,0.5]}}},{"origin":[-1.66172,1.56884,4.67593],"size":[0.1995,0.3325,0.4086],"pivot":[-1.66172,1.90134,4.67593],"rotation":[-50.67731,23.92746,-26.341],"uv":{"up":{"uv":[10,56],"uv_size":[0.5,0.5]}}},{"origin":[1.46539,1.56728,4.67748],"size":[0.1995,0.3325,0.40861],"pivot":[1.66489,1.89978,4.67748],"rotation":[-50.67731,-23.92746,26.341],"uv":{"up":{"uv":[56,13],"uv_size":[0.5,0.5]}}},{"origin":[-1.16611,2.06126,0.33127],"size":[2.33225,0.19,4.1325],"uv":{"east":{"uv":[50,3],"uv_size":[4.5,0.5]},"south":{"uv":[53,24],"uv_size":[2.5,0.5]},"west":{"uv":[50,18],"uv_size":[4.5,0.5]}}},{"origin":[-1.35611,2.25126,0.33127],"size":[2.71225,0.19,4.1325],"uv":{"east":{"uv":[50,19],"uv_size":[4.5,0.5]},"south":{"uv":[26,52],"uv_size":[3,0.5]},"west":{"uv":[50,20],"uv_size":[4.5,0.5]},"up":{"uv":[30,33],"uv_size":[3,4.5]},"down":{"uv":[33,37.5],"uv_size":[3,-4.5]}}},{"origin":[-1.42736,1.33217,4.5801],"size":[2.85475,0.3325,0.3325],"uv":{"south":{"uv":[29,52],"uv_size":[3,0.5]},"down":{"uv":[52,30.5],"uv_size":[3,-0.5]}}},{"origin":[1.23162,1.76088,-13.965],"size":[0.3325,0.3325,4.275],"pivot":[1.56412,2.23588,-13.965],"rotation":[0,0,-45],"uv":{"north":{"uv":[17,56],"uv_size":[0.5,0.5]},"south":{"uv":[56,17],"uv_size":[0.5,0.5]},"west":{"uv":[50,21],"uv_size":[4.5,0.5]}}},{"origin":[1.76049,-1.69926,-2.755],"size":[0.475,0.475,2.85],"pivot":[2.23549,-1.22426,-2.755],"rotation":[0,0,45],"uv":{"north":{"uv":[18,56],"uv_size":[0.5,0.5]},"south":{"uv":[56,18],"uv_size":[0.5,0.5]},"west":{"uv":[52,31],"uv_size":[3,0.5]},"up":{"uv":[32,52],"uv_size":[0.5,3]}}},{"origin":[-1.6625,1.045,-19.4275],"size":[3.325,1.06875,5.7],"uv":{"north":{"uv":[22,46],"uv_size":[3.5,1]},"east":{"uv":[40,3],"uv_size":[6,1]},"west":{"uv":[41,34],"uv_size":[6,1]},"up":{"uv":[26,28],"uv_size":[3.5,6]},"down":{"uv":[30,6],"uv_size":[3.5,-6]}}},{"origin":[-1.1875,0.475,-19.3325],"size":[2.375,0.57,5.225],"uv":{"east":{"uv":[48,45],"uv_size":[5.5,0.5]},"west":{"uv":[48,48],"uv_size":[5.5,0.5]}}},{"origin":[-1.1875,0.475,-19.3325],"size":[2.375,0.5795,0.095],"pivot":[-1.1875,0.475,-19.3325],"rotation":[9.5,0,0],"uv":{"north":{"uv":[26,53],"uv_size":[2.5,0.5]},"east":{"uv":[19,56],"uv_size":[0.5,0.5]},"west":{"uv":[56,19],"uv_size":[0.5,0.5]}}},{"origin":[-1.4725,0.1045,-18.0025],"size":[2.945,0.5225,8.075],"pivot":[0.0475,5.3295,-17.48],"rotation":[-0.3,0,0],"uv":{"east":{"uv":[45,2],"uv_size":[8.5,0.5]},"south":{"uv":[52,32],"uv_size":[3,0.5]},"west":{"uv":[45,6],"uv_size":[8.5,0.5]},"up":{"uv":[0,26],"uv_size":[3,8.5]},"down":{"uv":[27,8.5],"uv_size":[3,-8.5]}}},{"origin":[1.17385,0.10731,-19.02535],"size":[0.285,0.5225,0.9975],"pivot":[1.45885,0.62981,-18.07535],"rotation":[0,16.7,0],"uv":{"west":{"uv":[45,54],"uv_size":[1,0.5]},"up":{"uv":[54,45],"uv_size":[0.5,1]},"down":{"uv":[46,55],"uv_size":[0.5,-1]}}},{"origin":[0.42038,2.44406,3.11951],"size":[0.456,0.4465,1.2825],"uv":{"east":{"uv":[56,20],"uv_size":[0.5,0.5]},"south":{"uv":[56,21],"uv_size":[0.5,0.5]},"west":{"uv":[22,56],"uv_size":[0.5,0.5]},"up":{"uv":[56,22],"uv_size":[0.5,0.5]}}},{"origin":[-1.47088,0.10731,-18.94345],"size":[0.285,0.5225,0.9975],"pivot":[-1.18588,0.62981,-17.99345],"rotation":[0,-16.7,0],"uv":{"east":{"uv":[47,54],"uv_size":[1,0.5]},"up":{"uv":[48,54],"uv_size":[0.5,1]},"down":{"uv":[54,49],"uv_size":[0.5,-1]}}},{"origin":[-1.1875,0.10817,-18.98072],"size":[2.375,0.5225,0.9595],"uv":{"down":{"uv":[49,31],"uv_size":[2.5,-1]}}},{"origin":[-1.1875,0.475,-19.3325],"size":[2.375,0.5225,0.50825],"pivot":[1.1875,0.475,-19.3325],"rotation":[-46.2,0,0],"uv":{"east":{"uv":[56,23],"uv_size":[0.5,0.5]},"west":{"uv":[24,56],"uv_size":[0.5,0.5]},"down":{"uv":[29,53.5],"uv_size":[2.5,-0.5]}}},{"origin":[1.0925,1.92375,-2.85],"size":[0.95,0.285,0.76],"pivot":[1.0925,2.20875,-2.85],"rotation":[0,0,7.5],"uv":{"north":{"uv":[54,49],"uv_size":[1,0.5]},"south":{"uv":[50,54],"uv_size":[1,0.5]},"up":{"uv":[38,50],"uv_size":[1,1]}}},{"origin":[1.74937,1.32475,-2.85],"size":[0.285,0.76,1.235],"pivot":[2.03437,2.08475,-2.85],"rotation":[0,0,-5],"uv":{"north":{"uv":[51,54],"uv_size":[0.5,1]},"south":{"uv":[52,54],"uv_size":[0.5,1]},"west":{"uv":[52,33],"uv_size":[1.5,1]},"up":{"uv":[37,54],"uv_size":[0.5,1.5]},"down":{"uv":[46.3,58.6],"uv_size":[0,0]}}},{"origin":[1.14,-3.61,-4.6075],"size":[0.95,1.425,0.95],"pivot":[2.09,-2.185,-4.6075],"rotation":[21,0,0],"uv":{"north":{"uv":[36,52],"uv_size":[1,1.5]},"south":{"uv":[37,52],"uv_size":[1,1.5]},"west":{"uv":[38,52],"uv_size":[1,1.5]},"up":{"uv":[10,53],"uv_size":[1,1]},"down":{"uv":[11,54],"uv_size":[1,-1]}}},{"origin":[-2.03951,-1.69926,-2.755],"size":[0.475,0.475,2.85],"pivot":[-1.56451,-1.22426,-2.755],"rotation":[0,0,45],"uv":{"north":{"uv":[56,24],"uv_size":[0.5,0.5]},"east":{"uv":[52,35],"uv_size":[3,0.5]},"south":{"uv":[25,56],"uv_size":[0.5,0.5]},"down":{"uv":[39,55],"uv_size":[0.5,-3]}}},{"origin":[-1.44101,0.3325,-14.47074],"size":[0.475,1.5675,0.95],"pivot":[-0.96601,-0.1425,-14.47074],"rotation":[0,-35,0],"uv":{"north":{"uv":[19,54],"uv_size":[0.5,2]},"east":{"uv":[23,50],"uv_size":[1,2]},"up":{"uv":[53,54],"uv_size":[0.5,1]}}},{"origin":[0.8801,0.3325,-14.74319],"size":[0.475,1.5675,0.95],"pivot":[1.3551,-0.1425,-14.74319],"rotation":[0,35,0],"uv":{"north":{"uv":[20,54],"uv_size":[0.5,2]},"west":{"uv":[24,50],"uv_size":[1,2]},"up":{"uv":[0,55],"uv_size":[0.5,1]},"down":{"uv":[1,56],"uv_size":[0.5,-1]}}},{"origin":[-0.475,1.2825,-19.76],"size":[0.475,0.475,9.975],"pivot":[0,1.2825,-19.76],"rotation":[0,0,45],"uv":{"north":{"uv":[56,25],"uv_size":[0.5,0.5]},"east":{"uv":[42,37],"uv_size":[10.5,0.5]},"west":{"uv":[42,38],"uv_size":[10.5,0.5]},"up":{"uv":[26,41],"uv_size":[0.5,10.5]},"down":{"uv":[27,51.5],"uv_size":[0.5,-10.5]}}}]},{"name":"slide","parent":"gun","pivot":[0,5.20125,-18.05],"cubes":[{"origin":[-0.2375,4.63125,-18.0025],"size":[0.475,0.9025,0.95],"uv":{"east":{"uv":[54,11],"uv_size":[1,1]},"south":{"uv":[3,55],"uv_size":[0.5,1]},"west":{"uv":[22,54],"uv_size":[1,1]},"up":{"uv":[55,3],"uv_size":[0.5,1]}}},{"origin":[-0.2375,4.63125,-18.0025],"size":[0.475,0.9025,0.95],"pivot":[0.2375,5.53375,-18.0025],"rotation":[-45,0,0],"uv":{"north":{"uv":[4,55],"uv_size":[0.5,1]},"east":{"uv":[23,54],"uv_size":[1,1]},"west":{"uv":[24,54],"uv_size":[1,1]}}},{"origin":[0.285,4.53625,3.135],"size":[0.6175,0.95,0.665],"uv":{"north":{"uv":[55,7],"uv_size":[0.5,1]},"east":{"uv":[8,55],"uv_size":[0.5,1]},"south":{"uv":[10,55],"uv_size":[0.5,1]},"up":{"uv":[26,56],"uv_size":[0.5,0.5]}}},{"origin":[0.9025,5.01125,3.1255],"size":[0.7125,0.475,0.665],"pivot":[0.9025,5.48625,3.135],"rotation":[0,0,60],"uv":{"north":{"uv":[11,55],"uv_size":[1,0.5]},"south":{"uv":[55,11],"uv_size":[1,0.5]},"up":{"uv":[12,55],"uv_size":[1,0.5]}}},{"origin":[-1.25875,4.39421,3.1255],"size":[0.7125,0.475,0.665],"pivot":[-1.25875,4.86921,3.135],"rotation":[0,0,-60],"uv":{"north":{"uv":[55,13],"uv_size":[1,0.5]},"south":{"uv":[55,14],"uv_size":[1,0.5]},"up":{"uv":[55,15],"uv_size":[1,0.5]}}},{"origin":[-0.9025,4.53625,3.135],"size":[0.6175,0.95,0.665],"uv":{"north":{"uv":[55,16],"uv_size":[0.5,1]},"south":{"uv":[55,17],"uv_size":[0.5,1]},"west":{"uv":[55,18],"uv_size":[0.5,1]},"up":{"uv":[56,26],"uv_size":[0.5,0.5]}}},{"origin":[-0.285,4.67875,3.135],"size":[0.57,0.475,0.665],"uv":{"north":{"uv":[27,56],"uv_size":[0.5,0.5]},"south":{"uv":[56,27],"uv_size":[0.5,0.5]},"up":{"uv":[28,56],"uv_size":[0.5,0.5]}}},{"origin":[-1.32996,4.53625,-5.7],"size":[0.475,0.285,0.475],"uv":{"north":{"uv":[56,28],"uv_size":[0.5,0.5]},"west":{"uv":[29,56],"uv_size":[0.5,0.5]},"up":{"uv":[56,29],"uv_size":[0.5,0.5]}}},{"origin":[0.85504,4.53625,-5.7],"size":[0.475,0.285,0.475],"uv":{"north":{"uv":[30,56],"uv_size":[0.5,0.5]},"east":{"uv":[56,30],"uv_size":[0.5,0.5]},"up":{"uv":[31,56],"uv_size":[0.5,0.5]}}},{"origin":[-1.32996,4.3225,-5.2345],"size":[2.66,0.59375,9.66625],"uv":{"north":{"uv":[44,52],"uv_size":[3,0.5]},"south":{"uv":[47,52],"uv_size":[3,0.5]},"up":{"uv":[21,0],"uv_size":[3,10]},"down":{"uv":[22,28],"uv_size":[3,-10]}}},{"origin":[-1.32996,4.58375,-19.475],"size":[2.66,0.3325,9.69],"uv":{"north":{"uv":[50,52],"uv_size":[3,0.5]},"south":{"uv":[52,51],"uv_size":[3,0.5]},"up":{"uv":[24,0],"uv_size":[3,10]}}},{"origin":[1.19092,2.44288,-19.47975],"size":[0.475,2.1375,23.91625],"uv":{"north":{"uv":[25,54],"uv_size":[0.5,2]},"east":{"uv":[5,14],"uv_size":[25,2]},"south":{"uv":[26,54],"uv_size":[0.5,2]},"west":{"uv":[5,16],"uv_size":[25,2]},"down":{"uv":[21,57],"uv_size":[0.5,-25]}}},{"origin":[0.88217,2.46663,3.96625],"size":[0.285,0.456,0.475],"uv":{"east":{"uv":[32,56],"uv_size":[0.5,0.5]},"south":{"uv":[56,32],"uv_size":[0.5,0.5]},"west":{"uv":[33,56],"uv_size":[0.5,0.5]},"down":{"uv":[34,56.5],"uv_size":[0.5,-0.5]}}},{"origin":[-1.16983,2.92263,3.96625],"size":[2.337,1.0241,0.475],"uv":{"east":{"uv":[55,19],"uv_size":[0.5,1]},"south":{"uv":[49,32],"uv_size":[2.5,1]},"west":{"uv":[55,20],"uv_size":[0.5,1]},"down":{"uv":[53,36.5],"uv_size":[2.5,-0.5]}}},{"origin":[-1.16033,3.68263,4.34625],"size":[2.318,0.095,0.095],"pivot":[1.16717,3.77763,4.44125],"rotation":[45,0,0],"uv":{"east":{"uv":[56,34],"uv_size":[0.5,0.5]},"south":{"uv":[53,38],"uv_size":[2.5,0.5]},"west":{"uv":[35,56],"uv_size":[0.5,0.5]},"down":{"uv":[40,53.5],"uv_size":[2.5,-0.5]}}},{"origin":[-1.16033,3.51638,4.34625],"size":[2.318,0.095,0.095],"pivot":[1.16717,3.61138,4.44125],"rotation":[45,0,0],"uv":{"east":{"uv":[56,35],"uv_size":[0.5,0.5]},"south":{"uv":[53,41],"uv_size":[2.5,0.5]},"west":{"uv":[36,56],"uv_size":[0.5,0.5]},"down":{"uv":[44,53.5],"uv_size":[2.5,-0.5]}}},{"origin":[-1.16033,3.35013,4.34625],"size":[2.318,0.095,0.095],"pivot":[1.16717,3.44513,4.44125],"rotation":[45,0,0],"uv":{"east":{"uv":[56,36],"uv_size":[0.5,0.5]},"south":{"uv":[47,53],"uv_size":[2.5,0.5]},"west":{"uv":[37,56],"uv_size":[0.5,0.5]},"down":{"uv":[53,52.5],"uv_size":[2.5,-0.5]}}},{"origin":[-1.16033,3.18388,4.34625],"size":[2.318,0.095,0.095],"pivot":[1.16717,3.27888,4.44125],"rotation":[45,0,0],"uv":{"east":{"uv":[56,37],"uv_size":[0.5,0.5]},"south":{"uv":[0,54],"uv_size":[2.5,0.5]},"west":{"uv":[38,56],"uv_size":[0.5,0.5]},"down":{"uv":[3,54.5],"uv_size":[2.5,-0.5]}}},{"origin":[-1.16033,3.01763,4.34625],"size":[2.318,0.095,0.095],"pivot":[1.16717,3.11263,4.44125],"rotation":[45,0,0],"uv":{"east":{"uv":[56,38],"uv_size":[0.5,0.5]},"south":{"uv":[54,8],"uv_size":[2.5,0.5]},"west":{"uv":[39,56],"uv_size":[0.5,0.5]},"down":{"uv":[10,54.5],"uv_size":[2.5,-0.5]}}},{"origin":[-0.83385,3.94383,3.96625],"size":[1.66515,0.33593,0.475],"uv":{"south":{"uv":[54,27],"uv_size":[2,0.5]},"up":{"uv":[54,28],"uv_size":[2,0.5]}}},{"origin":[0.69217,3.94388,3.96625],"size":[0.475,0.475,0.475],"pivot":[1.16717,3.94388,4.44125],"rotation":[0,0,-45],"uv":{"south":{"uv":[56,41],"uv_size":[0.5,0.5]},"west":{"uv":[42,56],"uv_size":[0.5,0.5]}}},{"origin":[-0.97308,3.94388,3.96625],"size":[0.475,0.475,0.475],"pivot":[-0.49808,3.94388,4.44125],"rotation":[0,0,-45],"uv":{"south":{"uv":[56,44],"uv_size":[0.5,0.5]},"up":{"uv":[56,45],"uv_size":[0.5,0.5]}}},{"origin":[-0.40983,2.46663,3.96625],"size":[0.095,0.456,0.475],"pivot":[-0.40983,2.92263,4.44125],"rotation":[0,0,-12.5],"uv":{"east":{"uv":[47,56],"uv_size":[0.5,0.5]},"south":{"uv":[56,47],"uv_size":[0.5,0.5]}}},{"origin":[-1.16983,2.46663,3.96625],"size":[0.342,0.456,0.475],"uv":{"east":{"uv":[50,56],"uv_size":[0.5,0.5]},"south":{"uv":[56,50],"uv_size":[0.5,0.5]},"west":{"uv":[51,56],"uv_size":[0.5,0.5]}}},{"origin":[-0.31483,2.46663,3.96625],"size":[0.722,0.456,0.475],"uv":{"east":{"uv":[56,52],"uv_size":[0.5,0.5]},"south":{"uv":[22,55],"uv_size":[1,0.5]},"west":{"uv":[53,56],"uv_size":[0.5,0.5]},"down":{"uv":[23,55.5],"uv_size":[1,-0.5]}}},{"origin":[1.38092,2.13413,-19.475],"size":[0.285,0.30875,23.91625],"uv":{"north":{"uv":[56,53],"uv_size":[0.5,0.5]},"east":{"uv":[30,17],"uv_size":[25,0.5]},"south":{"uv":[54,56],"uv_size":[0.5,0.5]},"west":{"uv":[31,12],"uv_size":[25,0.5]},"down":{"uv":[7,59],"uv_size":[0.5,-25]}}},{"origin":[1.20992,2.13413,-9.025],"size":[0.171,0.10925,13.46625],"uv":{"east":{"uv":[37,4],"uv_size":[14,0.5]},"south":{"uv":[55,56],"uv_size":[0.5,0.5]},"up":{"uv":[19,37],"uv_size":[0.5,14]}}},{"origin":[-1.38083,2.13413,-4.275],"size":[0.171,0.10925,8.71625],"uv":{"south":{"uv":[56,56],"uv_size":[0.5,0.5]},"west":{"uv":[44,44],"uv_size":[9,0.5]},"up":{"uv":[18,43],"uv_size":[0.5,9]}}},{"origin":[1.19092,2.13413,-19.475],"size":[0.19,0.30875,0.285],"uv":{"north":{"uv":[1,57],"uv_size":[0.5,0.5]},"down":{"uv":[57,3.5],"uv_size":[0.5,-0.5]}}},{"origin":[-1.66583,2.13413,-19.475],"size":[0.475,2.44625,9.69],"uv":{"north":{"uv":[13,53],"uv_size":[0.5,2.5]},"east":{"uv":[21,10],"uv_size":[10,2.5]},"south":{"uv":[14,54],"uv_size":[0.5,2.5]},"west":{"uv":[28,18],"uv_size":[10,2.5]},"down":{"uv":[17,53],"uv_size":[0.5,-10]}}},{"origin":[-1.19358,2.13413,-19.475],"size":[2.3845,2.451,0.475],"uv":{"north":{"uv":[36,40],"uv_size":[2.5,2.5]},"down":{"uv":[54,10.5],"uv_size":[2.5,-0.5]}}},{"origin":[-1.66583,2.13413,-5.7],"size":[0.285,0.30875,10.14125],"uv":{"east":{"uv":[42,39],"uv_size":[10.5,0.5]},"south":{"uv":[57,4],"uv_size":[0.5,0.5]},"west":{"uv":[42,40],"uv_size":[10.5,0.5]}}},{"origin":[-1.66583,2.44288,-5.7],"size":[0.475,2.1375,10.14125],"uv":{"north":{"uv":[31,54],"uv_size":[0.5,2]},"east":{"uv":[30,6],"uv_size":[10.5,2]},"south":{"uv":[33,54],"uv_size":[0.5,2]},"west":{"uv":[30,8],"uv_size":[10.5,2]},"down":{"uv":[5,52.5],"uv_size":[0.5,-10.5]}}},{"origin":[-1.73708,3.82038,-5.24875],"size":[0.475,0.57,0.95],"pivot":[-1.73708,4.29538,-4.29875],"rotation":[0,-4,0],"uv":{"east":{"uv":[24,55],"uv_size":[1,0.5]},"up":{"uv":[55,26],"uv_size":[0.5,1]},"down":{"uv":[27,56],"uv_size":[0.5,-1]}}},{"origin":[-1.73708,3.82038,-4.29875],"size":[0.475,0.57,0.285],"uv":{"east":{"uv":[8,57],"uv_size":[0.5,0.5]},"south":{"uv":[57,8],"uv_size":[0.5,0.5]},"up":{"uv":[10,57],"uv_size":[0.5,0.5]},"down":{"uv":[57,10.5],"uv_size":[0.5,-0.5]}}},{"origin":[-1.68958,3.82038,-5.72375],"size":[0.57,0.57,0.475],"pivot":[-1.59458,4.29538,-5.15375],"rotation":[0,2.5,0],"uv":{"north":{"uv":[11,57],"uv_size":[0.5,0.5]},"east":{"uv":[57,11],"uv_size":[0.5,0.5]},"south":{"uv":[12,57],"uv_size":[0.5,0.5]},"west":{"uv":[57,12],"uv_size":[0.5,0.5]},"up":{"uv":[13,57],"uv_size":[0.5,0.5]},"down":{"uv":[57,13.5],"uv_size":[0.5,-0.5]}}},{"origin":[-1.66583,2.13413,-9.785],"size":[0.475,1.0925,4.085],"uv":{"east":{"uv":[45,0],"uv_size":[4.5,1]},"west":{"uv":[45,1],"uv_size":[4.5,1]},"up":{"uv":[25,49],"uv_size":[0.5,4.5]}}},{"origin":[-1.66117,3.11638,-10.25315],"size":[0.475,0.95,1.425],"pivot":[-0.76337,3.11638,-10.25315],"rotation":[-30,0,0],"uv":{"east":{"uv":[40,52],"uv_size":[1.5,1]},"west":{"uv":[0,53],"uv_size":[1.5,1]},"up":{"uv":[38,54],"uv_size":[0.5,1.5]}}},{"origin":[-1.66117,3.21138,-6.02565],"size":[0.475,0.475,0.475],"pivot":[-0.76337,3.21138,-6.02565],"rotation":[-45,0,0],"uv":{"north":{"uv":[14,57],"uv_size":[0.5,0.5]},"east":{"uv":[57,14],"uv_size":[0.5,0.5]},"west":{"uv":[57,15],"uv_size":[0.5,0.5]}}},{"origin":[0.85504,4.3395,-19.48925],"size":[0.475,0.38,23.91625],"pivot":[1.33004,4.2445,-19.475],"rotation":[0,0,45],"uv":{"north":{"uv":[17,57],"uv_size":[0.5,0.5]},"east":{"uv":[34,5],"uv_size":[25,0.5]},"south":{"uv":[57,17],"uv_size":[0.5,0.5]},"up":{"uv":[9,34],"uv_size":[0.5,25]}}},{"origin":[0.62909,4.0708,4.13915],"size":[0.52725,0.285,0.285],"pivot":[1.06134,3.9758,4.15625],"rotation":[0,0,45],"uv":{"south":{"uv":[19,57],"uv_size":[0.5,0.5]},"down":{"uv":[57,20.5],"uv_size":[0.5,-0.5]}}},{"origin":[-1.80496,4.2445,-19.475],"size":[0.38,0.475,9.69],"pivot":[-1.32996,4.2445,-19.475],"rotation":[0,0,45],"uv":{"north":{"uv":[21,57],"uv_size":[0.5,0.5]},"east":{"uv":[44,11],"uv_size":[10,0.5]},"south":{"uv":[57,21],"uv_size":[0.5,0.5]}}},{"origin":[-0.95,1.045,-19.475],"size":[1.9,1.0925,0.475],"uv":{"north":{"uv":[29,50],"uv_size":[2,1]},"east":{"uv":[28,55],"uv_size":[0.5,1]},"west":{"uv":[29,55],"uv_size":[0.5,1]},"down":{"uv":[54,33.5],"uv_size":[2,-0.5]}}},{"origin":[-1.80496,4.2445,-5.7019],"size":[0.38,0.475,10.14125],"pivot":[-1.32996,4.2445,-19.48165],"rotation":[0,0,45],"uv":{"north":{"uv":[22,57],"uv_size":[0.5,0.5]},"east":{"uv":[42,41],"uv_size":[10.5,0.5]},"south":{"uv":[57,22],"uv_size":[0.5,0.5]}}},{"origin":[-1.16301,4.55255,3.78575],"size":[0.285,0.52725,0.64125],"pivot":[-1.73301,4.64755,-19.48165],"rotation":[0,0,45],"uv":{"south":{"uv":[24,57],"uv_size":[0.5,0.5]},"west":{"uv":[57,24],"uv_size":[0.5,0.5]}}}]},{"name":"s_scope","parent":"slide","pivot":[0,4.902,-0.665]},{"name":"mag","parent":"gun","pivot":[0,-11.22636,1.71],"cubes":[{"origin":[-1.1875,-11.97,1.0925],"size":[2.375,0.95,2.85],"pivot":[1.1875,-11.02,1.0925],"rotation":[21,0,0],"uv":{"east":{"uv":[48,15],"uv_size":[3,1]},"south":{"uv":[49,33],"uv_size":[2.5,1]},"west":{"uv":[48,22],"uv_size":[3,1]}}},{"origin":[-1.1875,-12.75838,-5.24129],"size":[2.375,13.3,4.275],"pivot":[1.1875,1.49162,-5.24129],"rotation":[21,0,0],"uv":{"north":{"uv":[16,18],"uv_size":[2.5,14]},"east":{"uv":[0,12],"uv_size":[4.5,14]},"south":{"uv":[19,18],"uv_size":[2.5,14]},"west":{"uv":[12,0],"uv_size":[4.5,14]}}},{"origin":[-1.1875,0.57874,-4.89979],"size":[2.375,1.558,3.99],"uv":{"north":{"uv":[38,45],"uv_size":[2.5,1.5]},"east":{"uv":[42,13],"uv_size":[4,1.5]},"west":{"uv":[42,18],"uv_size":[4,1.5]},"up":{"uv":[30,38],"uv_size":[2.5,4]}}},{"origin":[-1.6625,-12.35,-0.76],"size":[3.325,0.95,5.225],"pivot":[1.6625,-11.4,-0.76],"rotation":[7.5,0,0],"uv":{"north":{"uv":[41,46],"uv_size":[3.5,1]},"east":{"uv":[42,21],"uv_size":[5.5,1]},"south":{"uv":[46,43],"uv_size":[3.5,1]},"west":{"uv":[42,22],"uv_size":[5.5,1]},"up":{"uv":[30,27],"uv_size":[3.5,5.5]},"down":{"uv":[13,37.5],"uv_size":[3.5,-5.5]}}}]},{"name":"bullet","parent":"mag","pivot":[0,3.02364,-2.09],"cubes":[{"origin":[-0.665,2.26364,-3.61],"size":[0.95,0.95,2.375],"pivot":[-0.665,2.26364,-2.66],"rotation":[0,0,45],"uv":{"north":{"uv":[34,54],"uv_size":[1,1]},"east":{"uv":[49,35],"uv_size":[2.5,1]},"south":{"uv":[54,34],"uv_size":[1,1]},"west":{"uv":[36,49],"uv_size":[2.5,1]},"up":{"uv":[2,46],"uv_size":[1,2.5]},"down":{"uv":[14,49.5],"uv_size":[1,-2.5]}}},{"origin":[-0.57,2.28739,-4.56],"size":[0.855,0.855,0.95],"pivot":[-0.665,2.28739,-3.61],"rotation":[0,0,45],"uv":{"north":{"uv":[34,54],"uv_size":[1,1]},"east":{"uv":[49,35],"uv_size":[2.5,1]},"south":{"uv":[54,34],"uv_size":[1,1]},"west":{"uv":[36,49],"uv_size":[2.5,1]},"up":{"uv":[2,46],"uv_size":[1,2.5]},"down":{"uv":[14,49.5],"uv_size":[1,-2.5]}}}]},{"name":"s_muzzle","parent":"gun","pivot":[0,3.4675,-19.95]},{"name":"s_grip","parent":"gun","pivot":[0,0.095,-16.34]}]}]}